﻿<?xml version="1.0" encoding="utf-8"?>
<abapGit version="v1.0.0" serializer="LCL_OBJECT_SPRX" serializer_version="v1.0.0">
 <asx:abap xmlns:asx="http://www.sap.com/abapxml" version="1.0">
  <asx:values>
   <PROXY_HEADER>
    <item>
     <OBJECT>CLAS</OBJECT>
     <OBJ_NAME>ZDBS_YKBCO_ONLINE_DBSSOAP</OBJ_NAME>
     <OBJECT_M>CLAS</OBJECT_M>
     <OBJ_NAME_M>ZDBS_YKBCO_ONLINE_DBSSOAP</OBJ_NAME_M>
     <HASH_ID>769D3253279652DB21316EBD154FA0D9BD09A5C8</HASH_ID>
     <ID>&lt;portType&gt; OnlineDBSSoap http://YKB.OnlineDbs.Webservice/ http://YKB.OnlineDbs.Webservice/</ID>
     <IFR_GLOBAL>X</IFR_GLOBAL>
     <IFR_TYPE>portType</IFR_TYPE>
     <IFR_NAME>OnlineDBSSoap</IFR_NAME>
     <IFR_NSPCE>http://YKB.OnlineDbs.Webservice/</IFR_NSPCE>
     <IFR_GNSPCE>http://YKB.OnlineDbs.Webservice/</IFR_GNSPCE>
     <GEN_VERS>0006</GEN_VERS>
     <PREFIX>ZDBS_YKB</PREFIX>
     <CATEGORY>ifmmessif</CATEGORY>
     <DIRECTION>O</DIRECTION>
     <SYNCHRON>D</SYNCHRON>
     <GEN_APPL>WEBSERVICES</GEN_APPL>
     <X-ML_NSPCE>http://YKB.OnlineDbs.Webservice/</X-ML_NSPCE>
     <X-ML_NAME>OnlineDBSSoap</X-ML_NAME>
     <FURTHER_DATA>&lt;asx:abap xmlns:asx=&quot;http://www.sap.com/abapxml&quot; version=&quot;1.0&quot;&gt;&lt;asx:values&gt;&lt;DATA&gt;&lt;SOAP_APPL&gt;urn:sap-com:soap:application:esr:client:710&lt;/SOAP_APPL&gt;&lt;/DATA&gt;&lt;/asx:values&gt;&lt;/asx:abap&gt;</FURTHER_DATA>
    </item>
   </PROXY_HEADER>
   <PROXY_DATA>
    <item>
     <OBJECT>CLAS</OBJECT>
     <OBJ_NAME>ZDBS_YKBCO_ONLINE_DBSSOAP</OBJ_NAME>
     <OBJECT1>CLAS</OBJECT1>
     <OBJ_NAME1>ZDBS_YKBCO_ONLINE_DBSSOAP</OBJ_NAME1>
     <OBJECT2>CLAS</OBJECT2>
     <OBJ_NAME2>ZDBS_YKBCO_ONLINE_DBSSOAP</OBJ_NAME2>
     <ID>&lt;portType&gt; OnlineDBSSoap http://YKB.OnlineDbs.Webservice/ http://YKB.OnlineDbs.Webservice/</ID>
     <IFR_TYPE>portType</IFR_TYPE>
     <IFR_NAME>OnlineDBSSoap</IFR_NAME>
     <IFR_SCALE>-2</IFR_SCALE>
     <R3_TYPE>CLAS</R3_TYPE>
     <R3_NAME>ZDBS_YKBCO_ONLINE_DBSSOAP</R3_NAME>
     <R3_TEXT>Proxy Class (generated)</R3_TEXT>
     <CATEGORY>ifmmessif</CATEGORY>
     <DIRECTION>O</DIRECTION>
     <SYNCHRON>D</SYNCHRON>
    </item>
    <item>
     <OBJECT>CLAS</OBJECT>
     <OBJ_NAME>ZDBS_YKBCO_ONLINE_DBSSOAP</OBJ_NAME>
     <OBJECT1>METH</OBJECT1>
     <OBJ_NAME1>FATURA_BILGISI</OBJ_NAME1>
     <OBJECT2>METH</OBJECT2>
     <OBJ_NAME2>FATURA_BILGISI</OBJ_NAME2>
     <ID>&lt;operation&gt; Fatura_Bilgisi &lt;portType&gt; OnlineDBSSoap http://YKB.OnlineDbs.Webservice/ http://YKB.OnlineDbs.Webservice/</ID>
     <IFR_TYPE>operation</IFR_TYPE>
     <IFR_NAME>Fatura_Bilgisi</IFR_NAME>
     <IFR_TEXT>Fatura Bilgi</IFR_TEXT>
     <IFR_SCALE>-2</IFR_SCALE>
     <R3_TYPE>METH</R3_TYPE>
     <R3_NAME>FATURA_BILGISI</R3_NAME>
     <R3_TEXT>Fatura Bilgi</R3_TEXT>
     <R3_SEQNUM>000001</R3_SEQNUM>
     <DIRECTION>O</DIRECTION>
     <SYNCHRON>X</SYNCHRON>
    </item>
    <item>
     <OBJECT>CLAS</OBJECT>
     <OBJ_NAME>ZDBS_YKBCO_ONLINE_DBSSOAP</OBJ_NAME>
     <OBJECT1>METH</OBJECT1>
     <OBJ_NAME1>FATURA_BILGISI</OBJ_NAME1>
     <OBJECT2>PAEX</OBJECT2>
     <OBJ_NAME2>OUTPUT</OBJ_NAME2>
     <OBJECT_R>TABL</OBJECT_R>
     <OBJ_NAME_R>ZDBS_YKBFATURA_BILGISI_SOAP_OU</OBJ_NAME_R>
     <ID>&lt;output&gt; output &lt;operation&gt; Fatura_Bilgisi &lt;portType&gt; OnlineDBSSoap http://YKB.OnlineDbs.Webservice/ http://YKB.OnlineDbs.Webservice/</ID>
     <IFR_TYPE>PartInput</IFR_TYPE>
     <IFR_NAME>output</IFR_NAME>
     <IFR_SCALE>-2</IFR_SCALE>
     <R3_TYPE>PAEX</R3_TYPE>
     <R3_NAME>OUTPUT</R3_NAME>
     <R3_SEQNUM>000002</R3_SEQNUM>
    </item>
    <item>
     <OBJECT>CLAS</OBJECT>
     <OBJ_NAME>ZDBS_YKBCO_ONLINE_DBSSOAP</OBJ_NAME>
     <OBJECT1>METH</OBJECT1>
     <OBJ_NAME1>FATURA_BILGISI</OBJ_NAME1>
     <OBJECT2>PAIM</OBJECT2>
     <OBJ_NAME2>INPUT</OBJ_NAME2>
     <OBJECT_R>TABL</OBJECT_R>
     <OBJ_NAME_R>ZDBS_YKBFATURA_BILGISI_SOAP_IN</OBJ_NAME_R>
     <ID>&lt;input&gt; input &lt;operation&gt; Fatura_Bilgisi &lt;portType&gt; OnlineDBSSoap http://YKB.OnlineDbs.Webservice/ http://YKB.OnlineDbs.Webservice/</ID>
     <IFR_TYPE>PartOutput</IFR_TYPE>
     <IFR_NAME>input</IFR_NAME>
     <IFR_SCALE>-2</IFR_SCALE>
     <R3_TYPE>PAIM</R3_TYPE>
     <R3_NAME>INPUT</R3_NAME>
     <R3_SEQNUM>000001</R3_SEQNUM>
    </item>
    <item>
     <OBJECT>CLAS</OBJECT>
     <OBJ_NAME>ZDBS_YKBCO_ONLINE_DBSSOAP</OBJ_NAME>
     <OBJECT1>METH</OBJECT1>
     <OBJ_NAME1>FATURA_GUNCELLEME</OBJ_NAME1>
     <OBJECT2>METH</OBJECT2>
     <OBJ_NAME2>FATURA_GUNCELLEME</OBJ_NAME2>
     <ID>&lt;operation&gt; Fatura_Guncelleme &lt;portType&gt; OnlineDBSSoap http://YKB.OnlineDbs.Webservice/ http://YKB.OnlineDbs.Webservice/</ID>
     <IFR_TYPE>operation</IFR_TYPE>
     <IFR_NAME>Fatura_Guncelleme</IFR_NAME>
     <IFR_TEXT>Fatura Guncelleme</IFR_TEXT>
     <IFR_SCALE>-2</IFR_SCALE>
     <R3_TYPE>METH</R3_TYPE>
     <R3_NAME>FATURA_GUNCELLEME</R3_NAME>
     <R3_TEXT>Fatura Guncelleme</R3_TEXT>
     <R3_SEQNUM>000009</R3_SEQNUM>
     <DIRECTION>O</DIRECTION>
     <SYNCHRON>X</SYNCHRON>
    </item>
    <item>
     <OBJECT>CLAS</OBJECT>
     <OBJ_NAME>ZDBS_YKBCO_ONLINE_DBSSOAP</OBJ_NAME>
     <OBJECT1>METH</OBJECT1>
     <OBJ_NAME1>FATURA_GUNCELLEME</OBJ_NAME1>
     <OBJECT2>PAEX</OBJECT2>
     <OBJ_NAME2>OUTPUT</OBJ_NAME2>
     <OBJECT_R>TABL</OBJECT_R>
     <OBJ_NAME_R>ZDBS_YKBFATURA_GUNCELLEME_SOAP</OBJ_NAME_R>
     <ID>&lt;output&gt; output &lt;operation&gt; Fatura_Guncelleme &lt;portType&gt; OnlineDBSSoap http://YKB.OnlineDbs.Webservice/ http://YKB.OnlineDbs.Webservice/</ID>
     <IFR_TYPE>PartInput</IFR_TYPE>
     <IFR_NAME>output</IFR_NAME>
     <IFR_SCALE>-2</IFR_SCALE>
     <R3_TYPE>PAEX</R3_TYPE>
     <R3_NAME>OUTPUT</R3_NAME>
     <R3_SEQNUM>000002</R3_SEQNUM>
    </item>
    <item>
     <OBJECT>CLAS</OBJECT>
     <OBJ_NAME>ZDBS_YKBCO_ONLINE_DBSSOAP</OBJ_NAME>
     <OBJECT1>METH</OBJECT1>
     <OBJ_NAME1>FATURA_GUNCELLEME</OBJ_NAME1>
     <OBJECT2>PAIM</OBJECT2>
     <OBJ_NAME2>INPUT</OBJ_NAME2>
     <OBJECT_R>TABL</OBJECT_R>
     <OBJ_NAME_R>ZDBS_YKBFATURA_GUNCELLEME_SOA1</OBJ_NAME_R>
     <ID>&lt;input&gt; input &lt;operation&gt; Fatura_Guncelleme &lt;portType&gt; OnlineDBSSoap http://YKB.OnlineDbs.Webservice/ http://YKB.OnlineDbs.Webservice/</ID>
     <IFR_TYPE>PartOutput</IFR_TYPE>
     <IFR_NAME>input</IFR_NAME>
     <IFR_SCALE>-2</IFR_SCALE>
     <R3_TYPE>PAIM</R3_TYPE>
     <R3_NAME>INPUT</R3_NAME>
     <R3_SEQNUM>000001</R3_SEQNUM>
    </item>
    <item>
     <OBJECT>CLAS</OBJECT>
     <OBJ_NAME>ZDBS_YKBCO_ONLINE_DBSSOAP</OBJ_NAME>
     <OBJECT1>METH</OBJECT1>
     <OBJ_NAME1>FATURA_SORGU</OBJ_NAME1>
     <OBJECT2>METH</OBJECT2>
     <OBJ_NAME2>FATURA_SORGU</OBJ_NAME2>
     <ID>&lt;operation&gt; Fatura_Sorgu &lt;portType&gt; OnlineDBSSoap http://YKB.OnlineDbs.Webservice/ http://YKB.OnlineDbs.Webservice/</ID>
     <IFR_TYPE>operation</IFR_TYPE>
     <IFR_NAME>Fatura_Sorgu</IFR_NAME>
     <IFR_TEXT>Fatura Sorgu</IFR_TEXT>
     <IFR_SCALE>-2</IFR_SCALE>
     <R3_TYPE>METH</R3_TYPE>
     <R3_NAME>FATURA_SORGU</R3_NAME>
     <R3_TEXT>Fatura Sorgu</R3_TEXT>
     <R3_SEQNUM>000002</R3_SEQNUM>
     <DIRECTION>O</DIRECTION>
     <SYNCHRON>X</SYNCHRON>
    </item>
    <item>
     <OBJECT>CLAS</OBJECT>
     <OBJ_NAME>ZDBS_YKBCO_ONLINE_DBSSOAP</OBJ_NAME>
     <OBJECT1>METH</OBJECT1>
     <OBJ_NAME1>FATURA_SORGU</OBJ_NAME1>
     <OBJECT2>PAEX</OBJECT2>
     <OBJ_NAME2>OUTPUT</OBJ_NAME2>
     <OBJECT_R>TABL</OBJECT_R>
     <OBJ_NAME_R>ZDBS_YKBFATURA_SORGU_SOAP_OUT</OBJ_NAME_R>
     <ID>&lt;output&gt; output &lt;operation&gt; Fatura_Sorgu &lt;portType&gt; OnlineDBSSoap http://YKB.OnlineDbs.Webservice/ http://YKB.OnlineDbs.Webservice/</ID>
     <IFR_TYPE>PartInput</IFR_TYPE>
     <IFR_NAME>output</IFR_NAME>
     <IFR_SCALE>-2</IFR_SCALE>
     <R3_TYPE>PAEX</R3_TYPE>
     <R3_NAME>OUTPUT</R3_NAME>
     <R3_SEQNUM>000002</R3_SEQNUM>
    </item>
    <item>
     <OBJECT>CLAS</OBJECT>
     <OBJ_NAME>ZDBS_YKBCO_ONLINE_DBSSOAP</OBJ_NAME>
     <OBJECT1>METH</OBJECT1>
     <OBJ_NAME1>FATURA_SORGU</OBJ_NAME1>
     <OBJECT2>PAIM</OBJECT2>
     <OBJ_NAME2>INPUT</OBJ_NAME2>
     <OBJECT_R>TABL</OBJECT_R>
     <OBJ_NAME_R>ZDBS_YKBFATURA_SORGU_SOAP_IN</OBJ_NAME_R>
     <ID>&lt;input&gt; input &lt;operation&gt; Fatura_Sorgu &lt;portType&gt; OnlineDBSSoap http://YKB.OnlineDbs.Webservice/ http://YKB.OnlineDbs.Webservice/</ID>
     <IFR_TYPE>PartOutput</IFR_TYPE>
     <IFR_NAME>input</IFR_NAME>
     <IFR_SCALE>-2</IFR_SCALE>
     <R3_TYPE>PAIM</R3_TYPE>
     <R3_NAME>INPUT</R3_NAME>
     <R3_SEQNUM>000001</R3_SEQNUM>
    </item>
    <item>
     <OBJECT>CLAS</OBJECT>
     <OBJ_NAME>ZDBS_YKBCO_ONLINE_DBSSOAP</OBJ_NAME>
     <OBJECT1>METH</OBJECT1>
     <OBJ_NAME1>GENEL_LIMIT_SORGU</OBJ_NAME1>
     <OBJECT2>METH</OBJECT2>
     <OBJ_NAME2>GENEL_LIMIT_SORGU</OBJ_NAME2>
     <ID>&lt;operation&gt; Genel_Limit_Sorgu &lt;portType&gt; OnlineDBSSoap http://YKB.OnlineDbs.Webservice/ http://YKB.OnlineDbs.Webservice/</ID>
     <IFR_TYPE>operation</IFR_TYPE>
     <IFR_NAME>Genel_Limit_Sorgu</IFR_NAME>
     <IFR_TEXT>Genel Limit Sorgu</IFR_TEXT>
     <IFR_SCALE>-2</IFR_SCALE>
     <R3_TYPE>METH</R3_TYPE>
     <R3_NAME>GENEL_LIMIT_SORGU</R3_NAME>
     <R3_TEXT>Genel Limit Sorgu</R3_TEXT>
     <R3_SEQNUM>000004</R3_SEQNUM>
     <DIRECTION>O</DIRECTION>
     <SYNCHRON>X</SYNCHRON>
    </item>
    <item>
     <OBJECT>CLAS</OBJECT>
     <OBJ_NAME>ZDBS_YKBCO_ONLINE_DBSSOAP</OBJ_NAME>
     <OBJECT1>METH</OBJECT1>
     <OBJ_NAME1>GENEL_LIMIT_SORGU</OBJ_NAME1>
     <OBJECT2>PAEX</OBJECT2>
     <OBJ_NAME2>OUTPUT</OBJ_NAME2>
     <OBJECT_R>TABL</OBJECT_R>
     <OBJ_NAME_R>ZDBS_YKBGENEL_LIMIT_SORGU_SOAP</OBJ_NAME_R>
     <ID>&lt;output&gt; output &lt;operation&gt; Genel_Limit_Sorgu &lt;portType&gt; OnlineDBSSoap http://YKB.OnlineDbs.Webservice/ http://YKB.OnlineDbs.Webservice/</ID>
     <IFR_TYPE>PartInput</IFR_TYPE>
     <IFR_NAME>output</IFR_NAME>
     <IFR_SCALE>-2</IFR_SCALE>
     <R3_TYPE>PAEX</R3_TYPE>
     <R3_NAME>OUTPUT</R3_NAME>
     <R3_SEQNUM>000002</R3_SEQNUM>
    </item>
    <item>
     <OBJECT>CLAS</OBJECT>
     <OBJ_NAME>ZDBS_YKBCO_ONLINE_DBSSOAP</OBJ_NAME>
     <OBJECT1>METH</OBJECT1>
     <OBJ_NAME1>GENEL_LIMIT_SORGU</OBJ_NAME1>
     <OBJECT2>PAIM</OBJECT2>
     <OBJ_NAME2>INPUT</OBJ_NAME2>
     <OBJECT_R>TABL</OBJECT_R>
     <OBJ_NAME_R>ZDBS_YKBGENEL_LIMIT_SORGU_SOA1</OBJ_NAME_R>
     <ID>&lt;input&gt; input &lt;operation&gt; Genel_Limit_Sorgu &lt;portType&gt; OnlineDBSSoap http://YKB.OnlineDbs.Webservice/ http://YKB.OnlineDbs.Webservice/</ID>
     <IFR_TYPE>PartOutput</IFR_TYPE>
     <IFR_NAME>input</IFR_NAME>
     <IFR_SCALE>-2</IFR_SCALE>
     <R3_TYPE>PAIM</R3_TYPE>
     <R3_NAME>INPUT</R3_NAME>
     <R3_SEQNUM>000001</R3_SEQNUM>
    </item>
    <item>
     <OBJECT>CLAS</OBJECT>
     <OBJ_NAME>ZDBS_YKBCO_ONLINE_DBSSOAP</OBJ_NAME>
     <OBJECT1>METH</OBJECT1>
     <OBJ_NAME1>LIMIT_SORGU</OBJ_NAME1>
     <OBJECT2>METH</OBJECT2>
     <OBJ_NAME2>LIMIT_SORGU</OBJ_NAME2>
     <ID>&lt;operation&gt; Limit_Sorgu &lt;portType&gt; OnlineDBSSoap http://YKB.OnlineDbs.Webservice/ http://YKB.OnlineDbs.Webservice/</ID>
     <IFR_TYPE>operation</IFR_TYPE>
     <IFR_NAME>Limit_Sorgu</IFR_NAME>
     <IFR_TEXT>Limit Sorgu</IFR_TEXT>
     <IFR_SCALE>-2</IFR_SCALE>
     <R3_TYPE>METH</R3_TYPE>
     <R3_NAME>LIMIT_SORGU</R3_NAME>
     <R3_TEXT>Limit Sorgu</R3_TEXT>
     <R3_SEQNUM>000003</R3_SEQNUM>
     <DIRECTION>O</DIRECTION>
     <SYNCHRON>X</SYNCHRON>
    </item>
    <item>
     <OBJECT>CLAS</OBJECT>
     <OBJ_NAME>ZDBS_YKBCO_ONLINE_DBSSOAP</OBJ_NAME>
     <OBJECT1>METH</OBJECT1>
     <OBJ_NAME1>LIMIT_SORGU</OBJ_NAME1>
     <OBJECT2>PAEX</OBJECT2>
     <OBJ_NAME2>OUTPUT</OBJ_NAME2>
     <OBJECT_R>TABL</OBJECT_R>
     <OBJ_NAME_R>ZDBS_YKBLIMIT_SORGU_SOAP_OUT</OBJ_NAME_R>
     <ID>&lt;output&gt; output &lt;operation&gt; Limit_Sorgu &lt;portType&gt; OnlineDBSSoap http://YKB.OnlineDbs.Webservice/ http://YKB.OnlineDbs.Webservice/</ID>
     <IFR_TYPE>PartInput</IFR_TYPE>
     <IFR_NAME>output</IFR_NAME>
     <IFR_SCALE>-2</IFR_SCALE>
     <R3_TYPE>PAEX</R3_TYPE>
     <R3_NAME>OUTPUT</R3_NAME>
     <R3_SEQNUM>000002</R3_SEQNUM>
    </item>
    <item>
     <OBJECT>CLAS</OBJECT>
     <OBJ_NAME>ZDBS_YKBCO_ONLINE_DBSSOAP</OBJ_NAME>
     <OBJECT1>METH</OBJECT1>
     <OBJ_NAME1>LIMIT_SORGU</OBJ_NAME1>
     <OBJECT2>PAIM</OBJECT2>
     <OBJ_NAME2>INPUT</OBJ_NAME2>
     <OBJECT_R>TABL</OBJECT_R>
     <OBJ_NAME_R>ZDBS_YKBLIMIT_SORGU_SOAP_IN</OBJ_NAME_R>
     <ID>&lt;input&gt; input &lt;operation&gt; Limit_Sorgu &lt;portType&gt; OnlineDBSSoap http://YKB.OnlineDbs.Webservice/ http://YKB.OnlineDbs.Webservice/</ID>
     <IFR_TYPE>PartOutput</IFR_TYPE>
     <IFR_NAME>input</IFR_NAME>
     <IFR_SCALE>-2</IFR_SCALE>
     <R3_TYPE>PAIM</R3_TYPE>
     <R3_NAME>INPUT</R3_NAME>
     <R3_SEQNUM>000001</R3_SEQNUM>
    </item>
    <item>
     <OBJECT>CLAS</OBJECT>
     <OBJ_NAME>ZDBS_YKBCO_ONLINE_DBSSOAP</OBJ_NAME>
     <OBJECT1>METH</OBJECT1>
     <OBJ_NAME1>PESIN_IPTAL</OBJ_NAME1>
     <OBJECT2>METH</OBJECT2>
     <OBJ_NAME2>PESIN_IPTAL</OBJ_NAME2>
     <ID>&lt;operation&gt; Pesin_Iptal &lt;portType&gt; OnlineDBSSoap http://YKB.OnlineDbs.Webservice/ http://YKB.OnlineDbs.Webservice/</ID>
     <IFR_TYPE>operation</IFR_TYPE>
     <IFR_NAME>Pesin_Iptal</IFR_NAME>
     <IFR_TEXT>Pesin Fatura Iptal</IFR_TEXT>
     <IFR_SCALE>-2</IFR_SCALE>
     <R3_TYPE>METH</R3_TYPE>
     <R3_NAME>PESIN_IPTAL</R3_NAME>
     <R3_TEXT>Pesin Fatura Iptal</R3_TEXT>
     <R3_SEQNUM>000006</R3_SEQNUM>
     <DIRECTION>O</DIRECTION>
     <SYNCHRON>X</SYNCHRON>
    </item>
    <item>
     <OBJECT>CLAS</OBJECT>
     <OBJ_NAME>ZDBS_YKBCO_ONLINE_DBSSOAP</OBJ_NAME>
     <OBJECT1>METH</OBJECT1>
     <OBJ_NAME1>PESIN_IPTAL</OBJ_NAME1>
     <OBJECT2>PAEX</OBJECT2>
     <OBJ_NAME2>OUTPUT</OBJ_NAME2>
     <OBJECT_R>TABL</OBJECT_R>
     <OBJ_NAME_R>ZDBS_YKBPESIN_IPTAL_SOAP_OUT</OBJ_NAME_R>
     <ID>&lt;output&gt; output &lt;operation&gt; Pesin_Iptal &lt;portType&gt; OnlineDBSSoap http://YKB.OnlineDbs.Webservice/ http://YKB.OnlineDbs.Webservice/</ID>
     <IFR_TYPE>PartInput</IFR_TYPE>
     <IFR_NAME>output</IFR_NAME>
     <IFR_SCALE>-2</IFR_SCALE>
     <R3_TYPE>PAEX</R3_TYPE>
     <R3_NAME>OUTPUT</R3_NAME>
     <R3_SEQNUM>000002</R3_SEQNUM>
    </item>
    <item>
     <OBJECT>CLAS</OBJECT>
     <OBJ_NAME>ZDBS_YKBCO_ONLINE_DBSSOAP</OBJ_NAME>
     <OBJECT1>METH</OBJECT1>
     <OBJ_NAME1>PESIN_IPTAL</OBJ_NAME1>
     <OBJECT2>PAIM</OBJECT2>
     <OBJ_NAME2>INPUT</OBJ_NAME2>
     <OBJECT_R>TABL</OBJECT_R>
     <OBJ_NAME_R>ZDBS_YKBPESIN_IPTAL_SOAP_IN</OBJ_NAME_R>
     <ID>&lt;input&gt; input &lt;operation&gt; Pesin_Iptal &lt;portType&gt; OnlineDBSSoap http://YKB.OnlineDbs.Webservice/ http://YKB.OnlineDbs.Webservice/</ID>
     <IFR_TYPE>PartOutput</IFR_TYPE>
     <IFR_NAME>input</IFR_NAME>
     <IFR_SCALE>-2</IFR_SCALE>
     <R3_TYPE>PAIM</R3_TYPE>
     <R3_NAME>INPUT</R3_NAME>
     <R3_SEQNUM>000001</R3_SEQNUM>
    </item>
    <item>
     <OBJECT>CLAS</OBJECT>
     <OBJ_NAME>ZDBS_YKBCO_ONLINE_DBSSOAP</OBJ_NAME>
     <OBJECT1>METH</OBJECT1>
     <OBJ_NAME1>PESIN_ODEME</OBJ_NAME1>
     <OBJECT2>METH</OBJECT2>
     <OBJ_NAME2>PESIN_ODEME</OBJ_NAME2>
     <ID>&lt;operation&gt; Pesin_Odeme &lt;portType&gt; OnlineDBSSoap http://YKB.OnlineDbs.Webservice/ http://YKB.OnlineDbs.Webservice/</ID>
     <IFR_TYPE>operation</IFR_TYPE>
     <IFR_NAME>Pesin_Odeme</IFR_NAME>
     <IFR_TEXT>Pesin Fatura Odeme</IFR_TEXT>
     <IFR_SCALE>-2</IFR_SCALE>
     <R3_TYPE>METH</R3_TYPE>
     <R3_NAME>PESIN_ODEME</R3_NAME>
     <R3_TEXT>Pesin Fatura Odeme</R3_TEXT>
     <R3_SEQNUM>000005</R3_SEQNUM>
     <DIRECTION>O</DIRECTION>
     <SYNCHRON>X</SYNCHRON>
    </item>
    <item>
     <OBJECT>CLAS</OBJECT>
     <OBJ_NAME>ZDBS_YKBCO_ONLINE_DBSSOAP</OBJ_NAME>
     <OBJECT1>METH</OBJECT1>
     <OBJ_NAME1>PESIN_ODEME</OBJ_NAME1>
     <OBJECT2>PAEX</OBJECT2>
     <OBJ_NAME2>OUTPUT</OBJ_NAME2>
     <OBJECT_R>TABL</OBJECT_R>
     <OBJ_NAME_R>ZDBS_YKBPESIN_ODEME_SOAP_OUT</OBJ_NAME_R>
     <ID>&lt;output&gt; output &lt;operation&gt; Pesin_Odeme &lt;portType&gt; OnlineDBSSoap http://YKB.OnlineDbs.Webservice/ http://YKB.OnlineDbs.Webservice/</ID>
     <IFR_TYPE>PartInput</IFR_TYPE>
     <IFR_NAME>output</IFR_NAME>
     <IFR_SCALE>-2</IFR_SCALE>
     <R3_TYPE>PAEX</R3_TYPE>
     <R3_NAME>OUTPUT</R3_NAME>
     <R3_SEQNUM>000002</R3_SEQNUM>
    </item>
    <item>
     <OBJECT>CLAS</OBJECT>
     <OBJ_NAME>ZDBS_YKBCO_ONLINE_DBSSOAP</OBJ_NAME>
     <OBJECT1>METH</OBJECT1>
     <OBJ_NAME1>PESIN_ODEME</OBJ_NAME1>
     <OBJECT2>PAIM</OBJECT2>
     <OBJ_NAME2>INPUT</OBJ_NAME2>
     <OBJECT_R>TABL</OBJECT_R>
     <OBJ_NAME_R>ZDBS_YKBPESIN_ODEME_SOAP_IN</OBJ_NAME_R>
     <ID>&lt;input&gt; input &lt;operation&gt; Pesin_Odeme &lt;portType&gt; OnlineDBSSoap http://YKB.OnlineDbs.Webservice/ http://YKB.OnlineDbs.Webservice/</ID>
     <IFR_TYPE>PartOutput</IFR_TYPE>
     <IFR_NAME>input</IFR_NAME>
     <IFR_SCALE>-2</IFR_SCALE>
     <R3_TYPE>PAIM</R3_TYPE>
     <R3_NAME>INPUT</R3_NAME>
     <R3_SEQNUM>000001</R3_SEQNUM>
    </item>
    <item>
     <OBJECT>CLAS</OBJECT>
     <OBJ_NAME>ZDBS_YKBCO_ONLINE_DBSSOAP</OBJ_NAME>
     <OBJECT1>METH</OBJECT1>
     <OBJ_NAME1>TAKSIT_IPTAL</OBJ_NAME1>
     <OBJECT2>METH</OBJECT2>
     <OBJ_NAME2>TAKSIT_IPTAL</OBJ_NAME2>
     <ID>&lt;operation&gt; Taksit_Iptal &lt;portType&gt; OnlineDBSSoap http://YKB.OnlineDbs.Webservice/ http://YKB.OnlineDbs.Webservice/</ID>
     <IFR_TYPE>operation</IFR_TYPE>
     <IFR_NAME>Taksit_Iptal</IFR_NAME>
     <IFR_TEXT>Taksitli Fatura Iptal</IFR_TEXT>
     <IFR_SCALE>-2</IFR_SCALE>
     <R3_TYPE>METH</R3_TYPE>
     <R3_NAME>TAKSIT_IPTAL</R3_NAME>
     <R3_TEXT>Taksitli Fatura Iptal</R3_TEXT>
     <R3_SEQNUM>000008</R3_SEQNUM>
     <DIRECTION>O</DIRECTION>
     <SYNCHRON>X</SYNCHRON>
    </item>
    <item>
     <OBJECT>CLAS</OBJECT>
     <OBJ_NAME>ZDBS_YKBCO_ONLINE_DBSSOAP</OBJ_NAME>
     <OBJECT1>METH</OBJECT1>
     <OBJ_NAME1>TAKSIT_IPTAL</OBJ_NAME1>
     <OBJECT2>PAEX</OBJECT2>
     <OBJ_NAME2>OUTPUT</OBJ_NAME2>
     <OBJECT_R>TABL</OBJECT_R>
     <OBJ_NAME_R>ZDBS_YKBTAKSIT_IPTAL_SOAP_OUT</OBJ_NAME_R>
     <ID>&lt;output&gt; output &lt;operation&gt; Taksit_Iptal &lt;portType&gt; OnlineDBSSoap http://YKB.OnlineDbs.Webservice/ http://YKB.OnlineDbs.Webservice/</ID>
     <IFR_TYPE>PartInput</IFR_TYPE>
     <IFR_NAME>output</IFR_NAME>
     <IFR_SCALE>-2</IFR_SCALE>
     <R3_TYPE>PAEX</R3_TYPE>
     <R3_NAME>OUTPUT</R3_NAME>
     <R3_SEQNUM>000002</R3_SEQNUM>
    </item>
    <item>
     <OBJECT>CLAS</OBJECT>
     <OBJ_NAME>ZDBS_YKBCO_ONLINE_DBSSOAP</OBJ_NAME>
     <OBJECT1>METH</OBJECT1>
     <OBJ_NAME1>TAKSIT_IPTAL</OBJ_NAME1>
     <OBJECT2>PAIM</OBJECT2>
     <OBJ_NAME2>INPUT</OBJ_NAME2>
     <OBJECT_R>TABL</OBJECT_R>
     <OBJ_NAME_R>ZDBS_YKBTAKSIT_IPTAL_SOAP_IN</OBJ_NAME_R>
     <ID>&lt;input&gt; input &lt;operation&gt; Taksit_Iptal &lt;portType&gt; OnlineDBSSoap http://YKB.OnlineDbs.Webservice/ http://YKB.OnlineDbs.Webservice/</ID>
     <IFR_TYPE>PartOutput</IFR_TYPE>
     <IFR_NAME>input</IFR_NAME>
     <IFR_SCALE>-2</IFR_SCALE>
     <R3_TYPE>PAIM</R3_TYPE>
     <R3_NAME>INPUT</R3_NAME>
     <R3_SEQNUM>000001</R3_SEQNUM>
    </item>
    <item>
     <OBJECT>CLAS</OBJECT>
     <OBJ_NAME>ZDBS_YKBCO_ONLINE_DBSSOAP</OBJ_NAME>
     <OBJECT1>METH</OBJECT1>
     <OBJ_NAME1>TAKSIT_YARAT</OBJ_NAME1>
     <OBJECT2>METH</OBJECT2>
     <OBJ_NAME2>TAKSIT_YARAT</OBJ_NAME2>
     <ID>&lt;operation&gt; Taksit_Yarat &lt;portType&gt; OnlineDBSSoap http://YKB.OnlineDbs.Webservice/ http://YKB.OnlineDbs.Webservice/</ID>
     <IFR_TYPE>operation</IFR_TYPE>
     <IFR_NAME>Taksit_Yarat</IFR_NAME>
     <IFR_TEXT>Taksitli Fatura Kaydi</IFR_TEXT>
     <IFR_SCALE>-2</IFR_SCALE>
     <R3_TYPE>METH</R3_TYPE>
     <R3_NAME>TAKSIT_YARAT</R3_NAME>
     <R3_TEXT>Taksitli Fatura Kaydi</R3_TEXT>
     <R3_SEQNUM>000007</R3_SEQNUM>
     <DIRECTION>O</DIRECTION>
     <SYNCHRON>X</SYNCHRON>
    </item>
    <item>
     <OBJECT>CLAS</OBJECT>
     <OBJ_NAME>ZDBS_YKBCO_ONLINE_DBSSOAP</OBJ_NAME>
     <OBJECT1>METH</OBJECT1>
     <OBJ_NAME1>TAKSIT_YARAT</OBJ_NAME1>
     <OBJECT2>PAEX</OBJECT2>
     <OBJ_NAME2>OUTPUT</OBJ_NAME2>
     <OBJECT_R>TABL</OBJECT_R>
     <OBJ_NAME_R>ZDBS_YKBTAKSIT_YARAT_SOAP_OUT</OBJ_NAME_R>
     <ID>&lt;output&gt; output &lt;operation&gt; Taksit_Yarat &lt;portType&gt; OnlineDBSSoap http://YKB.OnlineDbs.Webservice/ http://YKB.OnlineDbs.Webservice/</ID>
     <IFR_TYPE>PartInput</IFR_TYPE>
     <IFR_NAME>output</IFR_NAME>
     <IFR_SCALE>-2</IFR_SCALE>
     <R3_TYPE>PAEX</R3_TYPE>
     <R3_NAME>OUTPUT</R3_NAME>
     <R3_SEQNUM>000002</R3_SEQNUM>
    </item>
    <item>
     <OBJECT>CLAS</OBJECT>
     <OBJ_NAME>ZDBS_YKBCO_ONLINE_DBSSOAP</OBJ_NAME>
     <OBJECT1>METH</OBJECT1>
     <OBJ_NAME1>TAKSIT_YARAT</OBJ_NAME1>
     <OBJECT2>PAIM</OBJECT2>
     <OBJ_NAME2>INPUT</OBJ_NAME2>
     <OBJECT_R>TABL</OBJECT_R>
     <OBJ_NAME_R>ZDBS_YKBTAKSIT_YARAT_SOAP_IN</OBJ_NAME_R>
     <ID>&lt;input&gt; input &lt;operation&gt; Taksit_Yarat &lt;portType&gt; OnlineDBSSoap http://YKB.OnlineDbs.Webservice/ http://YKB.OnlineDbs.Webservice/</ID>
     <IFR_TYPE>PartOutput</IFR_TYPE>
     <IFR_NAME>input</IFR_NAME>
     <IFR_SCALE>-2</IFR_SCALE>
     <R3_TYPE>PAIM</R3_TYPE>
     <R3_NAME>INPUT</R3_NAME>
     <R3_SEQNUM>000001</R3_SEQNUM>
    </item>
   </PROXY_DATA>
  </asx:values>
 </asx:abap>
</abapGit>
