﻿<?xml version="1.0" encoding="utf-8"?>
<abapGit version="v1.0.0" serializer="LCL_OBJECT_SPRX" serializer_version="v1.0.0">
 <asx:abap xmlns:asx="http://www.sap.com/abapxml" version="1.0">
  <asx:values>
   <PROXY_HEADER>
    <item>
     <OBJECT>CLAS</OBJECT>
     <OBJ_NAME>ZDBS_ISBCO_DDSGENERIC_SERVICE</OBJ_NAME>
     <OBJECT_M>CLAS</OBJECT_M>
     <OBJ_NAME_M>ZDBS_ISBCO_DDSGENERIC_SERVICE</OBJ_NAME_M>
     <HASH_ID>7AC59EE87E28DB8C63F4F5538E5C4BCCE42EEE36</HASH_ID>
     <ID>&lt;portType&gt; DDSGenericServiceV1x2 http://isbank.com/OpSvcs/PaymentMgmtProcessing/DDS/DDSGeneric/Service/V1 http://isbank.com/OpSvcs/PaymentMgmtProcessing/DDS/DDSGeneric/Service/V1</ID>
     <IFR_GLOBAL>X</IFR_GLOBAL>
     <IFR_TYPE>portType</IFR_TYPE>
     <IFR_NAME>DDSGenericServiceV1x2</IFR_NAME>
     <IFR_NSPCE>http://isbank.com/OpSvcs/PaymentMgmtProcessing/DDS/DDSGeneric/Service/V1</IFR_NSPCE>
     <IFR_GNSPCE>http://isbank.com/OpSvcs/PaymentMgmtProcessing/DDS/DDSGeneric/Service/V1</IFR_GNSPCE>
     <GEN_VERS>0006</GEN_VERS>
     <PREFIX>ZDBS_ISB</PREFIX>
     <CATEGORY>ifmmessif</CATEGORY>
     <DIRECTION>O</DIRECTION>
     <SYNCHRON>D</SYNCHRON>
     <GEN_APPL>WEBSERVICES</GEN_APPL>
     <X-ML_NSPCE>http://isbank.com/OpSvcs/PaymentMgmtProcessing/DDS/DDSGeneric/Service/V1</X-ML_NSPCE>
     <X-ML_NAME>DDSGenericServiceV1x2</X-ML_NAME>
     <FURTHER_DATA>&lt;asx:abap xmlns:asx=&quot;http://www.sap.com/abapxml&quot; version=&quot;1.0&quot;&gt;&lt;asx:values&gt;&lt;DATA&gt;&lt;SOAP_APPL&gt;urn:sap-com:soap:application:esr:client:710&lt;/SOAP_APPL&gt;&lt;/DATA&gt;&lt;/asx:values&gt;&lt;/asx:abap&gt;</FURTHER_DATA>
    </item>
   </PROXY_HEADER>
   <PROXY_DATA>
    <item>
     <OBJECT>CLAS</OBJECT>
     <OBJ_NAME>ZDBS_ISBCO_DDSGENERIC_SERVICE</OBJ_NAME>
     <OBJECT1>CLAS</OBJECT1>
     <OBJ_NAME1>ZDBS_ISBCO_DDSGENERIC_SERVICE</OBJ_NAME1>
     <OBJECT2>CLAS</OBJECT2>
     <OBJ_NAME2>ZDBS_ISBCO_DDSGENERIC_SERVICE</OBJ_NAME2>
     <ID>&lt;portType&gt; DDSGenericServiceV1x2 http://isbank.com/OpSvcs/PaymentMgmtProcessing/DDS/DDSGeneric/Service/V1 http://isbank.com/OpSvcs/PaymentMgmtProcessing/DDS/DDSGeneric/Service/V1</ID>
     <IFR_TYPE>portType</IFR_TYPE>
     <IFR_NAME>DDSGenericServiceV1x2</IFR_NAME>
     <IFR_SCALE>-2</IFR_SCALE>
     <R3_TYPE>CLAS</R3_TYPE>
     <R3_NAME>ZDBS_ISBCO_DDSGENERIC_SERVICE</R3_NAME>
     <R3_TEXT>Proxy Class (generated)</R3_TEXT>
     <CATEGORY>ifmmessif</CATEGORY>
     <DIRECTION>O</DIRECTION>
     <SYNCHRON>D</SYNCHRON>
    </item>
    <item>
     <OBJECT>CLAS</OBJECT>
     <OBJ_NAME>ZDBS_ISBCO_DDSGENERIC_SERVICE</OBJ_NAME>
     <OBJECT1>METH</OBJECT1>
     <OBJ_NAME1>CREATE_INVOICE</OBJ_NAME1>
     <OBJECT2>EXCE</OBJECT2>
     <OBJ_NAME2>ZDBS_ISBCX_BUSINESS_FAULT</OBJ_NAME2>
     <OBJECT_R>CLAS</OBJECT_R>
     <OBJ_NAME_R>ZDBS_ISBCX_BUSINESS_FAULT</OBJ_NAME_R>
     <ID>&lt;fault&gt; BusinessFault &lt;operation&gt; createInvoice &lt;portType&gt; DDSGenericServiceV1x2 http://isbank.com/OpSvcs/PaymentMgmtProcessing/DDS/DDSGeneric/Service/V1 http://isbank.com/OpSvcs/PaymentMgmtProcessing/DDS/DDSGeneric/Service/V1</ID>
     <IFR_TYPE>fault</IFR_TYPE>
     <IFR_NAME>BusinessFault</IFR_NAME>
     <IFR_SCALE>-2</IFR_SCALE>
     <R3_TYPE>EXCE</R3_TYPE>
     <R3_SEQNUM>000002</R3_SEQNUM>
    </item>
    <item>
     <OBJECT>CLAS</OBJECT>
     <OBJ_NAME>ZDBS_ISBCO_DDSGENERIC_SERVICE</OBJ_NAME>
     <OBJECT1>METH</OBJECT1>
     <OBJ_NAME1>CREATE_INVOICE</OBJ_NAME1>
     <OBJECT2>EXCE</OBJECT2>
     <OBJ_NAME2>ZDBS_ISBCX_SYSTEM_FAULT</OBJ_NAME2>
     <OBJECT_R>CLAS</OBJECT_R>
     <OBJ_NAME_R>ZDBS_ISBCX_SYSTEM_FAULT</OBJ_NAME_R>
     <ID>&lt;fault&gt; SystemFault &lt;operation&gt; createInvoice &lt;portType&gt; DDSGenericServiceV1x2 http://isbank.com/OpSvcs/PaymentMgmtProcessing/DDS/DDSGeneric/Service/V1 http://isbank.com/OpSvcs/PaymentMgmtProcessing/DDS/DDSGeneric/Service/V1</ID>
     <IFR_TYPE>fault</IFR_TYPE>
     <IFR_NAME>SystemFault</IFR_NAME>
     <IFR_SCALE>-2</IFR_SCALE>
     <R3_TYPE>EXCE</R3_TYPE>
     <R3_SEQNUM>000001</R3_SEQNUM>
    </item>
    <item>
     <OBJECT>CLAS</OBJECT>
     <OBJ_NAME>ZDBS_ISBCO_DDSGENERIC_SERVICE</OBJ_NAME>
     <OBJECT1>METH</OBJECT1>
     <OBJ_NAME1>CREATE_INVOICE</OBJ_NAME1>
     <OBJECT2>METH</OBJECT2>
     <OBJ_NAME2>CREATE_INVOICE</OBJ_NAME2>
     <ID>&lt;operation&gt; createInvoice &lt;portType&gt; DDSGenericServiceV1x2 http://isbank.com/OpSvcs/PaymentMgmtProcessing/DDS/DDSGeneric/Service/V1 http://isbank.com/OpSvcs/PaymentMgmtProcessing/DDS/DDSGeneric/Service/V1</ID>
     <IFR_TYPE>operation</IFR_TYPE>
     <IFR_NAME>createInvoice</IFR_NAME>
     <IFR_SCALE>-2</IFR_SCALE>
     <R3_TYPE>METH</R3_TYPE>
     <R3_NAME>CREATE_INVOICE</R3_NAME>
     <R3_SEQNUM>000001</R3_SEQNUM>
     <DIRECTION>O</DIRECTION>
     <SYNCHRON>X</SYNCHRON>
    </item>
    <item>
     <OBJECT>CLAS</OBJECT>
     <OBJ_NAME>ZDBS_ISBCO_DDSGENERIC_SERVICE</OBJ_NAME>
     <OBJECT1>METH</OBJECT1>
     <OBJ_NAME1>CREATE_INVOICE</OBJ_NAME1>
     <OBJECT2>PAEX</OBJECT2>
     <OBJ_NAME2>CREATE_INVOICE_RESPONSE</OBJ_NAME2>
     <OBJECT_R>TABL</OBJECT_R>
     <OBJ_NAME_R>ZDBS_ISBCREATE_INVOICE_RESPON2</OBJ_NAME_R>
     <ID>&lt;output&gt; createInvoiceResponse &lt;operation&gt; createInvoice &lt;portType&gt; DDSGenericServiceV1x2 http://isbank.com/OpSvcs/PaymentMgmtProcessing/DDS/DDSGeneric/Service/V1 http://isbank.com/OpSvcs/PaymentMgmtProcessing/DDS/DDSGeneric/Service/V1</ID>
     <IFR_TYPE>PartInput</IFR_TYPE>
     <IFR_NAME>createInvoiceResponse</IFR_NAME>
     <IFR_SCALE>-2</IFR_SCALE>
     <R3_TYPE>PAEX</R3_TYPE>
     <R3_NAME>CREATE_INVOICE_RESPONSE</R3_NAME>
     <R3_SEQNUM>000002</R3_SEQNUM>
    </item>
    <item>
     <OBJECT>CLAS</OBJECT>
     <OBJ_NAME>ZDBS_ISBCO_DDSGENERIC_SERVICE</OBJ_NAME>
     <OBJECT1>METH</OBJECT1>
     <OBJ_NAME1>CREATE_INVOICE</OBJ_NAME1>
     <OBJECT2>PAIM</OBJECT2>
     <OBJ_NAME2>CREATE_INVOICE_REQUEST</OBJ_NAME2>
     <OBJECT_R>TABL</OBJECT_R>
     <OBJ_NAME_R>ZDBS_ISBCREATE_INVOICE_REQUEST</OBJ_NAME_R>
     <ID>&lt;input&gt; createInvoiceRequest &lt;operation&gt; createInvoice &lt;portType&gt; DDSGenericServiceV1x2 http://isbank.com/OpSvcs/PaymentMgmtProcessing/DDS/DDSGeneric/Service/V1 http://isbank.com/OpSvcs/PaymentMgmtProcessing/DDS/DDSGeneric/Service/V1</ID>
     <IFR_TYPE>PartOutput</IFR_TYPE>
     <IFR_NAME>createInvoiceRequest</IFR_NAME>
     <IFR_SCALE>-2</IFR_SCALE>
     <R3_TYPE>PAIM</R3_TYPE>
     <R3_NAME>CREATE_INVOICE_REQUEST</R3_NAME>
     <R3_SEQNUM>000001</R3_SEQNUM>
    </item>
    <item>
     <OBJECT>CLAS</OBJECT>
     <OBJ_NAME>ZDBS_ISBCO_DDSGENERIC_SERVICE</OBJ_NAME>
     <OBJECT1>METH</OBJECT1>
     <OBJ_NAME1>DELETE_INVOICE</OBJ_NAME1>
     <OBJECT2>EXCE</OBJECT2>
     <OBJ_NAME2>ZDBS_ISBCX_BUSINESS_FAULT</OBJ_NAME2>
     <OBJECT_R>CLAS</OBJECT_R>
     <OBJ_NAME_R>ZDBS_ISBCX_BUSINESS_FAULT</OBJ_NAME_R>
     <ID>&lt;fault&gt; BusinessFault &lt;operation&gt; deleteInvoice &lt;portType&gt; DDSGenericServiceV1x2 http://isbank.com/OpSvcs/PaymentMgmtProcessing/DDS/DDSGeneric/Service/V1 http://isbank.com/OpSvcs/PaymentMgmtProcessing/DDS/DDSGeneric/Service/V1</ID>
     <IFR_TYPE>fault</IFR_TYPE>
     <IFR_NAME>BusinessFault</IFR_NAME>
     <IFR_SCALE>-2</IFR_SCALE>
     <R3_TYPE>EXCE</R3_TYPE>
     <R3_SEQNUM>000002</R3_SEQNUM>
    </item>
    <item>
     <OBJECT>CLAS</OBJECT>
     <OBJ_NAME>ZDBS_ISBCO_DDSGENERIC_SERVICE</OBJ_NAME>
     <OBJECT1>METH</OBJECT1>
     <OBJ_NAME1>DELETE_INVOICE</OBJ_NAME1>
     <OBJECT2>EXCE</OBJECT2>
     <OBJ_NAME2>ZDBS_ISBCX_SYSTEM_FAULT</OBJ_NAME2>
     <OBJECT_R>CLAS</OBJECT_R>
     <OBJ_NAME_R>ZDBS_ISBCX_SYSTEM_FAULT</OBJ_NAME_R>
     <ID>&lt;fault&gt; SystemFault &lt;operation&gt; deleteInvoice &lt;portType&gt; DDSGenericServiceV1x2 http://isbank.com/OpSvcs/PaymentMgmtProcessing/DDS/DDSGeneric/Service/V1 http://isbank.com/OpSvcs/PaymentMgmtProcessing/DDS/DDSGeneric/Service/V1</ID>
     <IFR_TYPE>fault</IFR_TYPE>
     <IFR_NAME>SystemFault</IFR_NAME>
     <IFR_SCALE>-2</IFR_SCALE>
     <R3_TYPE>EXCE</R3_TYPE>
     <R3_SEQNUM>000001</R3_SEQNUM>
    </item>
    <item>
     <OBJECT>CLAS</OBJECT>
     <OBJ_NAME>ZDBS_ISBCO_DDSGENERIC_SERVICE</OBJ_NAME>
     <OBJECT1>METH</OBJECT1>
     <OBJ_NAME1>DELETE_INVOICE</OBJ_NAME1>
     <OBJECT2>METH</OBJECT2>
     <OBJ_NAME2>DELETE_INVOICE</OBJ_NAME2>
     <ID>&lt;operation&gt; deleteInvoice &lt;portType&gt; DDSGenericServiceV1x2 http://isbank.com/OpSvcs/PaymentMgmtProcessing/DDS/DDSGeneric/Service/V1 http://isbank.com/OpSvcs/PaymentMgmtProcessing/DDS/DDSGeneric/Service/V1</ID>
     <IFR_TYPE>operation</IFR_TYPE>
     <IFR_NAME>deleteInvoice</IFR_NAME>
     <IFR_SCALE>-2</IFR_SCALE>
     <R3_TYPE>METH</R3_TYPE>
     <R3_NAME>DELETE_INVOICE</R3_NAME>
     <R3_SEQNUM>000002</R3_SEQNUM>
     <DIRECTION>O</DIRECTION>
     <SYNCHRON>X</SYNCHRON>
    </item>
    <item>
     <OBJECT>CLAS</OBJECT>
     <OBJ_NAME>ZDBS_ISBCO_DDSGENERIC_SERVICE</OBJ_NAME>
     <OBJECT1>METH</OBJECT1>
     <OBJ_NAME1>DELETE_INVOICE</OBJ_NAME1>
     <OBJECT2>PAEX</OBJECT2>
     <OBJ_NAME2>DELETE_INVOICE_RESPONSE</OBJ_NAME2>
     <OBJECT_R>TABL</OBJECT_R>
     <OBJ_NAME_R>ZDBS_ISBDELETE_INVOICE_RESPON2</OBJ_NAME_R>
     <ID>&lt;output&gt; deleteInvoiceResponse &lt;operation&gt; deleteInvoice &lt;portType&gt; DDSGenericServiceV1x2 http://isbank.com/OpSvcs/PaymentMgmtProcessing/DDS/DDSGeneric/Service/V1 http://isbank.com/OpSvcs/PaymentMgmtProcessing/DDS/DDSGeneric/Service/V1</ID>
     <IFR_TYPE>PartInput</IFR_TYPE>
     <IFR_NAME>deleteInvoiceResponse</IFR_NAME>
     <IFR_SCALE>-2</IFR_SCALE>
     <R3_TYPE>PAEX</R3_TYPE>
     <R3_NAME>DELETE_INVOICE_RESPONSE</R3_NAME>
     <R3_SEQNUM>000002</R3_SEQNUM>
    </item>
    <item>
     <OBJECT>CLAS</OBJECT>
     <OBJ_NAME>ZDBS_ISBCO_DDSGENERIC_SERVICE</OBJ_NAME>
     <OBJECT1>METH</OBJECT1>
     <OBJ_NAME1>DELETE_INVOICE</OBJ_NAME1>
     <OBJECT2>PAIM</OBJECT2>
     <OBJ_NAME2>DELETE_INVOICE_REQUEST</OBJ_NAME2>
     <OBJECT_R>TABL</OBJECT_R>
     <OBJ_NAME_R>ZDBS_ISBDELETE_INVOICE_REQUEST</OBJ_NAME_R>
     <ID>&lt;input&gt; deleteInvoiceRequest &lt;operation&gt; deleteInvoice &lt;portType&gt; DDSGenericServiceV1x2 http://isbank.com/OpSvcs/PaymentMgmtProcessing/DDS/DDSGeneric/Service/V1 http://isbank.com/OpSvcs/PaymentMgmtProcessing/DDS/DDSGeneric/Service/V1</ID>
     <IFR_TYPE>PartOutput</IFR_TYPE>
     <IFR_NAME>deleteInvoiceRequest</IFR_NAME>
     <IFR_SCALE>-2</IFR_SCALE>
     <R3_TYPE>PAIM</R3_TYPE>
     <R3_NAME>DELETE_INVOICE_REQUEST</R3_NAME>
     <R3_SEQNUM>000001</R3_SEQNUM>
    </item>
    <item>
     <OBJECT>CLAS</OBJECT>
     <OBJ_NAME>ZDBS_ISBCO_DDSGENERIC_SERVICE</OBJ_NAME>
     <OBJECT1>METH</OBJECT1>
     <OBJ_NAME1>RETRIEVE_DIRECT_DEBIT_ORDER_DE</OBJ_NAME1>
     <OBJECT2>EXCE</OBJECT2>
     <OBJ_NAME2>ZDBS_ISBCX_BUSINESS_FAULT</OBJ_NAME2>
     <OBJECT_R>CLAS</OBJECT_R>
     <OBJ_NAME_R>ZDBS_ISBCX_BUSINESS_FAULT</OBJ_NAME_R>
     <ID>&lt;fault&gt; BusinessFault &lt;operation&gt; retrieveDirectDebitOrderDetails &lt;portType&gt; DDSGenericServiceV1x2 http://isbank.com/OpSvcs/PaymentMgmtProcessing/DDS/DDSGeneric/Service/V1 http://isbank.com/OpSvcs/PaymentMgmtProcessing/DDS/DDSGeneric/Service/V1</ID>
     <IFR_TYPE>fault</IFR_TYPE>
     <IFR_NAME>BusinessFault</IFR_NAME>
     <IFR_SCALE>-2</IFR_SCALE>
     <R3_TYPE>EXCE</R3_TYPE>
     <R3_SEQNUM>000002</R3_SEQNUM>
    </item>
    <item>
     <OBJECT>CLAS</OBJECT>
     <OBJ_NAME>ZDBS_ISBCO_DDSGENERIC_SERVICE</OBJ_NAME>
     <OBJECT1>METH</OBJECT1>
     <OBJ_NAME1>RETRIEVE_DIRECT_DEBIT_ORDER_DE</OBJ_NAME1>
     <OBJECT2>EXCE</OBJECT2>
     <OBJ_NAME2>ZDBS_ISBCX_SYSTEM_FAULT</OBJ_NAME2>
     <OBJECT_R>CLAS</OBJECT_R>
     <OBJ_NAME_R>ZDBS_ISBCX_SYSTEM_FAULT</OBJ_NAME_R>
     <ID>&lt;fault&gt; SystemFault &lt;operation&gt; retrieveDirectDebitOrderDetails &lt;portType&gt; DDSGenericServiceV1x2 http://isbank.com/OpSvcs/PaymentMgmtProcessing/DDS/DDSGeneric/Service/V1 http://isbank.com/OpSvcs/PaymentMgmtProcessing/DDS/DDSGeneric/Service/V1</ID>
     <IFR_TYPE>fault</IFR_TYPE>
     <IFR_NAME>SystemFault</IFR_NAME>
     <IFR_SCALE>-2</IFR_SCALE>
     <R3_TYPE>EXCE</R3_TYPE>
     <R3_SEQNUM>000001</R3_SEQNUM>
    </item>
    <item>
     <OBJECT>CLAS</OBJECT>
     <OBJ_NAME>ZDBS_ISBCO_DDSGENERIC_SERVICE</OBJ_NAME>
     <OBJECT1>METH</OBJECT1>
     <OBJ_NAME1>RETRIEVE_DIRECT_DEBIT_ORDER_DE</OBJ_NAME1>
     <OBJECT2>METH</OBJECT2>
     <OBJ_NAME2>RETRIEVE_DIRECT_DEBIT_ORDER_DE</OBJ_NAME2>
     <ID>&lt;operation&gt; retrieveDirectDebitOrderDetails &lt;portType&gt; DDSGenericServiceV1x2 http://isbank.com/OpSvcs/PaymentMgmtProcessing/DDS/DDSGeneric/Service/V1 http://isbank.com/OpSvcs/PaymentMgmtProcessing/DDS/DDSGeneric/Service/V1</ID>
     <IFR_TYPE>operation</IFR_TYPE>
     <IFR_NAME>retrieveDirectDebitOrderDetails</IFR_NAME>
     <IFR_SCALE>-2</IFR_SCALE>
     <R3_TYPE>METH</R3_TYPE>
     <R3_NAME>RETRIEVE_DIRECT_DEBIT_ORDER_DE</R3_NAME>
     <R3_SEQNUM>000003</R3_SEQNUM>
     <DIRECTION>O</DIRECTION>
     <SYNCHRON>X</SYNCHRON>
    </item>
    <item>
     <OBJECT>CLAS</OBJECT>
     <OBJ_NAME>ZDBS_ISBCO_DDSGENERIC_SERVICE</OBJ_NAME>
     <OBJECT1>METH</OBJECT1>
     <OBJ_NAME1>RETRIEVE_DIRECT_DEBIT_ORDER_DE</OBJ_NAME1>
     <OBJECT2>PAEX</OBJECT2>
     <OBJ_NAME2>RETRIEVE_DIRECT_DEBIT_ORDER_DE</OBJ_NAME2>
     <OBJECT_R>TABL</OBJECT_R>
     <OBJ_NAME_R>ZDBS_ISBRETRIEVE_DIRECT_DEBIT3</OBJ_NAME_R>
     <ID>&lt;output&gt; retrieveDirectDebitOrderDetailsResponse &lt;operation&gt; retrieveDirectDebitOrderDetails &lt;portType&gt; DDSGenericServiceV1x2 http://isbank.com/OpSvcs/PaymentMgmtProcessing/DDS/DDSGeneric/Service/V1 http://isbank.com/OpSvcs/PaymentMgmtProcessing/DDS/DDSGeneric/Service/V1</ID>
     <IFR_TYPE>PartInput</IFR_TYPE>
     <IFR_NAME>retrieveDirectDebitOrderDetailsResponse</IFR_NAME>
     <IFR_SCALE>-2</IFR_SCALE>
     <R3_TYPE>PAEX</R3_TYPE>
     <R3_NAME>RETRIEVE_DIRECT_DEBIT_ORDER_DE</R3_NAME>
     <R3_SEQNUM>000002</R3_SEQNUM>
    </item>
    <item>
     <OBJECT>CLAS</OBJECT>
     <OBJ_NAME>ZDBS_ISBCO_DDSGENERIC_SERVICE</OBJ_NAME>
     <OBJECT1>METH</OBJECT1>
     <OBJ_NAME1>RETRIEVE_DIRECT_DEBIT_ORDER_DE</OBJ_NAME1>
     <OBJECT2>PAIM</OBJECT2>
     <OBJ_NAME2>RETRIEVE_DIRECT_DEBIT_ORDER_D1</OBJ_NAME2>
     <OBJECT_R>TABL</OBJECT_R>
     <OBJ_NAME_R>ZDBS_ISBRETRIEVE_DIRECT_DEBIT4</OBJ_NAME_R>
     <ID>&lt;input&gt; retrieveDirectDebitOrderDetailsRequest &lt;operation&gt; retrieveDirectDebitOrderDetails &lt;portType&gt; DDSGenericServiceV1x2 http://isbank.com/OpSvcs/PaymentMgmtProcessing/DDS/DDSGeneric/Service/V1 http://isbank.com/OpSvcs/PaymentMgmtProcessing/DDS/DDSGeneric/Service/V1</ID>
     <IFR_TYPE>PartOutput</IFR_TYPE>
     <IFR_NAME>retrieveDirectDebitOrderDetailsRequest</IFR_NAME>
     <IFR_SCALE>-2</IFR_SCALE>
     <R3_TYPE>PAIM</R3_TYPE>
     <R3_NAME>RETRIEVE_DIRECT_DEBIT_ORDER_D1</R3_NAME>
     <R3_SEQNUM>000001</R3_SEQNUM>
    </item>
    <item>
     <OBJECT>CLAS</OBJECT>
     <OBJ_NAME>ZDBS_ISBCO_DDSGENERIC_SERVICE</OBJ_NAME>
     <OBJECT1>METH</OBJECT1>
     <OBJ_NAME1>RETRIEVE_INVOICE_LIST</OBJ_NAME1>
     <OBJECT2>EXCE</OBJECT2>
     <OBJ_NAME2>ZDBS_ISBCX_BUSINESS_FAULT</OBJ_NAME2>
     <OBJECT_R>CLAS</OBJECT_R>
     <OBJ_NAME_R>ZDBS_ISBCX_BUSINESS_FAULT</OBJ_NAME_R>
     <ID>&lt;fault&gt; BusinessFault &lt;operation&gt; retrieveInvoiceList &lt;portType&gt; DDSGenericServiceV1x2 http://isbank.com/OpSvcs/PaymentMgmtProcessing/DDS/DDSGeneric/Service/V1 http://isbank.com/OpSvcs/PaymentMgmtProcessing/DDS/DDSGeneric/Service/V1</ID>
     <IFR_TYPE>fault</IFR_TYPE>
     <IFR_NAME>BusinessFault</IFR_NAME>
     <IFR_SCALE>-2</IFR_SCALE>
     <R3_TYPE>EXCE</R3_TYPE>
     <R3_SEQNUM>000002</R3_SEQNUM>
    </item>
    <item>
     <OBJECT>CLAS</OBJECT>
     <OBJ_NAME>ZDBS_ISBCO_DDSGENERIC_SERVICE</OBJ_NAME>
     <OBJECT1>METH</OBJECT1>
     <OBJ_NAME1>RETRIEVE_INVOICE_LIST</OBJ_NAME1>
     <OBJECT2>EXCE</OBJECT2>
     <OBJ_NAME2>ZDBS_ISBCX_SYSTEM_FAULT</OBJ_NAME2>
     <OBJECT_R>CLAS</OBJECT_R>
     <OBJ_NAME_R>ZDBS_ISBCX_SYSTEM_FAULT</OBJ_NAME_R>
     <ID>&lt;fault&gt; SystemFault &lt;operation&gt; retrieveInvoiceList &lt;portType&gt; DDSGenericServiceV1x2 http://isbank.com/OpSvcs/PaymentMgmtProcessing/DDS/DDSGeneric/Service/V1 http://isbank.com/OpSvcs/PaymentMgmtProcessing/DDS/DDSGeneric/Service/V1</ID>
     <IFR_TYPE>fault</IFR_TYPE>
     <IFR_NAME>SystemFault</IFR_NAME>
     <IFR_SCALE>-2</IFR_SCALE>
     <R3_TYPE>EXCE</R3_TYPE>
     <R3_SEQNUM>000001</R3_SEQNUM>
    </item>
    <item>
     <OBJECT>CLAS</OBJECT>
     <OBJ_NAME>ZDBS_ISBCO_DDSGENERIC_SERVICE</OBJ_NAME>
     <OBJECT1>METH</OBJECT1>
     <OBJ_NAME1>RETRIEVE_INVOICE_LIST</OBJ_NAME1>
     <OBJECT2>METH</OBJECT2>
     <OBJ_NAME2>RETRIEVE_INVOICE_LIST</OBJ_NAME2>
     <ID>&lt;operation&gt; retrieveInvoiceList &lt;portType&gt; DDSGenericServiceV1x2 http://isbank.com/OpSvcs/PaymentMgmtProcessing/DDS/DDSGeneric/Service/V1 http://isbank.com/OpSvcs/PaymentMgmtProcessing/DDS/DDSGeneric/Service/V1</ID>
     <IFR_TYPE>operation</IFR_TYPE>
     <IFR_NAME>retrieveInvoiceList</IFR_NAME>
     <IFR_SCALE>-2</IFR_SCALE>
     <R3_TYPE>METH</R3_TYPE>
     <R3_NAME>RETRIEVE_INVOICE_LIST</R3_NAME>
     <R3_SEQNUM>000004</R3_SEQNUM>
     <DIRECTION>O</DIRECTION>
     <SYNCHRON>X</SYNCHRON>
    </item>
    <item>
     <OBJECT>CLAS</OBJECT>
     <OBJ_NAME>ZDBS_ISBCO_DDSGENERIC_SERVICE</OBJ_NAME>
     <OBJECT1>METH</OBJECT1>
     <OBJ_NAME1>RETRIEVE_INVOICE_LIST</OBJ_NAME1>
     <OBJECT2>PAEX</OBJECT2>
     <OBJ_NAME2>RETRIEVE_INVOICE_LIST_RESPONSE</OBJ_NAME2>
     <OBJECT_R>TABL</OBJECT_R>
     <OBJ_NAME_R>ZDBS_ISBRETRIEVE_INVOICE_LIST1</OBJ_NAME_R>
     <ID>&lt;output&gt; retrieveInvoiceListResponse &lt;operation&gt; retrieveInvoiceList &lt;portType&gt; DDSGenericServiceV1x2 http://isbank.com/OpSvcs/PaymentMgmtProcessing/DDS/DDSGeneric/Service/V1 http://isbank.com/OpSvcs/PaymentMgmtProcessing/DDS/DDSGeneric/Service/V1</ID>
     <IFR_TYPE>PartInput</IFR_TYPE>
     <IFR_NAME>retrieveInvoiceListResponse</IFR_NAME>
     <IFR_SCALE>-2</IFR_SCALE>
     <R3_TYPE>PAEX</R3_TYPE>
     <R3_NAME>RETRIEVE_INVOICE_LIST_RESPONSE</R3_NAME>
     <R3_SEQNUM>000002</R3_SEQNUM>
    </item>
    <item>
     <OBJECT>CLAS</OBJECT>
     <OBJ_NAME>ZDBS_ISBCO_DDSGENERIC_SERVICE</OBJ_NAME>
     <OBJECT1>METH</OBJECT1>
     <OBJ_NAME1>RETRIEVE_INVOICE_LIST</OBJ_NAME1>
     <OBJECT2>PAIM</OBJECT2>
     <OBJ_NAME2>RETRIEVE_INVOICE_LIST_REQUEST</OBJ_NAME2>
     <OBJECT_R>TABL</OBJECT_R>
     <OBJ_NAME_R>ZDBS_ISBRETRIEVE_INVOICE_LIST2</OBJ_NAME_R>
     <ID>&lt;input&gt; retrieveInvoiceListRequest &lt;operation&gt; retrieveInvoiceList &lt;portType&gt; DDSGenericServiceV1x2 http://isbank.com/OpSvcs/PaymentMgmtProcessing/DDS/DDSGeneric/Service/V1 http://isbank.com/OpSvcs/PaymentMgmtProcessing/DDS/DDSGeneric/Service/V1</ID>
     <IFR_TYPE>PartOutput</IFR_TYPE>
     <IFR_NAME>retrieveInvoiceListRequest</IFR_NAME>
     <IFR_SCALE>-2</IFR_SCALE>
     <R3_TYPE>PAIM</R3_TYPE>
     <R3_NAME>RETRIEVE_INVOICE_LIST_REQUEST</R3_NAME>
     <R3_SEQNUM>000001</R3_SEQNUM>
    </item>
    <item>
     <OBJECT>CLAS</OBJECT>
     <OBJ_NAME>ZDBS_ISBCO_DDSGENERIC_SERVICE</OBJ_NAME>
     <OBJECT1>METH</OBJECT1>
     <OBJ_NAME1>RETRIEVE_SUBSCRIBER_LIST</OBJ_NAME1>
     <OBJECT2>EXCE</OBJECT2>
     <OBJ_NAME2>ZDBS_ISBCX_BUSINESS_FAULT</OBJ_NAME2>
     <OBJECT_R>CLAS</OBJECT_R>
     <OBJ_NAME_R>ZDBS_ISBCX_BUSINESS_FAULT</OBJ_NAME_R>
     <ID>&lt;fault&gt; BusinessFault &lt;operation&gt; retrieveSubscriberList &lt;portType&gt; DDSGenericServiceV1x2 http://isbank.com/OpSvcs/PaymentMgmtProcessing/DDS/DDSGeneric/Service/V1 http://isbank.com/OpSvcs/PaymentMgmtProcessing/DDS/DDSGeneric/Service/V1</ID>
     <IFR_TYPE>fault</IFR_TYPE>
     <IFR_NAME>BusinessFault</IFR_NAME>
     <IFR_SCALE>-2</IFR_SCALE>
     <R3_TYPE>EXCE</R3_TYPE>
     <R3_SEQNUM>000002</R3_SEQNUM>
    </item>
    <item>
     <OBJECT>CLAS</OBJECT>
     <OBJ_NAME>ZDBS_ISBCO_DDSGENERIC_SERVICE</OBJ_NAME>
     <OBJECT1>METH</OBJECT1>
     <OBJ_NAME1>RETRIEVE_SUBSCRIBER_LIST</OBJ_NAME1>
     <OBJECT2>EXCE</OBJECT2>
     <OBJ_NAME2>ZDBS_ISBCX_SYSTEM_FAULT</OBJ_NAME2>
     <OBJECT_R>CLAS</OBJECT_R>
     <OBJ_NAME_R>ZDBS_ISBCX_SYSTEM_FAULT</OBJ_NAME_R>
     <ID>&lt;fault&gt; SystemFault &lt;operation&gt; retrieveSubscriberList &lt;portType&gt; DDSGenericServiceV1x2 http://isbank.com/OpSvcs/PaymentMgmtProcessing/DDS/DDSGeneric/Service/V1 http://isbank.com/OpSvcs/PaymentMgmtProcessing/DDS/DDSGeneric/Service/V1</ID>
     <IFR_TYPE>fault</IFR_TYPE>
     <IFR_NAME>SystemFault</IFR_NAME>
     <IFR_SCALE>-2</IFR_SCALE>
     <R3_TYPE>EXCE</R3_TYPE>
     <R3_SEQNUM>000001</R3_SEQNUM>
    </item>
    <item>
     <OBJECT>CLAS</OBJECT>
     <OBJ_NAME>ZDBS_ISBCO_DDSGENERIC_SERVICE</OBJ_NAME>
     <OBJECT1>METH</OBJECT1>
     <OBJ_NAME1>RETRIEVE_SUBSCRIBER_LIST</OBJ_NAME1>
     <OBJECT2>METH</OBJECT2>
     <OBJ_NAME2>RETRIEVE_SUBSCRIBER_LIST</OBJ_NAME2>
     <ID>&lt;operation&gt; retrieveSubscriberList &lt;portType&gt; DDSGenericServiceV1x2 http://isbank.com/OpSvcs/PaymentMgmtProcessing/DDS/DDSGeneric/Service/V1 http://isbank.com/OpSvcs/PaymentMgmtProcessing/DDS/DDSGeneric/Service/V1</ID>
     <IFR_TYPE>operation</IFR_TYPE>
     <IFR_NAME>retrieveSubscriberList</IFR_NAME>
     <IFR_SCALE>-2</IFR_SCALE>
     <R3_TYPE>METH</R3_TYPE>
     <R3_NAME>RETRIEVE_SUBSCRIBER_LIST</R3_NAME>
     <R3_SEQNUM>000005</R3_SEQNUM>
     <DIRECTION>O</DIRECTION>
     <SYNCHRON>X</SYNCHRON>
    </item>
    <item>
     <OBJECT>CLAS</OBJECT>
     <OBJ_NAME>ZDBS_ISBCO_DDSGENERIC_SERVICE</OBJ_NAME>
     <OBJECT1>METH</OBJECT1>
     <OBJ_NAME1>RETRIEVE_SUBSCRIBER_LIST</OBJ_NAME1>
     <OBJECT2>PAEX</OBJECT2>
     <OBJ_NAME2>RETRIEVE_SUBSCRIBER_LIST_RESPO</OBJ_NAME2>
     <OBJECT_R>TABL</OBJECT_R>
     <OBJ_NAME_R>ZDBS_ISBRETRIEVE_SUBSCRIBER_L2</OBJ_NAME_R>
     <ID>&lt;output&gt; retrieveSubscriberListResponse &lt;operation&gt; retrieveSubscriberList &lt;portType&gt; DDSGenericServiceV1x2 http://isbank.com/OpSvcs/PaymentMgmtProcessing/DDS/DDSGeneric/Service/V1 http://isbank.com/OpSvcs/PaymentMgmtProcessing/DDS/DDSGeneric/Service/V1</ID>
     <IFR_TYPE>PartInput</IFR_TYPE>
     <IFR_NAME>retrieveSubscriberListResponse</IFR_NAME>
     <IFR_SCALE>-2</IFR_SCALE>
     <R3_TYPE>PAEX</R3_TYPE>
     <R3_NAME>RETRIEVE_SUBSCRIBER_LIST_RESPO</R3_NAME>
     <R3_SEQNUM>000002</R3_SEQNUM>
    </item>
    <item>
     <OBJECT>CLAS</OBJECT>
     <OBJ_NAME>ZDBS_ISBCO_DDSGENERIC_SERVICE</OBJ_NAME>
     <OBJECT1>METH</OBJECT1>
     <OBJ_NAME1>RETRIEVE_SUBSCRIBER_LIST</OBJ_NAME1>
     <OBJECT2>PAIM</OBJECT2>
     <OBJ_NAME2>RETRIEVE_SUBSCRIBER_LIST_REQUE</OBJ_NAME2>
     <OBJECT_R>TABL</OBJECT_R>
     <OBJ_NAME_R>ZDBS_ISBRETRIEVE_SUBSCRIBER_L3</OBJ_NAME_R>
     <ID>&lt;input&gt; retrieveSubscriberListRequest &lt;operation&gt; retrieveSubscriberList &lt;portType&gt; DDSGenericServiceV1x2 http://isbank.com/OpSvcs/PaymentMgmtProcessing/DDS/DDSGeneric/Service/V1 http://isbank.com/OpSvcs/PaymentMgmtProcessing/DDS/DDSGeneric/Service/V1</ID>
     <IFR_TYPE>PartOutput</IFR_TYPE>
     <IFR_NAME>retrieveSubscriberListRequest</IFR_NAME>
     <IFR_SCALE>-2</IFR_SCALE>
     <R3_TYPE>PAIM</R3_TYPE>
     <R3_NAME>RETRIEVE_SUBSCRIBER_LIST_REQUE</R3_NAME>
     <R3_SEQNUM>000001</R3_SEQNUM>
    </item>
    <item>
     <OBJECT>CLAS</OBJECT>
     <OBJ_NAME>ZDBS_ISBCO_DDSGENERIC_SERVICE</OBJ_NAME>
     <OBJECT1>METH</OBJECT1>
     <OBJ_NAME1>UPDATE_INVOICE</OBJ_NAME1>
     <OBJECT2>EXCE</OBJECT2>
     <OBJ_NAME2>ZDBS_ISBCX_BUSINESS_FAULT</OBJ_NAME2>
     <OBJECT_R>CLAS</OBJECT_R>
     <OBJ_NAME_R>ZDBS_ISBCX_BUSINESS_FAULT</OBJ_NAME_R>
     <ID>&lt;fault&gt; BusinessFault &lt;operation&gt; updateInvoice &lt;portType&gt; DDSGenericServiceV1x2 http://isbank.com/OpSvcs/PaymentMgmtProcessing/DDS/DDSGeneric/Service/V1 http://isbank.com/OpSvcs/PaymentMgmtProcessing/DDS/DDSGeneric/Service/V1</ID>
     <IFR_TYPE>fault</IFR_TYPE>
     <IFR_NAME>BusinessFault</IFR_NAME>
     <IFR_SCALE>-2</IFR_SCALE>
     <R3_TYPE>EXCE</R3_TYPE>
     <R3_SEQNUM>000002</R3_SEQNUM>
    </item>
    <item>
     <OBJECT>CLAS</OBJECT>
     <OBJ_NAME>ZDBS_ISBCO_DDSGENERIC_SERVICE</OBJ_NAME>
     <OBJECT1>METH</OBJECT1>
     <OBJ_NAME1>UPDATE_INVOICE</OBJ_NAME1>
     <OBJECT2>EXCE</OBJECT2>
     <OBJ_NAME2>ZDBS_ISBCX_SYSTEM_FAULT</OBJ_NAME2>
     <OBJECT_R>CLAS</OBJECT_R>
     <OBJ_NAME_R>ZDBS_ISBCX_SYSTEM_FAULT</OBJ_NAME_R>
     <ID>&lt;fault&gt; SystemFault &lt;operation&gt; updateInvoice &lt;portType&gt; DDSGenericServiceV1x2 http://isbank.com/OpSvcs/PaymentMgmtProcessing/DDS/DDSGeneric/Service/V1 http://isbank.com/OpSvcs/PaymentMgmtProcessing/DDS/DDSGeneric/Service/V1</ID>
     <IFR_TYPE>fault</IFR_TYPE>
     <IFR_NAME>SystemFault</IFR_NAME>
     <IFR_SCALE>-2</IFR_SCALE>
     <R3_TYPE>EXCE</R3_TYPE>
     <R3_SEQNUM>000001</R3_SEQNUM>
    </item>
    <item>
     <OBJECT>CLAS</OBJECT>
     <OBJ_NAME>ZDBS_ISBCO_DDSGENERIC_SERVICE</OBJ_NAME>
     <OBJECT1>METH</OBJECT1>
     <OBJ_NAME1>UPDATE_INVOICE</OBJ_NAME1>
     <OBJECT2>METH</OBJECT2>
     <OBJ_NAME2>UPDATE_INVOICE</OBJ_NAME2>
     <ID>&lt;operation&gt; updateInvoice &lt;portType&gt; DDSGenericServiceV1x2 http://isbank.com/OpSvcs/PaymentMgmtProcessing/DDS/DDSGeneric/Service/V1 http://isbank.com/OpSvcs/PaymentMgmtProcessing/DDS/DDSGeneric/Service/V1</ID>
     <IFR_TYPE>operation</IFR_TYPE>
     <IFR_NAME>updateInvoice</IFR_NAME>
     <IFR_SCALE>-2</IFR_SCALE>
     <R3_TYPE>METH</R3_TYPE>
     <R3_NAME>UPDATE_INVOICE</R3_NAME>
     <R3_SEQNUM>000006</R3_SEQNUM>
     <DIRECTION>O</DIRECTION>
     <SYNCHRON>X</SYNCHRON>
    </item>
    <item>
     <OBJECT>CLAS</OBJECT>
     <OBJ_NAME>ZDBS_ISBCO_DDSGENERIC_SERVICE</OBJ_NAME>
     <OBJECT1>METH</OBJECT1>
     <OBJ_NAME1>UPDATE_INVOICE</OBJ_NAME1>
     <OBJECT2>PAEX</OBJECT2>
     <OBJ_NAME2>UPDATE_INVOICE_RESPONSE</OBJ_NAME2>
     <OBJECT_R>TABL</OBJECT_R>
     <OBJ_NAME_R>ZDBS_ISBUPDATE_INVOICE_RESPON2</OBJ_NAME_R>
     <ID>&lt;output&gt; updateInvoiceResponse &lt;operation&gt; updateInvoice &lt;portType&gt; DDSGenericServiceV1x2 http://isbank.com/OpSvcs/PaymentMgmtProcessing/DDS/DDSGeneric/Service/V1 http://isbank.com/OpSvcs/PaymentMgmtProcessing/DDS/DDSGeneric/Service/V1</ID>
     <IFR_TYPE>PartInput</IFR_TYPE>
     <IFR_NAME>updateInvoiceResponse</IFR_NAME>
     <IFR_SCALE>-2</IFR_SCALE>
     <R3_TYPE>PAEX</R3_TYPE>
     <R3_NAME>UPDATE_INVOICE_RESPONSE</R3_NAME>
     <R3_SEQNUM>000002</R3_SEQNUM>
    </item>
    <item>
     <OBJECT>CLAS</OBJECT>
     <OBJ_NAME>ZDBS_ISBCO_DDSGENERIC_SERVICE</OBJ_NAME>
     <OBJECT1>METH</OBJECT1>
     <OBJ_NAME1>UPDATE_INVOICE</OBJ_NAME1>
     <OBJECT2>PAIM</OBJECT2>
     <OBJ_NAME2>UPDATE_INVOICE_REQUEST</OBJ_NAME2>
     <OBJECT_R>TABL</OBJECT_R>
     <OBJ_NAME_R>ZDBS_ISBUPDATE_INVOICE_REQUEST</OBJ_NAME_R>
     <ID>&lt;input&gt; updateInvoiceRequest &lt;operation&gt; updateInvoice &lt;portType&gt; DDSGenericServiceV1x2 http://isbank.com/OpSvcs/PaymentMgmtProcessing/DDS/DDSGeneric/Service/V1 http://isbank.com/OpSvcs/PaymentMgmtProcessing/DDS/DDSGeneric/Service/V1</ID>
     <IFR_TYPE>PartOutput</IFR_TYPE>
     <IFR_NAME>updateInvoiceRequest</IFR_NAME>
     <IFR_SCALE>-2</IFR_SCALE>
     <R3_TYPE>PAIM</R3_TYPE>
     <R3_NAME>UPDATE_INVOICE_REQUEST</R3_NAME>
     <R3_SEQNUM>000001</R3_SEQNUM>
    </item>
   </PROXY_DATA>
  </asx:values>
 </asx:abap>
</abapGit>
