﻿<?xml version="1.0" encoding="utf-8"?>
<abapGit version="v1.0.0" serializer="LCL_OBJECT_SPRX" serializer_version="v1.0.0">
 <asx:abap xmlns:asx="http://www.sap.com/abapxml" version="1.0">
  <asx:values>
   <PROXY_HEADER>
    <item>
     <OBJECT>CLAS</OBJECT>
     <OBJ_NAME>ZDBS_AKBCO_SERVICE_SOAP</OBJ_NAME>
     <OBJECT_M>CLAS</OBJECT_M>
     <OBJ_NAME_M>ZDBS_AKBCO_SERVICE_SOAP</OBJ_NAME_M>
     <HASH_ID>8C067AB84322C3733672C5EC80453C84D74C3B24</HASH_ID>
     <ID>&lt;portType&gt; ServiceSoap http://akbank.onlineBTS.org http://akbank.onlineBTS.org</ID>
     <IFR_GLOBAL>X</IFR_GLOBAL>
     <IFR_TYPE>portType</IFR_TYPE>
     <IFR_NAME>ServiceSoap</IFR_NAME>
     <IFR_NSPCE>http://akbank.onlineBTS.org</IFR_NSPCE>
     <IFR_GNSPCE>http://akbank.onlineBTS.org</IFR_GNSPCE>
     <GEN_VERS>0006</GEN_VERS>
     <PREFIX>ZDBS_AKB</PREFIX>
     <CATEGORY>ifmmessif</CATEGORY>
     <DIRECTION>O</DIRECTION>
     <SYNCHRON>D</SYNCHRON>
     <GEN_APPL>WEBSERVICES</GEN_APPL>
     <X-ML_NSPCE>http://akbank.onlineBTS.org</X-ML_NSPCE>
     <X-ML_NAME>ServiceSoap</X-ML_NAME>
     <FURTHER_DATA>&lt;asx:abap xmlns:asx=&quot;http://www.sap.com/abapxml&quot; version=&quot;1.0&quot;&gt;&lt;asx:values&gt;&lt;DATA&gt;&lt;SOAP_APPL&gt;urn:sap-com:soap:application:esr:client:710&lt;/SOAP_APPL&gt;&lt;/DATA&gt;&lt;/asx:values&gt;&lt;/asx:abap&gt;</FURTHER_DATA>
    </item>
   </PROXY_HEADER>
   <PROXY_DATA>
    <item>
     <OBJECT>CLAS</OBJECT>
     <OBJ_NAME>ZDBS_AKBCO_SERVICE_SOAP</OBJ_NAME>
     <OBJECT1>CLAS</OBJECT1>
     <OBJ_NAME1>ZDBS_AKBCO_SERVICE_SOAP</OBJ_NAME1>
     <OBJECT2>CLAS</OBJECT2>
     <OBJ_NAME2>ZDBS_AKBCO_SERVICE_SOAP</OBJ_NAME2>
     <ID>&lt;portType&gt; ServiceSoap http://akbank.onlineBTS.org http://akbank.onlineBTS.org</ID>
     <IFR_TYPE>portType</IFR_TYPE>
     <IFR_NAME>ServiceSoap</IFR_NAME>
     <IFR_SCALE>-2</IFR_SCALE>
     <R3_TYPE>CLAS</R3_TYPE>
     <R3_NAME>ZDBS_AKBCO_SERVICE_SOAP</R3_NAME>
     <R3_TEXT>Proxy Class (generated)</R3_TEXT>
     <CATEGORY>ifmmessif</CATEGORY>
     <DIRECTION>O</DIRECTION>
     <SYNCHRON>D</SYNCHRON>
    </item>
    <item>
     <OBJECT>CLAS</OBJECT>
     <OBJ_NAME>ZDBS_AKBCO_SERVICE_SOAP</OBJ_NAME>
     <OBJECT1>METH</OBJECT1>
     <OBJ_NAME1>BEKLEYEN_FATURALAR</OBJ_NAME1>
     <OBJECT2>METH</OBJECT2>
     <OBJ_NAME2>BEKLEYEN_FATURALAR</OBJ_NAME2>
     <ID>&lt;operation&gt; BekleyenFaturalar &lt;portType&gt; ServiceSoap http://akbank.onlineBTS.org http://akbank.onlineBTS.org</ID>
     <IFR_TYPE>operation</IFR_TYPE>
     <IFR_NAME>BekleyenFaturalar</IFR_NAME>
     <IFR_TEXT>Bir bayiye ait bekleyen (hiç tahsil edilmemiş) faturaları döner.</IFR_TEXT>
     <IFR_SCALE>-2</IFR_SCALE>
     <R3_TYPE>METH</R3_TYPE>
     <R3_NAME>BEKLEYEN_FATURALAR</R3_NAME>
     <R3_TEXT>Bir bayiye ait bekleyen (hiç tahsil edilmemiş) faturaları dö</R3_TEXT>
     <R3_SEQNUM>000006</R3_SEQNUM>
     <DIRECTION>O</DIRECTION>
     <SYNCHRON>X</SYNCHRON>
    </item>
    <item>
     <OBJECT>CLAS</OBJECT>
     <OBJ_NAME>ZDBS_AKBCO_SERVICE_SOAP</OBJ_NAME>
     <OBJECT1>METH</OBJECT1>
     <OBJ_NAME1>BEKLEYEN_FATURALAR</OBJ_NAME1>
     <OBJECT2>PAEX</OBJECT2>
     <OBJ_NAME2>OUTPUT</OBJ_NAME2>
     <OBJECT_R>TABL</OBJECT_R>
     <OBJ_NAME_R>ZDBS_AKBBEKLEYEN_FATURALAR_SOA</OBJ_NAME_R>
     <ID>&lt;output&gt; output &lt;operation&gt; BekleyenFaturalar &lt;portType&gt; ServiceSoap http://akbank.onlineBTS.org http://akbank.onlineBTS.org</ID>
     <IFR_TYPE>PartInput</IFR_TYPE>
     <IFR_NAME>output</IFR_NAME>
     <IFR_SCALE>-2</IFR_SCALE>
     <R3_TYPE>PAEX</R3_TYPE>
     <R3_NAME>OUTPUT</R3_NAME>
     <R3_SEQNUM>000002</R3_SEQNUM>
    </item>
    <item>
     <OBJECT>CLAS</OBJECT>
     <OBJ_NAME>ZDBS_AKBCO_SERVICE_SOAP</OBJ_NAME>
     <OBJECT1>METH</OBJECT1>
     <OBJ_NAME1>BEKLEYEN_FATURALAR</OBJ_NAME1>
     <OBJECT2>PAIM</OBJECT2>
     <OBJ_NAME2>INPUT</OBJ_NAME2>
     <OBJECT_R>TABL</OBJECT_R>
     <OBJ_NAME_R>ZDBS_AKBBEKLEYEN_FATURALAR_SO1</OBJ_NAME_R>
     <ID>&lt;input&gt; input &lt;operation&gt; BekleyenFaturalar &lt;portType&gt; ServiceSoap http://akbank.onlineBTS.org http://akbank.onlineBTS.org</ID>
     <IFR_TYPE>PartOutput</IFR_TYPE>
     <IFR_NAME>input</IFR_NAME>
     <IFR_SCALE>-2</IFR_SCALE>
     <R3_TYPE>PAIM</R3_TYPE>
     <R3_NAME>INPUT</R3_NAME>
     <R3_SEQNUM>000001</R3_SEQNUM>
    </item>
    <item>
     <OBJECT>CLAS</OBJECT>
     <OBJ_NAME>ZDBS_AKBCO_SERVICE_SOAP</OBJ_NAME>
     <OBJECT1>METH</OBJECT1>
     <OBJ_NAME1>FATURA_SORGULA</OBJ_NAME1>
     <OBJECT2>METH</OBJECT2>
     <OBJ_NAME2>FATURA_SORGULA</OBJ_NAME2>
     <ID>&lt;operation&gt; FaturaSorgula &lt;portType&gt; ServiceSoap http://akbank.onlineBTS.org http://akbank.onlineBTS.org</ID>
     <IFR_TYPE>operation</IFR_TYPE>
     <IFR_NAME>FaturaSorgula</IFR_NAME>
     <IFR_TEXT>Fatura No ile sorgulama yapar ve fatura bilgilerini döndürür.Her sorguda tek fatura döner</IFR_TEXT>
     <IFR_SCALE>-2</IFR_SCALE>
     <R3_TYPE>METH</R3_TYPE>
     <R3_NAME>FATURA_SORGULA</R3_NAME>
     <R3_TEXT>Fatura No ile sorgulama yapar ve fatura bilgilerini döndürür</R3_TEXT>
     <R3_SEQNUM>000004</R3_SEQNUM>
     <DIRECTION>O</DIRECTION>
     <SYNCHRON>X</SYNCHRON>
    </item>
    <item>
     <OBJECT>CLAS</OBJECT>
     <OBJ_NAME>ZDBS_AKBCO_SERVICE_SOAP</OBJ_NAME>
     <OBJECT1>METH</OBJECT1>
     <OBJ_NAME1>FATURA_SORGULA</OBJ_NAME1>
     <OBJECT2>PAEX</OBJECT2>
     <OBJ_NAME2>OUTPUT</OBJ_NAME2>
     <OBJECT_R>TABL</OBJECT_R>
     <OBJ_NAME_R>ZDBS_AKBFATURA_SORGULA_SOAP_OU</OBJ_NAME_R>
     <ID>&lt;output&gt; output &lt;operation&gt; FaturaSorgula &lt;portType&gt; ServiceSoap http://akbank.onlineBTS.org http://akbank.onlineBTS.org</ID>
     <IFR_TYPE>PartInput</IFR_TYPE>
     <IFR_NAME>output</IFR_NAME>
     <IFR_SCALE>-2</IFR_SCALE>
     <R3_TYPE>PAEX</R3_TYPE>
     <R3_NAME>OUTPUT</R3_NAME>
     <R3_SEQNUM>000002</R3_SEQNUM>
    </item>
    <item>
     <OBJECT>CLAS</OBJECT>
     <OBJ_NAME>ZDBS_AKBCO_SERVICE_SOAP</OBJ_NAME>
     <OBJECT1>METH</OBJECT1>
     <OBJ_NAME1>FATURA_SORGULA</OBJ_NAME1>
     <OBJECT2>PAIM</OBJECT2>
     <OBJ_NAME2>INPUT</OBJ_NAME2>
     <OBJECT_R>TABL</OBJECT_R>
     <OBJ_NAME_R>ZDBS_AKBFATURA_SORGULA_SOAP_IN</OBJ_NAME_R>
     <ID>&lt;input&gt; input &lt;operation&gt; FaturaSorgula &lt;portType&gt; ServiceSoap http://akbank.onlineBTS.org http://akbank.onlineBTS.org</ID>
     <IFR_TYPE>PartOutput</IFR_TYPE>
     <IFR_NAME>input</IFR_NAME>
     <IFR_SCALE>-2</IFR_SCALE>
     <R3_TYPE>PAIM</R3_TYPE>
     <R3_NAME>INPUT</R3_NAME>
     <R3_SEQNUM>000001</R3_SEQNUM>
    </item>
    <item>
     <OBJECT>CLAS</OBJECT>
     <OBJ_NAME>ZDBS_AKBCO_SERVICE_SOAP</OBJ_NAME>
     <OBJECT1>METH</OBJECT1>
     <OBJ_NAME1>GUNLUK_TAHSILAT_SORGULA</OBJ_NAME1>
     <OBJECT2>METH</OBJECT2>
     <OBJ_NAME2>GUNLUK_TAHSILAT_SORGULA</OBJ_NAME2>
     <ID>&lt;operation&gt; GunlukTahsilatSorgula &lt;portType&gt; ServiceSoap http://akbank.onlineBTS.org http://akbank.onlineBTS.org</ID>
     <IFR_TYPE>operation</IFR_TYPE>
     <IFR_NAME>GunlukTahsilatSorgula</IFR_NAME>
     <IFR_TEXT>Bir bayinin, bir tarihteki kısmi ya da tamamı tahsil edilmiş faturalarını döner.</IFR_TEXT>
     <IFR_SCALE>-2</IFR_SCALE>
     <R3_TYPE>METH</R3_TYPE>
     <R3_NAME>GUNLUK_TAHSILAT_SORGULA</R3_NAME>
     <R3_TEXT>Bir bayinin, bir tarihteki kısmi ya da tamamı tahsil edilmiş</R3_TEXT>
     <R3_SEQNUM>000005</R3_SEQNUM>
     <DIRECTION>O</DIRECTION>
     <SYNCHRON>X</SYNCHRON>
    </item>
    <item>
     <OBJECT>CLAS</OBJECT>
     <OBJ_NAME>ZDBS_AKBCO_SERVICE_SOAP</OBJ_NAME>
     <OBJECT1>METH</OBJECT1>
     <OBJ_NAME1>GUNLUK_TAHSILAT_SORGULA</OBJ_NAME1>
     <OBJECT2>PAEX</OBJECT2>
     <OBJ_NAME2>OUTPUT</OBJ_NAME2>
     <OBJECT_R>TABL</OBJECT_R>
     <OBJ_NAME_R>ZDBS_AKBGUNLUK_TAHSILAT_SORGUL</OBJ_NAME_R>
     <ID>&lt;output&gt; output &lt;operation&gt; GunlukTahsilatSorgula &lt;portType&gt; ServiceSoap http://akbank.onlineBTS.org http://akbank.onlineBTS.org</ID>
     <IFR_TYPE>PartInput</IFR_TYPE>
     <IFR_NAME>output</IFR_NAME>
     <IFR_SCALE>-2</IFR_SCALE>
     <R3_TYPE>PAEX</R3_TYPE>
     <R3_NAME>OUTPUT</R3_NAME>
     <R3_SEQNUM>000002</R3_SEQNUM>
    </item>
    <item>
     <OBJECT>CLAS</OBJECT>
     <OBJ_NAME>ZDBS_AKBCO_SERVICE_SOAP</OBJ_NAME>
     <OBJECT1>METH</OBJECT1>
     <OBJ_NAME1>GUNLUK_TAHSILAT_SORGULA</OBJ_NAME1>
     <OBJECT2>PAIM</OBJECT2>
     <OBJ_NAME2>INPUT</OBJ_NAME2>
     <OBJECT_R>TABL</OBJECT_R>
     <OBJ_NAME_R>ZDBS_AKBGUNLUK_TAHSILAT_SORGU1</OBJ_NAME_R>
     <ID>&lt;input&gt; input &lt;operation&gt; GunlukTahsilatSorgula &lt;portType&gt; ServiceSoap http://akbank.onlineBTS.org http://akbank.onlineBTS.org</ID>
     <IFR_TYPE>PartOutput</IFR_TYPE>
     <IFR_NAME>input</IFR_NAME>
     <IFR_SCALE>-2</IFR_SCALE>
     <R3_TYPE>PAIM</R3_TYPE>
     <R3_NAME>INPUT</R3_NAME>
     <R3_SEQNUM>000001</R3_SEQNUM>
    </item>
    <item>
     <OBJECT>CLAS</OBJECT>
     <OBJ_NAME>ZDBS_AKBCO_SERVICE_SOAP</OBJ_NAME>
     <OBJECT1>METH</OBJECT1>
     <OBJ_NAME1>LIMIT_SORGU</OBJ_NAME1>
     <OBJECT2>METH</OBJECT2>
     <OBJ_NAME2>LIMIT_SORGU</OBJ_NAME2>
     <ID>&lt;operation&gt; LimitSorgu &lt;portType&gt; ServiceSoap http://akbank.onlineBTS.org http://akbank.onlineBTS.org</ID>
     <IFR_TYPE>operation</IFR_TYPE>
     <IFR_NAME>LimitSorgu</IFR_NAME>
     <IFR_TEXT>DBS sistemindeki bayilerin limit bilgilerini verir</IFR_TEXT>
     <IFR_SCALE>-2</IFR_SCALE>
     <R3_TYPE>METH</R3_TYPE>
     <R3_NAME>LIMIT_SORGU</R3_NAME>
     <R3_TEXT>DBS sistemindeki bayilerin limit bilgilerini verir</R3_TEXT>
     <R3_SEQNUM>000003</R3_SEQNUM>
     <DIRECTION>O</DIRECTION>
     <SYNCHRON>X</SYNCHRON>
    </item>
    <item>
     <OBJECT>CLAS</OBJECT>
     <OBJ_NAME>ZDBS_AKBCO_SERVICE_SOAP</OBJ_NAME>
     <OBJECT1>METH</OBJECT1>
     <OBJ_NAME1>LIMIT_SORGU</OBJ_NAME1>
     <OBJECT2>PAEX</OBJECT2>
     <OBJ_NAME2>OUTPUT</OBJ_NAME2>
     <OBJECT_R>TABL</OBJECT_R>
     <OBJ_NAME_R>ZDBS_AKBLIMIT_SORGU_SOAP_OUT</OBJ_NAME_R>
     <ID>&lt;output&gt; output &lt;operation&gt; LimitSorgu &lt;portType&gt; ServiceSoap http://akbank.onlineBTS.org http://akbank.onlineBTS.org</ID>
     <IFR_TYPE>PartInput</IFR_TYPE>
     <IFR_NAME>output</IFR_NAME>
     <IFR_SCALE>-2</IFR_SCALE>
     <R3_TYPE>PAEX</R3_TYPE>
     <R3_NAME>OUTPUT</R3_NAME>
     <R3_SEQNUM>000002</R3_SEQNUM>
    </item>
    <item>
     <OBJECT>CLAS</OBJECT>
     <OBJ_NAME>ZDBS_AKBCO_SERVICE_SOAP</OBJ_NAME>
     <OBJECT1>METH</OBJECT1>
     <OBJ_NAME1>LIMIT_SORGU</OBJ_NAME1>
     <OBJECT2>PAIM</OBJECT2>
     <OBJ_NAME2>INPUT</OBJ_NAME2>
     <OBJECT_R>TABL</OBJECT_R>
     <OBJ_NAME_R>ZDBS_AKBLIMIT_SORGU_SOAP_IN</OBJ_NAME_R>
     <ID>&lt;input&gt; input &lt;operation&gt; LimitSorgu &lt;portType&gt; ServiceSoap http://akbank.onlineBTS.org http://akbank.onlineBTS.org</ID>
     <IFR_TYPE>PartOutput</IFR_TYPE>
     <IFR_NAME>input</IFR_NAME>
     <IFR_SCALE>-2</IFR_SCALE>
     <R3_TYPE>PAIM</R3_TYPE>
     <R3_NAME>INPUT</R3_NAME>
     <R3_SEQNUM>000001</R3_SEQNUM>
    </item>
    <item>
     <OBJECT>CLAS</OBJECT>
     <OBJ_NAME>ZDBS_AKBCO_SERVICE_SOAP</OBJ_NAME>
     <OBJECT1>METH</OBJECT1>
     <OBJ_NAME1>PESIN_FATURA_YUKLE</OBJ_NAME1>
     <OBJECT2>METH</OBJECT2>
     <OBJ_NAME2>PESIN_FATURA_YUKLE</OBJ_NAME2>
     <ID>&lt;operation&gt; PesinFaturaYukle &lt;portType&gt; ServiceSoap http://akbank.onlineBTS.org http://akbank.onlineBTS.org</ID>
     <IFR_TYPE>operation</IFR_TYPE>
     <IFR_NAME>PesinFaturaYukle</IFR_NAME>
     <IFR_TEXT>Bugün vadeli fatura yükleme (her mesajda tek fatura alır)</IFR_TEXT>
     <IFR_SCALE>-2</IFR_SCALE>
     <R3_TYPE>METH</R3_TYPE>
     <R3_NAME>PESIN_FATURA_YUKLE</R3_NAME>
     <R3_TEXT>Bugün vadeli fatura yükleme (her mesajda tek fatura alır)</R3_TEXT>
     <R3_SEQNUM>000002</R3_SEQNUM>
     <DIRECTION>O</DIRECTION>
     <SYNCHRON>X</SYNCHRON>
    </item>
    <item>
     <OBJECT>CLAS</OBJECT>
     <OBJ_NAME>ZDBS_AKBCO_SERVICE_SOAP</OBJ_NAME>
     <OBJECT1>METH</OBJECT1>
     <OBJ_NAME1>PESIN_FATURA_YUKLE</OBJ_NAME1>
     <OBJECT2>PAEX</OBJECT2>
     <OBJ_NAME2>OUTPUT</OBJ_NAME2>
     <OBJECT_R>TABL</OBJECT_R>
     <OBJ_NAME_R>ZDBS_AKBPESIN_FATURA_YUKLE_SOA</OBJ_NAME_R>
     <ID>&lt;output&gt; output &lt;operation&gt; PesinFaturaYukle &lt;portType&gt; ServiceSoap http://akbank.onlineBTS.org http://akbank.onlineBTS.org</ID>
     <IFR_TYPE>PartInput</IFR_TYPE>
     <IFR_NAME>output</IFR_NAME>
     <IFR_SCALE>-2</IFR_SCALE>
     <R3_TYPE>PAEX</R3_TYPE>
     <R3_NAME>OUTPUT</R3_NAME>
     <R3_SEQNUM>000002</R3_SEQNUM>
    </item>
    <item>
     <OBJECT>CLAS</OBJECT>
     <OBJ_NAME>ZDBS_AKBCO_SERVICE_SOAP</OBJ_NAME>
     <OBJECT1>METH</OBJECT1>
     <OBJ_NAME1>PESIN_FATURA_YUKLE</OBJ_NAME1>
     <OBJECT2>PAIM</OBJECT2>
     <OBJ_NAME2>INPUT</OBJ_NAME2>
     <OBJECT_R>TABL</OBJECT_R>
     <OBJ_NAME_R>ZDBS_AKBPESIN_FATURA_YUKLE_SO1</OBJ_NAME_R>
     <ID>&lt;input&gt; input &lt;operation&gt; PesinFaturaYukle &lt;portType&gt; ServiceSoap http://akbank.onlineBTS.org http://akbank.onlineBTS.org</ID>
     <IFR_TYPE>PartOutput</IFR_TYPE>
     <IFR_NAME>input</IFR_NAME>
     <IFR_SCALE>-2</IFR_SCALE>
     <R3_TYPE>PAIM</R3_TYPE>
     <R3_NAME>INPUT</R3_NAME>
     <R3_SEQNUM>000001</R3_SEQNUM>
    </item>
    <item>
     <OBJECT>CLAS</OBJECT>
     <OBJ_NAME>ZDBS_AKBCO_SERVICE_SOAP</OBJ_NAME>
     <OBJECT1>METH</OBJECT1>
     <OBJ_NAME1>VADELI_FATURA_YUKLE</OBJ_NAME1>
     <OBJECT2>METH</OBJECT2>
     <OBJ_NAME2>VADELI_FATURA_YUKLE</OBJ_NAME2>
     <ID>&lt;operation&gt; VadeliFaturaYukle &lt;portType&gt; ServiceSoap http://akbank.onlineBTS.org http://akbank.onlineBTS.org</ID>
     <IFR_TYPE>operation</IFR_TYPE>
     <IFR_NAME>VadeliFaturaYukle</IFR_NAME>
     <IFR_TEXT>İleri vadeli fatura yükleme (her mesajda tek fatura alır)</IFR_TEXT>
     <IFR_SCALE>-2</IFR_SCALE>
     <R3_TYPE>METH</R3_TYPE>
     <R3_NAME>VADELI_FATURA_YUKLE</R3_NAME>
     <R3_TEXT>İleri vadeli fatura yükleme (her mesajda tek fatura alır)</R3_TEXT>
     <R3_SEQNUM>000001</R3_SEQNUM>
     <DIRECTION>O</DIRECTION>
     <SYNCHRON>X</SYNCHRON>
    </item>
    <item>
     <OBJECT>CLAS</OBJECT>
     <OBJ_NAME>ZDBS_AKBCO_SERVICE_SOAP</OBJ_NAME>
     <OBJECT1>METH</OBJECT1>
     <OBJ_NAME1>VADELI_FATURA_YUKLE</OBJ_NAME1>
     <OBJECT2>PAEX</OBJECT2>
     <OBJ_NAME2>OUTPUT</OBJ_NAME2>
     <OBJECT_R>TABL</OBJECT_R>
     <OBJ_NAME_R>ZDBS_AKBVADELI_FATURA_YUKLE_SO</OBJ_NAME_R>
     <ID>&lt;output&gt; output &lt;operation&gt; VadeliFaturaYukle &lt;portType&gt; ServiceSoap http://akbank.onlineBTS.org http://akbank.onlineBTS.org</ID>
     <IFR_TYPE>PartInput</IFR_TYPE>
     <IFR_NAME>output</IFR_NAME>
     <IFR_SCALE>-2</IFR_SCALE>
     <R3_TYPE>PAEX</R3_TYPE>
     <R3_NAME>OUTPUT</R3_NAME>
     <R3_SEQNUM>000002</R3_SEQNUM>
    </item>
    <item>
     <OBJECT>CLAS</OBJECT>
     <OBJ_NAME>ZDBS_AKBCO_SERVICE_SOAP</OBJ_NAME>
     <OBJECT1>METH</OBJECT1>
     <OBJ_NAME1>VADELI_FATURA_YUKLE</OBJ_NAME1>
     <OBJECT2>PAIM</OBJECT2>
     <OBJ_NAME2>INPUT</OBJ_NAME2>
     <OBJECT_R>TABL</OBJECT_R>
     <OBJ_NAME_R>ZDBS_AKBVADELI_FATURA_YUKLE_S1</OBJ_NAME_R>
     <ID>&lt;input&gt; input &lt;operation&gt; VadeliFaturaYukle &lt;portType&gt; ServiceSoap http://akbank.onlineBTS.org http://akbank.onlineBTS.org</ID>
     <IFR_TYPE>PartOutput</IFR_TYPE>
     <IFR_NAME>input</IFR_NAME>
     <IFR_SCALE>-2</IFR_SCALE>
     <R3_TYPE>PAIM</R3_TYPE>
     <R3_NAME>INPUT</R3_NAME>
     <R3_SEQNUM>000001</R3_SEQNUM>
    </item>
   </PROXY_DATA>
  </asx:values>
 </asx:abap>
</abapGit>
