﻿<?xml version="1.0" encoding="utf-8"?>
<abapGit version="v1.0.0" serializer="LCL_OBJECT_SPRX" serializer_version="v1.0.0">
 <asx:abap xmlns:asx="http://www.sap.com/abapxml" version="1.0">
  <asx:values>
   <PROXY_HEADER>
    <item>
     <OBJECT>CLAS</OBJECT>
     <OBJ_NAME>ZDBS_GRNCO_PAYMENT_SERVICE_POR</OBJ_NAME>
     <OBJECT_M>CLAS</OBJECT_M>
     <OBJ_NAME_M>ZDBS_GRNCO_PAYMENT_SERVICE_POR</OBJ_NAME_M>
     <HASH_ID>3D00B6BE89294F08F40EF11069290F8A05052406</HASH_ID>
     <ID>&lt;portType&gt; PaymentServicePortType PaymentService PaymentService</ID>
     <IFR_GLOBAL>X</IFR_GLOBAL>
     <IFR_TYPE>portType</IFR_TYPE>
     <IFR_NAME>PaymentServicePortType</IFR_NAME>
     <IFR_NSPCE>PaymentService</IFR_NSPCE>
     <IFR_GNSPCE>PaymentService</IFR_GNSPCE>
     <GEN_VERS>0006</GEN_VERS>
     <PREFIX>ZDBS_GRN</PREFIX>
     <CATEGORY>ifmmessif</CATEGORY>
     <DIRECTION>O</DIRECTION>
     <SYNCHRON>D</SYNCHRON>
     <GEN_APPL>WEBSERVICES</GEN_APPL>
     <X-ML_NSPCE>PaymentService</X-ML_NSPCE>
     <X-ML_NAME>PaymentServicePortType</X-ML_NAME>
     <FURTHER_DATA>&lt;asx:abap xmlns:asx=&quot;http://www.sap.com/abapxml&quot; version=&quot;1.0&quot;&gt;&lt;asx:values&gt;&lt;DATA&gt;&lt;SOAP_APPL&gt;urn:sap-com:soap:application:esr:client:710&lt;/SOAP_APPL&gt;&lt;/DATA&gt;&lt;/asx:values&gt;&lt;/asx:abap&gt;</FURTHER_DATA>
    </item>
   </PROXY_HEADER>
   <PROXY_DATA>
    <item>
     <OBJECT>CLAS</OBJECT>
     <OBJ_NAME>ZDBS_GRNCO_PAYMENT_SERVICE_POR</OBJ_NAME>
     <OBJECT1>CLAS</OBJECT1>
     <OBJ_NAME1>ZDBS_GRNCO_PAYMENT_SERVICE_POR</OBJ_NAME1>
     <OBJECT2>CLAS</OBJECT2>
     <OBJ_NAME2>ZDBS_GRNCO_PAYMENT_SERVICE_POR</OBJ_NAME2>
     <ID>&lt;portType&gt; PaymentServicePortType PaymentService PaymentService</ID>
     <IFR_TYPE>portType</IFR_TYPE>
     <IFR_NAME>PaymentServicePortType</IFR_NAME>
     <IFR_SCALE>-2</IFR_SCALE>
     <R3_TYPE>CLAS</R3_TYPE>
     <R3_NAME>ZDBS_GRNCO_PAYMENT_SERVICE_POR</R3_NAME>
     <R3_TEXT>Proxy Class (generated)</R3_TEXT>
     <CATEGORY>ifmmessif</CATEGORY>
     <DIRECTION>O</DIRECTION>
     <SYNCHRON>D</SYNCHRON>
    </item>
    <item>
     <OBJECT>CLAS</OBJECT>
     <OBJ_NAME>ZDBS_GRNCO_PAYMENT_SERVICE_POR</OBJ_NAME>
     <OBJECT1>METH</OBJECT1>
     <OBJ_NAME1>GET_ACCOUNT_BALANCE</OBJ_NAME1>
     <OBJECT2>METH</OBJECT2>
     <OBJ_NAME2>GET_ACCOUNT_BALANCE</OBJ_NAME2>
     <ID>&lt;operation&gt; GetAccountBalance &lt;portType&gt; PaymentServicePortType PaymentService PaymentService</ID>
     <IFR_TYPE>operation</IFR_TYPE>
     <IFR_NAME>GetAccountBalance</IFR_NAME>
     <IFR_SCALE>-2</IFR_SCALE>
     <R3_TYPE>METH</R3_TYPE>
     <R3_NAME>GET_ACCOUNT_BALANCE</R3_NAME>
     <R3_SEQNUM>000012</R3_SEQNUM>
     <DIRECTION>O</DIRECTION>
     <SYNCHRON>X</SYNCHRON>
    </item>
    <item>
     <OBJECT>CLAS</OBJECT>
     <OBJ_NAME>ZDBS_GRNCO_PAYMENT_SERVICE_POR</OBJ_NAME>
     <OBJECT1>METH</OBJECT1>
     <OBJ_NAME1>GET_ACCOUNT_BALANCE</OBJ_NAME1>
     <OBJECT2>PAEX</OBJECT2>
     <OBJ_NAME2>OUTPUT</OBJ_NAME2>
     <OBJECT_R>TABL</OBJECT_R>
     <OBJ_NAME_R>ZDBS_GRNACCOUNT_BALANCE_RESPO1</OBJ_NAME_R>
     <ID>&lt;output&gt; output &lt;operation&gt; GetAccountBalance &lt;portType&gt; PaymentServicePortType PaymentService PaymentService</ID>
     <IFR_TYPE>PartInput</IFR_TYPE>
     <IFR_NAME>output</IFR_NAME>
     <IFR_SCALE>-2</IFR_SCALE>
     <R3_TYPE>PAEX</R3_TYPE>
     <R3_NAME>OUTPUT</R3_NAME>
     <R3_SEQNUM>000002</R3_SEQNUM>
    </item>
    <item>
     <OBJECT>CLAS</OBJECT>
     <OBJ_NAME>ZDBS_GRNCO_PAYMENT_SERVICE_POR</OBJ_NAME>
     <OBJECT1>METH</OBJECT1>
     <OBJ_NAME1>GET_ACCOUNT_BALANCE</OBJ_NAME1>
     <OBJECT2>PAIM</OBJECT2>
     <OBJ_NAME2>INPUT</OBJ_NAME2>
     <OBJECT_R>TABL</OBJECT_R>
     <OBJ_NAME_R>ZDBS_GRNACCOUNT_BALANCE_REQUE1</OBJ_NAME_R>
     <ID>&lt;input&gt; input &lt;operation&gt; GetAccountBalance &lt;portType&gt; PaymentServicePortType PaymentService PaymentService</ID>
     <IFR_TYPE>PartOutput</IFR_TYPE>
     <IFR_NAME>input</IFR_NAME>
     <IFR_SCALE>-2</IFR_SCALE>
     <R3_TYPE>PAIM</R3_TYPE>
     <R3_NAME>INPUT</R3_NAME>
     <R3_SEQNUM>000001</R3_SEQNUM>
    </item>
    <item>
     <OBJECT>CLAS</OBJECT>
     <OBJ_NAME>ZDBS_GRNCO_PAYMENT_SERVICE_POR</OBJ_NAME>
     <OBJECT1>METH</OBJECT1>
     <OBJ_NAME1>GET_ACCOUNT_INFO</OBJ_NAME1>
     <OBJECT2>METH</OBJECT2>
     <OBJ_NAME2>GET_ACCOUNT_INFO</OBJ_NAME2>
     <ID>&lt;operation&gt; GetAccountInfo &lt;portType&gt; PaymentServicePortType PaymentService PaymentService</ID>
     <IFR_TYPE>operation</IFR_TYPE>
     <IFR_NAME>GetAccountInfo</IFR_NAME>
     <IFR_SCALE>-2</IFR_SCALE>
     <R3_TYPE>METH</R3_TYPE>
     <R3_NAME>GET_ACCOUNT_INFO</R3_NAME>
     <R3_SEQNUM>000014</R3_SEQNUM>
     <DIRECTION>O</DIRECTION>
     <SYNCHRON>X</SYNCHRON>
    </item>
    <item>
     <OBJECT>CLAS</OBJECT>
     <OBJ_NAME>ZDBS_GRNCO_PAYMENT_SERVICE_POR</OBJ_NAME>
     <OBJECT1>METH</OBJECT1>
     <OBJ_NAME1>GET_ACCOUNT_INFO</OBJ_NAME1>
     <OBJECT2>PAEX</OBJECT2>
     <OBJ_NAME2>OUTPUT</OBJ_NAME2>
     <OBJECT_R>TABL</OBJECT_R>
     <OBJ_NAME_R>ZDBS_GRNACCOUNT_INFO_RESPONSE1</OBJ_NAME_R>
     <ID>&lt;output&gt; output &lt;operation&gt; GetAccountInfo &lt;portType&gt; PaymentServicePortType PaymentService PaymentService</ID>
     <IFR_TYPE>PartInput</IFR_TYPE>
     <IFR_NAME>output</IFR_NAME>
     <IFR_SCALE>-2</IFR_SCALE>
     <R3_TYPE>PAEX</R3_TYPE>
     <R3_NAME>OUTPUT</R3_NAME>
     <R3_SEQNUM>000002</R3_SEQNUM>
    </item>
    <item>
     <OBJECT>CLAS</OBJECT>
     <OBJ_NAME>ZDBS_GRNCO_PAYMENT_SERVICE_POR</OBJ_NAME>
     <OBJECT1>METH</OBJECT1>
     <OBJ_NAME1>GET_ACCOUNT_INFO</OBJ_NAME1>
     <OBJECT2>PAIM</OBJECT2>
     <OBJ_NAME2>INPUT</OBJ_NAME2>
     <OBJECT_R>TABL</OBJECT_R>
     <OBJ_NAME_R>ZDBS_GRNACCOUNT_INFO_REQUEST_M</OBJ_NAME_R>
     <ID>&lt;input&gt; input &lt;operation&gt; GetAccountInfo &lt;portType&gt; PaymentServicePortType PaymentService PaymentService</ID>
     <IFR_TYPE>PartOutput</IFR_TYPE>
     <IFR_NAME>input</IFR_NAME>
     <IFR_SCALE>-2</IFR_SCALE>
     <R3_TYPE>PAIM</R3_TYPE>
     <R3_NAME>INPUT</R3_NAME>
     <R3_SEQNUM>000001</R3_SEQNUM>
    </item>
    <item>
     <OBJECT>CLAS</OBJECT>
     <OBJ_NAME>ZDBS_GRNCO_PAYMENT_SERVICE_POR</OBJ_NAME>
     <OBJECT1>METH</OBJECT1>
     <OBJ_NAME1>GET_BATCH_DETAIL</OBJ_NAME1>
     <OBJECT2>METH</OBJECT2>
     <OBJ_NAME2>GET_BATCH_DETAIL</OBJ_NAME2>
     <ID>&lt;operation&gt; GetBatchDetail &lt;portType&gt; PaymentServicePortType PaymentService PaymentService</ID>
     <IFR_TYPE>operation</IFR_TYPE>
     <IFR_NAME>GetBatchDetail</IFR_NAME>
     <IFR_SCALE>-2</IFR_SCALE>
     <R3_TYPE>METH</R3_TYPE>
     <R3_NAME>GET_BATCH_DETAIL</R3_NAME>
     <R3_SEQNUM>000003</R3_SEQNUM>
     <DIRECTION>O</DIRECTION>
     <SYNCHRON>X</SYNCHRON>
    </item>
    <item>
     <OBJECT>CLAS</OBJECT>
     <OBJ_NAME>ZDBS_GRNCO_PAYMENT_SERVICE_POR</OBJ_NAME>
     <OBJECT1>METH</OBJECT1>
     <OBJ_NAME1>GET_BATCH_DETAIL</OBJ_NAME1>
     <OBJECT2>PAEX</OBJECT2>
     <OBJ_NAME2>OUTPUT</OBJ_NAME2>
     <OBJECT_R>TABL</OBJECT_R>
     <OBJ_NAME_R>ZDBS_GRNBATCH_DETAIL_RESPONSE1</OBJ_NAME_R>
     <ID>&lt;output&gt; output &lt;operation&gt; GetBatchDetail &lt;portType&gt; PaymentServicePortType PaymentService PaymentService</ID>
     <IFR_TYPE>PartInput</IFR_TYPE>
     <IFR_NAME>output</IFR_NAME>
     <IFR_SCALE>-2</IFR_SCALE>
     <R3_TYPE>PAEX</R3_TYPE>
     <R3_NAME>OUTPUT</R3_NAME>
     <R3_SEQNUM>000002</R3_SEQNUM>
    </item>
    <item>
     <OBJECT>CLAS</OBJECT>
     <OBJ_NAME>ZDBS_GRNCO_PAYMENT_SERVICE_POR</OBJ_NAME>
     <OBJECT1>METH</OBJECT1>
     <OBJ_NAME1>GET_BATCH_DETAIL</OBJ_NAME1>
     <OBJECT2>PAIM</OBJECT2>
     <OBJ_NAME2>INPUT</OBJ_NAME2>
     <OBJECT_R>TABL</OBJECT_R>
     <OBJ_NAME_R>ZDBS_GRNBATCH_DETAIL_REQUEST_M</OBJ_NAME_R>
     <ID>&lt;input&gt; input &lt;operation&gt; GetBatchDetail &lt;portType&gt; PaymentServicePortType PaymentService PaymentService</ID>
     <IFR_TYPE>PartOutput</IFR_TYPE>
     <IFR_NAME>input</IFR_NAME>
     <IFR_SCALE>-2</IFR_SCALE>
     <R3_TYPE>PAIM</R3_TYPE>
     <R3_NAME>INPUT</R3_NAME>
     <R3_SEQNUM>000001</R3_SEQNUM>
    </item>
    <item>
     <OBJECT>CLAS</OBJECT>
     <OBJ_NAME>ZDBS_GRNCO_PAYMENT_SERVICE_POR</OBJ_NAME>
     <OBJECT1>METH</OBJECT1>
     <OBJ_NAME1>GET_BATCH_HEADER</OBJ_NAME1>
     <OBJECT2>METH</OBJECT2>
     <OBJ_NAME2>GET_BATCH_HEADER</OBJ_NAME2>
     <ID>&lt;operation&gt; GetBatchHeader &lt;portType&gt; PaymentServicePortType PaymentService PaymentService</ID>
     <IFR_TYPE>operation</IFR_TYPE>
     <IFR_NAME>GetBatchHeader</IFR_NAME>
     <IFR_SCALE>-2</IFR_SCALE>
     <R3_TYPE>METH</R3_TYPE>
     <R3_NAME>GET_BATCH_HEADER</R3_NAME>
     <R3_SEQNUM>000001</R3_SEQNUM>
     <DIRECTION>O</DIRECTION>
     <SYNCHRON>X</SYNCHRON>
    </item>
    <item>
     <OBJECT>CLAS</OBJECT>
     <OBJ_NAME>ZDBS_GRNCO_PAYMENT_SERVICE_POR</OBJ_NAME>
     <OBJECT1>METH</OBJECT1>
     <OBJ_NAME1>GET_BATCH_HEADER</OBJ_NAME1>
     <OBJECT2>PAEX</OBJECT2>
     <OBJ_NAME2>OUTPUT</OBJ_NAME2>
     <OBJECT_R>TABL</OBJECT_R>
     <OBJ_NAME_R>ZDBS_GRNBATCH_HEADER_RESPONSE1</OBJ_NAME_R>
     <ID>&lt;output&gt; output &lt;operation&gt; GetBatchHeader &lt;portType&gt; PaymentServicePortType PaymentService PaymentService</ID>
     <IFR_TYPE>PartInput</IFR_TYPE>
     <IFR_NAME>output</IFR_NAME>
     <IFR_SCALE>-2</IFR_SCALE>
     <R3_TYPE>PAEX</R3_TYPE>
     <R3_NAME>OUTPUT</R3_NAME>
     <R3_SEQNUM>000002</R3_SEQNUM>
    </item>
    <item>
     <OBJECT>CLAS</OBJECT>
     <OBJ_NAME>ZDBS_GRNCO_PAYMENT_SERVICE_POR</OBJ_NAME>
     <OBJECT1>METH</OBJECT1>
     <OBJ_NAME1>GET_BATCH_HEADER</OBJ_NAME1>
     <OBJECT2>PAIM</OBJECT2>
     <OBJ_NAME2>INPUT</OBJ_NAME2>
     <OBJECT_R>TABL</OBJECT_R>
     <OBJ_NAME_R>ZDBS_GRNBATCH_HEADER_REQUEST_M</OBJ_NAME_R>
     <ID>&lt;input&gt; input &lt;operation&gt; GetBatchHeader &lt;portType&gt; PaymentServicePortType PaymentService PaymentService</ID>
     <IFR_TYPE>PartOutput</IFR_TYPE>
     <IFR_NAME>input</IFR_NAME>
     <IFR_SCALE>-2</IFR_SCALE>
     <R3_TYPE>PAIM</R3_TYPE>
     <R3_NAME>INPUT</R3_NAME>
     <R3_SEQNUM>000001</R3_SEQNUM>
    </item>
    <item>
     <OBJECT>CLAS</OBJECT>
     <OBJ_NAME>ZDBS_GRNCO_PAYMENT_SERVICE_POR</OBJ_NAME>
     <OBJECT1>METH</OBJECT1>
     <OBJ_NAME1>GET_BATCH_TRAILER</OBJ_NAME1>
     <OBJECT2>METH</OBJECT2>
     <OBJ_NAME2>GET_BATCH_TRAILER</OBJ_NAME2>
     <ID>&lt;operation&gt; GetBatchTrailer &lt;portType&gt; PaymentServicePortType PaymentService PaymentService</ID>
     <IFR_TYPE>operation</IFR_TYPE>
     <IFR_NAME>GetBatchTrailer</IFR_NAME>
     <IFR_SCALE>-2</IFR_SCALE>
     <R3_TYPE>METH</R3_TYPE>
     <R3_NAME>GET_BATCH_TRAILER</R3_NAME>
     <R3_SEQNUM>000002</R3_SEQNUM>
     <DIRECTION>O</DIRECTION>
     <SYNCHRON>X</SYNCHRON>
    </item>
    <item>
     <OBJECT>CLAS</OBJECT>
     <OBJ_NAME>ZDBS_GRNCO_PAYMENT_SERVICE_POR</OBJ_NAME>
     <OBJECT1>METH</OBJECT1>
     <OBJ_NAME1>GET_BATCH_TRAILER</OBJ_NAME1>
     <OBJECT2>PAEX</OBJECT2>
     <OBJ_NAME2>OUTPUT</OBJ_NAME2>
     <OBJECT_R>TABL</OBJECT_R>
     <OBJ_NAME_R>ZDBS_GRNBATCH_TRAILER_RESPONS1</OBJ_NAME_R>
     <ID>&lt;output&gt; output &lt;operation&gt; GetBatchTrailer &lt;portType&gt; PaymentServicePortType PaymentService PaymentService</ID>
     <IFR_TYPE>PartInput</IFR_TYPE>
     <IFR_NAME>output</IFR_NAME>
     <IFR_SCALE>-2</IFR_SCALE>
     <R3_TYPE>PAEX</R3_TYPE>
     <R3_NAME>OUTPUT</R3_NAME>
     <R3_SEQNUM>000002</R3_SEQNUM>
    </item>
    <item>
     <OBJECT>CLAS</OBJECT>
     <OBJ_NAME>ZDBS_GRNCO_PAYMENT_SERVICE_POR</OBJ_NAME>
     <OBJECT1>METH</OBJECT1>
     <OBJ_NAME1>GET_BATCH_TRAILER</OBJ_NAME1>
     <OBJECT2>PAIM</OBJECT2>
     <OBJ_NAME2>INPUT</OBJ_NAME2>
     <OBJECT_R>TABL</OBJECT_R>
     <OBJ_NAME_R>ZDBS_GRNBATCH_TRAILER_REQUEST1</OBJ_NAME_R>
     <ID>&lt;input&gt; input &lt;operation&gt; GetBatchTrailer &lt;portType&gt; PaymentServicePortType PaymentService PaymentService</ID>
     <IFR_TYPE>PartOutput</IFR_TYPE>
     <IFR_NAME>input</IFR_NAME>
     <IFR_SCALE>-2</IFR_SCALE>
     <R3_TYPE>PAIM</R3_TYPE>
     <R3_NAME>INPUT</R3_NAME>
     <R3_SEQNUM>000001</R3_SEQNUM>
    </item>
    <item>
     <OBJECT>CLAS</OBJECT>
     <OBJ_NAME>ZDBS_GRNCO_PAYMENT_SERVICE_POR</OBJ_NAME>
     <OBJECT1>METH</OBJECT1>
     <OBJ_NAME1>GET_CONTRACT_STATUS</OBJ_NAME1>
     <OBJECT2>METH</OBJECT2>
     <OBJ_NAME2>GET_CONTRACT_STATUS</OBJ_NAME2>
     <ID>&lt;operation&gt; GetContractStatus &lt;portType&gt; PaymentServicePortType PaymentService PaymentService</ID>
     <IFR_TYPE>operation</IFR_TYPE>
     <IFR_NAME>GetContractStatus</IFR_NAME>
     <IFR_SCALE>-2</IFR_SCALE>
     <R3_TYPE>METH</R3_TYPE>
     <R3_NAME>GET_CONTRACT_STATUS</R3_NAME>
     <R3_SEQNUM>000006</R3_SEQNUM>
     <DIRECTION>O</DIRECTION>
     <SYNCHRON>X</SYNCHRON>
    </item>
    <item>
     <OBJECT>CLAS</OBJECT>
     <OBJ_NAME>ZDBS_GRNCO_PAYMENT_SERVICE_POR</OBJ_NAME>
     <OBJECT1>METH</OBJECT1>
     <OBJ_NAME1>GET_CONTRACT_STATUS</OBJ_NAME1>
     <OBJECT2>PAEX</OBJECT2>
     <OBJ_NAME2>OUTPUT</OBJ_NAME2>
     <OBJECT_R>TABL</OBJECT_R>
     <OBJ_NAME_R>ZDBS_GRNCONTRACT_STATUS_RESPO1</OBJ_NAME_R>
     <ID>&lt;output&gt; output &lt;operation&gt; GetContractStatus &lt;portType&gt; PaymentServicePortType PaymentService PaymentService</ID>
     <IFR_TYPE>PartInput</IFR_TYPE>
     <IFR_NAME>output</IFR_NAME>
     <IFR_SCALE>-2</IFR_SCALE>
     <R3_TYPE>PAEX</R3_TYPE>
     <R3_NAME>OUTPUT</R3_NAME>
     <R3_SEQNUM>000002</R3_SEQNUM>
    </item>
    <item>
     <OBJECT>CLAS</OBJECT>
     <OBJ_NAME>ZDBS_GRNCO_PAYMENT_SERVICE_POR</OBJ_NAME>
     <OBJECT1>METH</OBJECT1>
     <OBJ_NAME1>GET_CONTRACT_STATUS</OBJ_NAME1>
     <OBJECT2>PAIM</OBJECT2>
     <OBJ_NAME2>INPUT</OBJ_NAME2>
     <OBJECT_R>TABL</OBJECT_R>
     <OBJ_NAME_R>ZDBS_GRNCONTRACT_STATUS_REQUE1</OBJ_NAME_R>
     <ID>&lt;input&gt; input &lt;operation&gt; GetContractStatus &lt;portType&gt; PaymentServicePortType PaymentService PaymentService</ID>
     <IFR_TYPE>PartOutput</IFR_TYPE>
     <IFR_NAME>input</IFR_NAME>
     <IFR_SCALE>-2</IFR_SCALE>
     <R3_TYPE>PAIM</R3_TYPE>
     <R3_NAME>INPUT</R3_NAME>
     <R3_SEQNUM>000001</R3_SEQNUM>
    </item>
    <item>
     <OBJECT>CLAS</OBJECT>
     <OBJ_NAME>ZDBS_GRNCO_PAYMENT_SERVICE_POR</OBJ_NAME>
     <OBJECT1>METH</OBJECT1>
     <OBJ_NAME1>GET_CONTRACT_STATUS_LIST</OBJ_NAME1>
     <OBJECT2>METH</OBJECT2>
     <OBJ_NAME2>GET_CONTRACT_STATUS_LIST</OBJ_NAME2>
     <ID>&lt;operation&gt; GetContractStatusList &lt;portType&gt; PaymentServicePortType PaymentService PaymentService</ID>
     <IFR_TYPE>operation</IFR_TYPE>
     <IFR_NAME>GetContractStatusList</IFR_NAME>
     <IFR_SCALE>-2</IFR_SCALE>
     <R3_TYPE>METH</R3_TYPE>
     <R3_NAME>GET_CONTRACT_STATUS_LIST</R3_NAME>
     <R3_SEQNUM>000007</R3_SEQNUM>
     <DIRECTION>O</DIRECTION>
     <SYNCHRON>X</SYNCHRON>
    </item>
    <item>
     <OBJECT>CLAS</OBJECT>
     <OBJ_NAME>ZDBS_GRNCO_PAYMENT_SERVICE_POR</OBJ_NAME>
     <OBJECT1>METH</OBJECT1>
     <OBJ_NAME1>GET_CONTRACT_STATUS_LIST</OBJ_NAME1>
     <OBJECT2>PAEX</OBJECT2>
     <OBJ_NAME2>OUTPUT</OBJ_NAME2>
     <OBJECT_R>TABL</OBJECT_R>
     <OBJ_NAME_R>ZDBS_GRNCONTRACT_STATUS_LIST_2</OBJ_NAME_R>
     <ID>&lt;output&gt; output &lt;operation&gt; GetContractStatusList &lt;portType&gt; PaymentServicePortType PaymentService PaymentService</ID>
     <IFR_TYPE>PartInput</IFR_TYPE>
     <IFR_NAME>output</IFR_NAME>
     <IFR_SCALE>-2</IFR_SCALE>
     <R3_TYPE>PAEX</R3_TYPE>
     <R3_NAME>OUTPUT</R3_NAME>
     <R3_SEQNUM>000002</R3_SEQNUM>
    </item>
    <item>
     <OBJECT>CLAS</OBJECT>
     <OBJ_NAME>ZDBS_GRNCO_PAYMENT_SERVICE_POR</OBJ_NAME>
     <OBJECT1>METH</OBJECT1>
     <OBJ_NAME1>GET_CONTRACT_STATUS_LIST</OBJ_NAME1>
     <OBJECT2>PAIM</OBJECT2>
     <OBJ_NAME2>INPUT</OBJ_NAME2>
     <OBJECT_R>TABL</OBJECT_R>
     <OBJ_NAME_R>ZDBS_GRNCONTRACT_STATUS_LIST_3</OBJ_NAME_R>
     <ID>&lt;input&gt; input &lt;operation&gt; GetContractStatusList &lt;portType&gt; PaymentServicePortType PaymentService PaymentService</ID>
     <IFR_TYPE>PartOutput</IFR_TYPE>
     <IFR_NAME>input</IFR_NAME>
     <IFR_SCALE>-2</IFR_SCALE>
     <R3_TYPE>PAIM</R3_TYPE>
     <R3_NAME>INPUT</R3_NAME>
     <R3_SEQNUM>000001</R3_SEQNUM>
    </item>
    <item>
     <OBJECT>CLAS</OBJECT>
     <OBJ_NAME>ZDBS_GRNCO_PAYMENT_SERVICE_POR</OBJ_NAME>
     <OBJECT1>METH</OBJECT1>
     <OBJ_NAME1>GET_DTSDETAIL</OBJ_NAME1>
     <OBJECT2>METH</OBJECT2>
     <OBJ_NAME2>GET_DTSDETAIL</OBJ_NAME2>
     <ID>&lt;operation&gt; GetDTSDetail &lt;portType&gt; PaymentServicePortType PaymentService PaymentService</ID>
     <IFR_TYPE>operation</IFR_TYPE>
     <IFR_NAME>GetDTSDetail</IFR_NAME>
     <IFR_SCALE>-2</IFR_SCALE>
     <R3_TYPE>METH</R3_TYPE>
     <R3_NAME>GET_DTSDETAIL</R3_NAME>
     <R3_SEQNUM>000005</R3_SEQNUM>
     <DIRECTION>O</DIRECTION>
     <SYNCHRON>X</SYNCHRON>
    </item>
    <item>
     <OBJECT>CLAS</OBJECT>
     <OBJ_NAME>ZDBS_GRNCO_PAYMENT_SERVICE_POR</OBJ_NAME>
     <OBJECT1>METH</OBJECT1>
     <OBJ_NAME1>GET_DTSDETAIL</OBJ_NAME1>
     <OBJECT2>PAEX</OBJECT2>
     <OBJ_NAME2>OUTPUT</OBJ_NAME2>
     <OBJECT_R>TABL</OBJECT_R>
     <OBJ_NAME_R>ZDBS_GRNDTSDETAIL_RESPONSE_MSG</OBJ_NAME_R>
     <ID>&lt;output&gt; output &lt;operation&gt; GetDTSDetail &lt;portType&gt; PaymentServicePortType PaymentService PaymentService</ID>
     <IFR_TYPE>PartInput</IFR_TYPE>
     <IFR_NAME>output</IFR_NAME>
     <IFR_SCALE>-2</IFR_SCALE>
     <R3_TYPE>PAEX</R3_TYPE>
     <R3_NAME>OUTPUT</R3_NAME>
     <R3_SEQNUM>000002</R3_SEQNUM>
    </item>
    <item>
     <OBJECT>CLAS</OBJECT>
     <OBJ_NAME>ZDBS_GRNCO_PAYMENT_SERVICE_POR</OBJ_NAME>
     <OBJECT1>METH</OBJECT1>
     <OBJ_NAME1>GET_DTSDETAIL</OBJ_NAME1>
     <OBJECT2>PAIM</OBJECT2>
     <OBJ_NAME2>INPUT</OBJ_NAME2>
     <OBJECT_R>TABL</OBJECT_R>
     <OBJ_NAME_R>ZDBS_GRNDTSDETAIL_REQUEST_MSG</OBJ_NAME_R>
     <ID>&lt;input&gt; input &lt;operation&gt; GetDTSDetail &lt;portType&gt; PaymentServicePortType PaymentService PaymentService</ID>
     <IFR_TYPE>PartOutput</IFR_TYPE>
     <IFR_NAME>input</IFR_NAME>
     <IFR_SCALE>-2</IFR_SCALE>
     <R3_TYPE>PAIM</R3_TYPE>
     <R3_NAME>INPUT</R3_NAME>
     <R3_SEQNUM>000001</R3_SEQNUM>
    </item>
    <item>
     <OBJECT>CLAS</OBJECT>
     <OBJ_NAME>ZDBS_GRNCO_PAYMENT_SERVICE_POR</OBJ_NAME>
     <OBJECT1>METH</OBJECT1>
     <OBJ_NAME1>GET_INVOICE_DETAILS</OBJ_NAME1>
     <OBJECT2>METH</OBJECT2>
     <OBJ_NAME2>GET_INVOICE_DETAILS</OBJ_NAME2>
     <ID>&lt;operation&gt; GetInvoiceDetails &lt;portType&gt; PaymentServicePortType PaymentService PaymentService</ID>
     <IFR_TYPE>operation</IFR_TYPE>
     <IFR_NAME>GetInvoiceDetails</IFR_NAME>
     <IFR_SCALE>-2</IFR_SCALE>
     <R3_TYPE>METH</R3_TYPE>
     <R3_NAME>GET_INVOICE_DETAILS</R3_NAME>
     <R3_SEQNUM>000015</R3_SEQNUM>
     <DIRECTION>O</DIRECTION>
     <SYNCHRON>X</SYNCHRON>
    </item>
    <item>
     <OBJECT>CLAS</OBJECT>
     <OBJ_NAME>ZDBS_GRNCO_PAYMENT_SERVICE_POR</OBJ_NAME>
     <OBJECT1>METH</OBJECT1>
     <OBJ_NAME1>GET_INVOICE_DETAILS</OBJ_NAME1>
     <OBJECT2>PAEX</OBJECT2>
     <OBJ_NAME2>OUTPUT</OBJ_NAME2>
     <OBJECT_R>TABL</OBJECT_R>
     <OBJ_NAME_R>ZDBS_GRNINVOICE_DETAILS_RESPO1</OBJ_NAME_R>
     <ID>&lt;output&gt; output &lt;operation&gt; GetInvoiceDetails &lt;portType&gt; PaymentServicePortType PaymentService PaymentService</ID>
     <IFR_TYPE>PartInput</IFR_TYPE>
     <IFR_NAME>output</IFR_NAME>
     <IFR_SCALE>-2</IFR_SCALE>
     <R3_TYPE>PAEX</R3_TYPE>
     <R3_NAME>OUTPUT</R3_NAME>
     <R3_SEQNUM>000002</R3_SEQNUM>
    </item>
    <item>
     <OBJECT>CLAS</OBJECT>
     <OBJ_NAME>ZDBS_GRNCO_PAYMENT_SERVICE_POR</OBJ_NAME>
     <OBJECT1>METH</OBJECT1>
     <OBJ_NAME1>GET_INVOICE_DETAILS</OBJ_NAME1>
     <OBJECT2>PAIM</OBJECT2>
     <OBJ_NAME2>INPUT</OBJ_NAME2>
     <OBJECT_R>TABL</OBJECT_R>
     <OBJ_NAME_R>ZDBS_GRNINVOICE_DETAILS_REQUE1</OBJ_NAME_R>
     <ID>&lt;input&gt; input &lt;operation&gt; GetInvoiceDetails &lt;portType&gt; PaymentServicePortType PaymentService PaymentService</ID>
     <IFR_TYPE>PartOutput</IFR_TYPE>
     <IFR_NAME>input</IFR_NAME>
     <IFR_SCALE>-2</IFR_SCALE>
     <R3_TYPE>PAIM</R3_TYPE>
     <R3_NAME>INPUT</R3_NAME>
     <R3_SEQNUM>000001</R3_SEQNUM>
    </item>
    <item>
     <OBJECT>CLAS</OBJECT>
     <OBJ_NAME>ZDBS_GRNCO_PAYMENT_SERVICE_POR</OBJ_NAME>
     <OBJECT1>METH</OBJECT1>
     <OBJ_NAME1>GET_ONLINE_PAYMENT</OBJ_NAME1>
     <OBJECT2>METH</OBJECT2>
     <OBJ_NAME2>GET_ONLINE_PAYMENT</OBJ_NAME2>
     <ID>&lt;operation&gt; GetOnlinePayment &lt;portType&gt; PaymentServicePortType PaymentService PaymentService</ID>
     <IFR_TYPE>operation</IFR_TYPE>
     <IFR_NAME>GetOnlinePayment</IFR_NAME>
     <IFR_SCALE>-2</IFR_SCALE>
     <R3_TYPE>METH</R3_TYPE>
     <R3_NAME>GET_ONLINE_PAYMENT</R3_NAME>
     <R3_SEQNUM>000008</R3_SEQNUM>
     <DIRECTION>O</DIRECTION>
     <SYNCHRON>X</SYNCHRON>
    </item>
    <item>
     <OBJECT>CLAS</OBJECT>
     <OBJ_NAME>ZDBS_GRNCO_PAYMENT_SERVICE_POR</OBJ_NAME>
     <OBJECT1>METH</OBJECT1>
     <OBJ_NAME1>GET_ONLINE_PAYMENT</OBJ_NAME1>
     <OBJECT2>PAEX</OBJECT2>
     <OBJ_NAME2>OUTPUT</OBJ_NAME2>
     <OBJECT_R>TABL</OBJECT_R>
     <OBJ_NAME_R>ZDBS_GRNONLINE_PAYMENT_RESPON1</OBJ_NAME_R>
     <ID>&lt;output&gt; output &lt;operation&gt; GetOnlinePayment &lt;portType&gt; PaymentServicePortType PaymentService PaymentService</ID>
     <IFR_TYPE>PartInput</IFR_TYPE>
     <IFR_NAME>output</IFR_NAME>
     <IFR_SCALE>-2</IFR_SCALE>
     <R3_TYPE>PAEX</R3_TYPE>
     <R3_NAME>OUTPUT</R3_NAME>
     <R3_SEQNUM>000002</R3_SEQNUM>
    </item>
    <item>
     <OBJECT>CLAS</OBJECT>
     <OBJ_NAME>ZDBS_GRNCO_PAYMENT_SERVICE_POR</OBJ_NAME>
     <OBJECT1>METH</OBJECT1>
     <OBJ_NAME1>GET_ONLINE_PAYMENT</OBJ_NAME1>
     <OBJECT2>PAIM</OBJECT2>
     <OBJ_NAME2>INPUT</OBJ_NAME2>
     <OBJECT_R>TABL</OBJECT_R>
     <OBJ_NAME_R>ZDBS_GRNONLINE_PAYMENT_REQUES1</OBJ_NAME_R>
     <ID>&lt;input&gt; input &lt;operation&gt; GetOnlinePayment &lt;portType&gt; PaymentServicePortType PaymentService PaymentService</ID>
     <IFR_TYPE>PartOutput</IFR_TYPE>
     <IFR_NAME>input</IFR_NAME>
     <IFR_SCALE>-2</IFR_SCALE>
     <R3_TYPE>PAIM</R3_TYPE>
     <R3_NAME>INPUT</R3_NAME>
     <R3_SEQNUM>000001</R3_SEQNUM>
    </item>
    <item>
     <OBJECT>CLAS</OBJECT>
     <OBJ_NAME>ZDBS_GRNCO_PAYMENT_SERVICE_POR</OBJ_NAME>
     <OBJECT1>METH</OBJECT1>
     <OBJ_NAME1>GET_ONLINE_TRF_TO_DOMESTIC_BAN</OBJ_NAME1>
     <OBJECT2>METH</OBJECT2>
     <OBJ_NAME2>GET_ONLINE_TRF_TO_DOMESTIC_BAN</OBJ_NAME2>
     <ID>&lt;operation&gt; GetOnlineTrfToDomesticBank &lt;portType&gt; PaymentServicePortType PaymentService PaymentService</ID>
     <IFR_TYPE>operation</IFR_TYPE>
     <IFR_NAME>GetOnlineTrfToDomesticBank</IFR_NAME>
     <IFR_SCALE>-2</IFR_SCALE>
     <R3_TYPE>METH</R3_TYPE>
     <R3_NAME>GET_ONLINE_TRF_TO_DOMESTIC_BAN</R3_NAME>
     <R3_SEQNUM>000010</R3_SEQNUM>
     <DIRECTION>O</DIRECTION>
     <SYNCHRON>X</SYNCHRON>
    </item>
    <item>
     <OBJECT>CLAS</OBJECT>
     <OBJ_NAME>ZDBS_GRNCO_PAYMENT_SERVICE_POR</OBJ_NAME>
     <OBJECT1>METH</OBJECT1>
     <OBJ_NAME1>GET_ONLINE_TRF_TO_DOMESTIC_BAN</OBJ_NAME1>
     <OBJECT2>PAEX</OBJECT2>
     <OBJ_NAME2>OUTPUT</OBJ_NAME2>
     <OBJECT_R>TABL</OBJECT_R>
     <OBJ_NAME_R>ZDBS_GRNONLINE_TRF_TO_DOMESTI1</OBJ_NAME_R>
     <ID>&lt;output&gt; output &lt;operation&gt; GetOnlineTrfToDomesticBank &lt;portType&gt; PaymentServicePortType PaymentService PaymentService</ID>
     <IFR_TYPE>PartInput</IFR_TYPE>
     <IFR_NAME>output</IFR_NAME>
     <IFR_SCALE>-2</IFR_SCALE>
     <R3_TYPE>PAEX</R3_TYPE>
     <R3_NAME>OUTPUT</R3_NAME>
     <R3_SEQNUM>000002</R3_SEQNUM>
    </item>
    <item>
     <OBJECT>CLAS</OBJECT>
     <OBJ_NAME>ZDBS_GRNCO_PAYMENT_SERVICE_POR</OBJ_NAME>
     <OBJECT1>METH</OBJECT1>
     <OBJ_NAME1>GET_ONLINE_TRF_TO_DOMESTIC_BAN</OBJ_NAME1>
     <OBJECT2>PAIM</OBJECT2>
     <OBJ_NAME2>INPUT</OBJ_NAME2>
     <OBJECT_R>TABL</OBJECT_R>
     <OBJ_NAME_R>ZDBS_GRNONLINE_TRF_TO_DOMESTI2</OBJ_NAME_R>
     <ID>&lt;input&gt; input &lt;operation&gt; GetOnlineTrfToDomesticBank &lt;portType&gt; PaymentServicePortType PaymentService PaymentService</ID>
     <IFR_TYPE>PartOutput</IFR_TYPE>
     <IFR_NAME>input</IFR_NAME>
     <IFR_SCALE>-2</IFR_SCALE>
     <R3_TYPE>PAIM</R3_TYPE>
     <R3_NAME>INPUT</R3_NAME>
     <R3_SEQNUM>000001</R3_SEQNUM>
    </item>
    <item>
     <OBJECT>CLAS</OBJECT>
     <OBJ_NAME>ZDBS_GRNCO_PAYMENT_SERVICE_POR</OBJ_NAME>
     <OBJECT1>METH</OBJECT1>
     <OBJ_NAME1>GET_ONLINE_TRF_TO_GARANTI</OBJ_NAME1>
     <OBJECT2>METH</OBJECT2>
     <OBJ_NAME2>GET_ONLINE_TRF_TO_GARANTI</OBJ_NAME2>
     <ID>&lt;operation&gt; GetOnlineTrfToGaranti &lt;portType&gt; PaymentServicePortType PaymentService PaymentService</ID>
     <IFR_TYPE>operation</IFR_TYPE>
     <IFR_NAME>GetOnlineTrfToGaranti</IFR_NAME>
     <IFR_SCALE>-2</IFR_SCALE>
     <R3_TYPE>METH</R3_TYPE>
     <R3_NAME>GET_ONLINE_TRF_TO_GARANTI</R3_NAME>
     <R3_SEQNUM>000009</R3_SEQNUM>
     <DIRECTION>O</DIRECTION>
     <SYNCHRON>X</SYNCHRON>
    </item>
    <item>
     <OBJECT>CLAS</OBJECT>
     <OBJ_NAME>ZDBS_GRNCO_PAYMENT_SERVICE_POR</OBJ_NAME>
     <OBJECT1>METH</OBJECT1>
     <OBJ_NAME1>GET_ONLINE_TRF_TO_GARANTI</OBJ_NAME1>
     <OBJECT2>PAEX</OBJECT2>
     <OBJ_NAME2>OUTPUT</OBJ_NAME2>
     <OBJECT_R>TABL</OBJECT_R>
     <OBJ_NAME_R>ZDBS_GRNONLINE_TRF_TO_GARANTI4</OBJ_NAME_R>
     <ID>&lt;output&gt; output &lt;operation&gt; GetOnlineTrfToGaranti &lt;portType&gt; PaymentServicePortType PaymentService PaymentService</ID>
     <IFR_TYPE>PartInput</IFR_TYPE>
     <IFR_NAME>output</IFR_NAME>
     <IFR_SCALE>-2</IFR_SCALE>
     <R3_TYPE>PAEX</R3_TYPE>
     <R3_NAME>OUTPUT</R3_NAME>
     <R3_SEQNUM>000002</R3_SEQNUM>
    </item>
    <item>
     <OBJECT>CLAS</OBJECT>
     <OBJ_NAME>ZDBS_GRNCO_PAYMENT_SERVICE_POR</OBJ_NAME>
     <OBJECT1>METH</OBJECT1>
     <OBJ_NAME1>GET_ONLINE_TRF_TO_GARANTI</OBJ_NAME1>
     <OBJECT2>PAIM</OBJECT2>
     <OBJ_NAME2>INPUT</OBJ_NAME2>
     <OBJECT_R>TABL</OBJECT_R>
     <OBJ_NAME_R>ZDBS_GRNONLINE_TRF_TO_GARANTI5</OBJ_NAME_R>
     <ID>&lt;input&gt; input &lt;operation&gt; GetOnlineTrfToGaranti &lt;portType&gt; PaymentServicePortType PaymentService PaymentService</ID>
     <IFR_TYPE>PartOutput</IFR_TYPE>
     <IFR_NAME>input</IFR_NAME>
     <IFR_SCALE>-2</IFR_SCALE>
     <R3_TYPE>PAIM</R3_TYPE>
     <R3_NAME>INPUT</R3_NAME>
     <R3_SEQNUM>000001</R3_SEQNUM>
    </item>
    <item>
     <OBJECT>CLAS</OBJECT>
     <OBJ_NAME>ZDBS_GRNCO_PAYMENT_SERVICE_POR</OBJ_NAME>
     <OBJECT1>METH</OBJECT1>
     <OBJ_NAME1>GET_ONLINE_TRF_TO_GARANTI_WITH</OBJ_NAME1>
     <OBJECT2>METH</OBJECT2>
     <OBJ_NAME2>GET_ONLINE_TRF_TO_GARANTI_WITH</OBJ_NAME2>
     <ID>&lt;operation&gt; GetOnlineTrfToGarantiWithExchangeSupport &lt;portType&gt; PaymentServicePortType PaymentService PaymentService</ID>
     <IFR_TYPE>operation</IFR_TYPE>
     <IFR_NAME>GetOnlineTrfToGarantiWithExchangeSupport</IFR_NAME>
     <IFR_SCALE>-2</IFR_SCALE>
     <R3_TYPE>METH</R3_TYPE>
     <R3_NAME>GET_ONLINE_TRF_TO_GARANTI_WITH</R3_NAME>
     <R3_SEQNUM>000011</R3_SEQNUM>
     <DIRECTION>O</DIRECTION>
     <SYNCHRON>X</SYNCHRON>
    </item>
    <item>
     <OBJECT>CLAS</OBJECT>
     <OBJ_NAME>ZDBS_GRNCO_PAYMENT_SERVICE_POR</OBJ_NAME>
     <OBJECT1>METH</OBJECT1>
     <OBJ_NAME1>GET_ONLINE_TRF_TO_GARANTI_WITH</OBJ_NAME1>
     <OBJECT2>PAEX</OBJECT2>
     <OBJ_NAME2>OUTPUT</OBJ_NAME2>
     <OBJECT_R>TABL</OBJECT_R>
     <OBJ_NAME_R>ZDBS_GRNONLINE_TRF_TO_GARANTI2</OBJ_NAME_R>
     <ID>&lt;output&gt; output &lt;operation&gt; GetOnlineTrfToGarantiWithExchangeSupport &lt;portType&gt; PaymentServicePortType PaymentService PaymentService</ID>
     <IFR_TYPE>PartInput</IFR_TYPE>
     <IFR_NAME>output</IFR_NAME>
     <IFR_SCALE>-2</IFR_SCALE>
     <R3_TYPE>PAEX</R3_TYPE>
     <R3_NAME>OUTPUT</R3_NAME>
     <R3_SEQNUM>000002</R3_SEQNUM>
    </item>
    <item>
     <OBJECT>CLAS</OBJECT>
     <OBJ_NAME>ZDBS_GRNCO_PAYMENT_SERVICE_POR</OBJ_NAME>
     <OBJECT1>METH</OBJECT1>
     <OBJ_NAME1>GET_ONLINE_TRF_TO_GARANTI_WITH</OBJ_NAME1>
     <OBJECT2>PAIM</OBJECT2>
     <OBJ_NAME2>INPUT</OBJ_NAME2>
     <OBJECT_R>TABL</OBJECT_R>
     <OBJ_NAME_R>ZDBS_GRNONLINE_TRF_TO_GARANTI3</OBJ_NAME_R>
     <ID>&lt;input&gt; input &lt;operation&gt; GetOnlineTrfToGarantiWithExchangeSupport &lt;portType&gt; PaymentServicePortType PaymentService PaymentService</ID>
     <IFR_TYPE>PartOutput</IFR_TYPE>
     <IFR_NAME>input</IFR_NAME>
     <IFR_SCALE>-2</IFR_SCALE>
     <R3_TYPE>PAIM</R3_TYPE>
     <R3_NAME>INPUT</R3_NAME>
     <R3_SEQNUM>000001</R3_SEQNUM>
    </item>
    <item>
     <OBJECT>CLAS</OBJECT>
     <OBJ_NAME>ZDBS_GRNCO_PAYMENT_SERVICE_POR</OBJ_NAME>
     <OBJECT1>METH</OBJECT1>
     <OBJ_NAME1>GET_SINGLE_TRF</OBJ_NAME1>
     <OBJECT2>METH</OBJECT2>
     <OBJ_NAME2>GET_SINGLE_TRF</OBJ_NAME2>
     <ID>&lt;operation&gt; GetSingleTrf &lt;portType&gt; PaymentServicePortType PaymentService PaymentService</ID>
     <IFR_TYPE>operation</IFR_TYPE>
     <IFR_NAME>GetSingleTrf</IFR_NAME>
     <IFR_SCALE>-2</IFR_SCALE>
     <R3_TYPE>METH</R3_TYPE>
     <R3_NAME>GET_SINGLE_TRF</R3_NAME>
     <R3_SEQNUM>000013</R3_SEQNUM>
     <DIRECTION>O</DIRECTION>
     <SYNCHRON>X</SYNCHRON>
    </item>
    <item>
     <OBJECT>CLAS</OBJECT>
     <OBJ_NAME>ZDBS_GRNCO_PAYMENT_SERVICE_POR</OBJ_NAME>
     <OBJECT1>METH</OBJECT1>
     <OBJ_NAME1>GET_SINGLE_TRF</OBJ_NAME1>
     <OBJECT2>PAEX</OBJECT2>
     <OBJ_NAME2>OUTPUT</OBJ_NAME2>
     <OBJECT_R>TABL</OBJECT_R>
     <OBJ_NAME_R>ZDBS_GRNSINGLE_TRF_RESPONSE_MS</OBJ_NAME_R>
     <ID>&lt;output&gt; output &lt;operation&gt; GetSingleTrf &lt;portType&gt; PaymentServicePortType PaymentService PaymentService</ID>
     <IFR_TYPE>PartInput</IFR_TYPE>
     <IFR_NAME>output</IFR_NAME>
     <IFR_SCALE>-2</IFR_SCALE>
     <R3_TYPE>PAEX</R3_TYPE>
     <R3_NAME>OUTPUT</R3_NAME>
     <R3_SEQNUM>000002</R3_SEQNUM>
    </item>
    <item>
     <OBJECT>CLAS</OBJECT>
     <OBJ_NAME>ZDBS_GRNCO_PAYMENT_SERVICE_POR</OBJ_NAME>
     <OBJECT1>METH</OBJECT1>
     <OBJ_NAME1>GET_SINGLE_TRF</OBJ_NAME1>
     <OBJECT2>PAIM</OBJECT2>
     <OBJ_NAME2>INPUT</OBJ_NAME2>
     <OBJECT_R>TABL</OBJECT_R>
     <OBJ_NAME_R>ZDBS_GRNSINGLE_TRF_REQUEST_MSG</OBJ_NAME_R>
     <ID>&lt;input&gt; input &lt;operation&gt; GetSingleTrf &lt;portType&gt; PaymentServicePortType PaymentService PaymentService</ID>
     <IFR_TYPE>PartOutput</IFR_TYPE>
     <IFR_NAME>input</IFR_NAME>
     <IFR_SCALE>-2</IFR_SCALE>
     <R3_TYPE>PAIM</R3_TYPE>
     <R3_NAME>INPUT</R3_NAME>
     <R3_SEQNUM>000001</R3_SEQNUM>
    </item>
    <item>
     <OBJECT>CLAS</OBJECT>
     <OBJ_NAME>ZDBS_GRNCO_PAYMENT_SERVICE_POR</OBJ_NAME>
     <OBJECT1>METH</OBJECT1>
     <OBJ_NAME1>GET_TRF_STATUS</OBJ_NAME1>
     <OBJECT2>METH</OBJECT2>
     <OBJ_NAME2>GET_TRF_STATUS</OBJ_NAME2>
     <ID>&lt;operation&gt; GetTrfStatus &lt;portType&gt; PaymentServicePortType PaymentService PaymentService</ID>
     <IFR_TYPE>operation</IFR_TYPE>
     <IFR_NAME>GetTrfStatus</IFR_NAME>
     <IFR_SCALE>-2</IFR_SCALE>
     <R3_TYPE>METH</R3_TYPE>
     <R3_NAME>GET_TRF_STATUS</R3_NAME>
     <R3_SEQNUM>000004</R3_SEQNUM>
     <DIRECTION>O</DIRECTION>
     <SYNCHRON>X</SYNCHRON>
    </item>
    <item>
     <OBJECT>CLAS</OBJECT>
     <OBJ_NAME>ZDBS_GRNCO_PAYMENT_SERVICE_POR</OBJ_NAME>
     <OBJECT1>METH</OBJECT1>
     <OBJ_NAME1>GET_TRF_STATUS</OBJ_NAME1>
     <OBJECT2>PAEX</OBJECT2>
     <OBJ_NAME2>OUTPUT</OBJ_NAME2>
     <OBJECT_R>TABL</OBJECT_R>
     <OBJ_NAME_R>ZDBS_GRNTRF_STATUS_RESPONSE_MS</OBJ_NAME_R>
     <ID>&lt;output&gt; output &lt;operation&gt; GetTrfStatus &lt;portType&gt; PaymentServicePortType PaymentService PaymentService</ID>
     <IFR_TYPE>PartInput</IFR_TYPE>
     <IFR_NAME>output</IFR_NAME>
     <IFR_SCALE>-2</IFR_SCALE>
     <R3_TYPE>PAEX</R3_TYPE>
     <R3_NAME>OUTPUT</R3_NAME>
     <R3_SEQNUM>000002</R3_SEQNUM>
    </item>
    <item>
     <OBJECT>CLAS</OBJECT>
     <OBJ_NAME>ZDBS_GRNCO_PAYMENT_SERVICE_POR</OBJ_NAME>
     <OBJECT1>METH</OBJECT1>
     <OBJ_NAME1>GET_TRF_STATUS</OBJ_NAME1>
     <OBJECT2>PAIM</OBJECT2>
     <OBJ_NAME2>INPUT</OBJ_NAME2>
     <OBJECT_R>TABL</OBJECT_R>
     <OBJ_NAME_R>ZDBS_GRNTRF_STATUS_REQUEST_MSG</OBJ_NAME_R>
     <ID>&lt;input&gt; input &lt;operation&gt; GetTrfStatus &lt;portType&gt; PaymentServicePortType PaymentService PaymentService</ID>
     <IFR_TYPE>PartOutput</IFR_TYPE>
     <IFR_NAME>input</IFR_NAME>
     <IFR_SCALE>-2</IFR_SCALE>
     <R3_TYPE>PAIM</R3_TYPE>
     <R3_NAME>INPUT</R3_NAME>
     <R3_SEQNUM>000001</R3_SEQNUM>
    </item>
   </PROXY_DATA>
  </asx:values>
 </asx:abap>
</abapGit>
