﻿<?xml version="1.0" encoding="utf-8"?>
<abapGit version="v1.0.0" serializer="LCL_OBJECT_SPRX" serializer_version="v1.0.0">
 <asx:abap xmlns:asx="http://www.sap.com/abapxml" version="1.0">
  <asx:values>
   <PROXY_HEADER>
    <item>
     <OBJECT>CLAS</OBJECT>
     <OBJ_NAME>ZDBS_SEKCO_SEKERBANK_NAKIT_YON</OBJ_NAME>
     <OBJECT_M>CLAS</OBJECT_M>
     <OBJ_NAME_M>ZDBS_SEKCO_SEKERBANK_NAKIT_YON</OBJ_NAME_M>
     <HASH_ID>CCCBF531A88AD5C87011D6E69C56072A18656AE0</HASH_ID>
     <ID>&lt;portType&gt; SekerbankNakitYonetimiServisleriSoap http://tempuri.org/ http://tempuri.org/</ID>
     <IFR_GLOBAL>X</IFR_GLOBAL>
     <IFR_TYPE>portType</IFR_TYPE>
     <IFR_NAME>SekerbankNakitYonetimiServisleriSoap</IFR_NAME>
     <IFR_NSPCE>http://tempuri.org/</IFR_NSPCE>
     <IFR_GNSPCE>http://tempuri.org/</IFR_GNSPCE>
     <GEN_VERS>0006</GEN_VERS>
     <PREFIX>ZDBS_SEK</PREFIX>
     <CATEGORY>ifmmessif</CATEGORY>
     <DIRECTION>O</DIRECTION>
     <SYNCHRON>D</SYNCHRON>
     <GEN_APPL>WEBSERVICES</GEN_APPL>
     <X-ML_NSPCE>http://tempuri.org/</X-ML_NSPCE>
     <X-ML_NAME>SekerbankNakitYonetimiServisleriSoap</X-ML_NAME>
     <FURTHER_DATA>&lt;asx:abap xmlns:asx=&quot;http://www.sap.com/abapxml&quot; version=&quot;1.0&quot;&gt;&lt;asx:values&gt;&lt;DATA&gt;&lt;SOAP_APPL&gt;urn:sap-com:soap:application:esr:client:710&lt;/SOAP_APPL&gt;&lt;/DATA&gt;&lt;/asx:values&gt;&lt;/asx:abap&gt;</FURTHER_DATA>
    </item>
   </PROXY_HEADER>
   <PROXY_DATA>
    <item>
     <OBJECT>CLAS</OBJECT>
     <OBJ_NAME>ZDBS_SEKCO_SEKERBANK_NAKIT_YON</OBJ_NAME>
     <OBJECT1>CLAS</OBJECT1>
     <OBJ_NAME1>ZDBS_SEKCO_SEKERBANK_NAKIT_YON</OBJ_NAME1>
     <OBJECT2>CLAS</OBJECT2>
     <OBJ_NAME2>ZDBS_SEKCO_SEKERBANK_NAKIT_YON</OBJ_NAME2>
     <ID>&lt;portType&gt; SekerbankNakitYonetimiServisleriSoap http://tempuri.org/ http://tempuri.org/</ID>
     <IFR_TYPE>portType</IFR_TYPE>
     <IFR_NAME>SekerbankNakitYonetimiServisleriSoap</IFR_NAME>
     <IFR_SCALE>-2</IFR_SCALE>
     <R3_TYPE>CLAS</R3_TYPE>
     <R3_NAME>ZDBS_SEKCO_SEKERBANK_NAKIT_YON</R3_NAME>
     <R3_TEXT>Proxy Class (generated)</R3_TEXT>
     <CATEGORY>ifmmessif</CATEGORY>
     <DIRECTION>O</DIRECTION>
     <SYNCHRON>D</SYNCHRON>
    </item>
    <item>
     <OBJECT>CLAS</OBJECT>
     <OBJ_NAME>ZDBS_SEKCO_SEKERBANK_NAKIT_YON</OBJ_NAME>
     <OBJECT1>METH</OBJECT1>
     <OBJ_NAME1>DBS_DELETE_INVOICE</OBJ_NAME1>
     <OBJECT2>METH</OBJECT2>
     <OBJ_NAME2>DBS_DELETE_INVOICE</OBJ_NAME2>
     <ID>&lt;operation&gt; DBS_DeleteInvoice &lt;portType&gt; SekerbankNakitYonetimiServisleriSoap http://tempuri.org/ http://tempuri.org/</ID>
     <IFR_TYPE>operation</IFR_TYPE>
     <IFR_NAME>DBS_DeleteInvoice</IFR_NAME>
     <IFR_TEXT>DBS fatura bilgilerinin silinmesini sağlar</IFR_TEXT>
     <IFR_SCALE>-2</IFR_SCALE>
     <R3_TYPE>METH</R3_TYPE>
     <R3_NAME>DBS_DELETE_INVOICE</R3_NAME>
     <R3_TEXT>DBS fatura bilgilerinin silinmesini sağlar</R3_TEXT>
     <R3_SEQNUM>000003</R3_SEQNUM>
     <DIRECTION>O</DIRECTION>
     <SYNCHRON>X</SYNCHRON>
    </item>
    <item>
     <OBJECT>CLAS</OBJECT>
     <OBJ_NAME>ZDBS_SEKCO_SEKERBANK_NAKIT_YON</OBJ_NAME>
     <OBJECT1>METH</OBJECT1>
     <OBJ_NAME1>DBS_DELETE_INVOICE</OBJ_NAME1>
     <OBJECT2>PAEX</OBJECT2>
     <OBJ_NAME2>OUTPUT</OBJ_NAME2>
     <OBJECT_R>TABL</OBJECT_R>
     <OBJ_NAME_R>ZDBS_SEKDBS_DELETE_INVOICE_SOA</OBJ_NAME_R>
     <ID>&lt;output&gt; output &lt;operation&gt; DBS_DeleteInvoice &lt;portType&gt; SekerbankNakitYonetimiServisleriSoap http://tempuri.org/ http://tempuri.org/</ID>
     <IFR_TYPE>PartInput</IFR_TYPE>
     <IFR_NAME>output</IFR_NAME>
     <IFR_SCALE>-2</IFR_SCALE>
     <R3_TYPE>PAEX</R3_TYPE>
     <R3_NAME>OUTPUT</R3_NAME>
     <R3_SEQNUM>000002</R3_SEQNUM>
    </item>
    <item>
     <OBJECT>CLAS</OBJECT>
     <OBJ_NAME>ZDBS_SEKCO_SEKERBANK_NAKIT_YON</OBJ_NAME>
     <OBJECT1>METH</OBJECT1>
     <OBJ_NAME1>DBS_DELETE_INVOICE</OBJ_NAME1>
     <OBJECT2>PAIM</OBJECT2>
     <OBJ_NAME2>INPUT</OBJ_NAME2>
     <OBJECT_R>TABL</OBJECT_R>
     <OBJ_NAME_R>ZDBS_SEKDBS_DELETE_INVOICE_SO1</OBJ_NAME_R>
     <ID>&lt;input&gt; input &lt;operation&gt; DBS_DeleteInvoice &lt;portType&gt; SekerbankNakitYonetimiServisleriSoap http://tempuri.org/ http://tempuri.org/</ID>
     <IFR_TYPE>PartOutput</IFR_TYPE>
     <IFR_NAME>input</IFR_NAME>
     <IFR_SCALE>-2</IFR_SCALE>
     <R3_TYPE>PAIM</R3_TYPE>
     <R3_NAME>INPUT</R3_NAME>
     <R3_SEQNUM>000001</R3_SEQNUM>
    </item>
    <item>
     <OBJECT>CLAS</OBJECT>
     <OBJ_NAME>ZDBS_SEKCO_SEKERBANK_NAKIT_YON</OBJ_NAME>
     <OBJECT1>METH</OBJECT1>
     <OBJ_NAME1>DBS_GET_INVOICES_BY_DATE</OBJ_NAME1>
     <OBJECT2>METH</OBJECT2>
     <OBJ_NAME2>DBS_GET_INVOICES_BY_DATE</OBJ_NAME2>
     <ID>&lt;operation&gt; DBS_GetInvoicesByDate &lt;portType&gt; SekerbankNakitYonetimiServisleriSoap http://tempuri.org/ http://tempuri.org/</ID>
     <IFR_TYPE>operation</IFR_TYPE>
     <IFR_NAME>DBS_GetInvoicesByDate</IFR_NAME>
     <IFR_TEXT>DBS Ana firmasına ait tüm bayilerin belli bir tarih aralığında fatura detaylarını döner.</IFR_TEXT>
     <IFR_SCALE>-2</IFR_SCALE>
     <R3_TYPE>METH</R3_TYPE>
     <R3_NAME>DBS_GET_INVOICES_BY_DATE</R3_NAME>
     <R3_TEXT>DBS Ana firmasına ait tüm bayilerin belli bir tarih aralığın</R3_TEXT>
     <R3_SEQNUM>000002</R3_SEQNUM>
     <DIRECTION>O</DIRECTION>
     <SYNCHRON>X</SYNCHRON>
    </item>
    <item>
     <OBJECT>CLAS</OBJECT>
     <OBJ_NAME>ZDBS_SEKCO_SEKERBANK_NAKIT_YON</OBJ_NAME>
     <OBJECT1>METH</OBJECT1>
     <OBJ_NAME1>DBS_GET_INVOICES_BY_DATE</OBJ_NAME1>
     <OBJECT2>PAEX</OBJECT2>
     <OBJ_NAME2>OUTPUT</OBJ_NAME2>
     <OBJECT_R>TABL</OBJECT_R>
     <OBJ_NAME_R>ZDBS_SEKDBS_GET_INVOICES_BY_DA</OBJ_NAME_R>
     <ID>&lt;output&gt; output &lt;operation&gt; DBS_GetInvoicesByDate &lt;portType&gt; SekerbankNakitYonetimiServisleriSoap http://tempuri.org/ http://tempuri.org/</ID>
     <IFR_TYPE>PartInput</IFR_TYPE>
     <IFR_NAME>output</IFR_NAME>
     <IFR_SCALE>-2</IFR_SCALE>
     <R3_TYPE>PAEX</R3_TYPE>
     <R3_NAME>OUTPUT</R3_NAME>
     <R3_SEQNUM>000002</R3_SEQNUM>
    </item>
    <item>
     <OBJECT>CLAS</OBJECT>
     <OBJ_NAME>ZDBS_SEKCO_SEKERBANK_NAKIT_YON</OBJ_NAME>
     <OBJECT1>METH</OBJECT1>
     <OBJ_NAME1>DBS_GET_INVOICES_BY_DATE</OBJ_NAME1>
     <OBJECT2>PAIM</OBJECT2>
     <OBJ_NAME2>INPUT</OBJ_NAME2>
     <OBJECT_R>TABL</OBJECT_R>
     <OBJ_NAME_R>ZDBS_SEKDBS_GET_INVOICES_BY_D1</OBJ_NAME_R>
     <ID>&lt;input&gt; input &lt;operation&gt; DBS_GetInvoicesByDate &lt;portType&gt; SekerbankNakitYonetimiServisleriSoap http://tempuri.org/ http://tempuri.org/</ID>
     <IFR_TYPE>PartOutput</IFR_TYPE>
     <IFR_NAME>input</IFR_NAME>
     <IFR_SCALE>-2</IFR_SCALE>
     <R3_TYPE>PAIM</R3_TYPE>
     <R3_NAME>INPUT</R3_NAME>
     <R3_SEQNUM>000001</R3_SEQNUM>
    </item>
    <item>
     <OBJECT>CLAS</OBJECT>
     <OBJ_NAME>ZDBS_SEKCO_SEKERBANK_NAKIT_YON</OBJ_NAME>
     <OBJECT1>METH</OBJECT1>
     <OBJ_NAME1>DBS_GET_RETAIL_LIST</OBJ_NAME1>
     <OBJECT2>METH</OBJECT2>
     <OBJ_NAME2>DBS_GET_RETAIL_LIST</OBJ_NAME2>
     <ID>&lt;operation&gt; DBS_GetRetailList &lt;portType&gt; SekerbankNakitYonetimiServisleriSoap http://tempuri.org/ http://tempuri.org/</ID>
     <IFR_TYPE>operation</IFR_TYPE>
     <IFR_NAME>DBS_GetRetailList</IFR_NAME>
     <IFR_TEXT>DBS Ana firmasına ait tüm bayilerin listesini döner.</IFR_TEXT>
     <IFR_SCALE>-2</IFR_SCALE>
     <R3_TYPE>METH</R3_TYPE>
     <R3_NAME>DBS_GET_RETAIL_LIST</R3_NAME>
     <R3_TEXT>DBS Ana firmasına ait tüm bayilerin listesini döner.</R3_TEXT>
     <R3_SEQNUM>000001</R3_SEQNUM>
     <DIRECTION>O</DIRECTION>
     <SYNCHRON>X</SYNCHRON>
    </item>
    <item>
     <OBJECT>CLAS</OBJECT>
     <OBJ_NAME>ZDBS_SEKCO_SEKERBANK_NAKIT_YON</OBJ_NAME>
     <OBJECT1>METH</OBJECT1>
     <OBJ_NAME1>DBS_GET_RETAIL_LIST</OBJ_NAME1>
     <OBJECT2>PAEX</OBJECT2>
     <OBJ_NAME2>OUTPUT</OBJ_NAME2>
     <OBJECT_R>TABL</OBJECT_R>
     <OBJ_NAME_R>ZDBS_SEKDBS_GET_RETAIL_LIST_SO</OBJ_NAME_R>
     <ID>&lt;output&gt; output &lt;operation&gt; DBS_GetRetailList &lt;portType&gt; SekerbankNakitYonetimiServisleriSoap http://tempuri.org/ http://tempuri.org/</ID>
     <IFR_TYPE>PartInput</IFR_TYPE>
     <IFR_NAME>output</IFR_NAME>
     <IFR_SCALE>-2</IFR_SCALE>
     <R3_TYPE>PAEX</R3_TYPE>
     <R3_NAME>OUTPUT</R3_NAME>
     <R3_SEQNUM>000002</R3_SEQNUM>
    </item>
    <item>
     <OBJECT>CLAS</OBJECT>
     <OBJ_NAME>ZDBS_SEKCO_SEKERBANK_NAKIT_YON</OBJ_NAME>
     <OBJECT1>METH</OBJECT1>
     <OBJ_NAME1>DBS_GET_RETAIL_LIST</OBJ_NAME1>
     <OBJECT2>PAIM</OBJECT2>
     <OBJ_NAME2>INPUT</OBJ_NAME2>
     <OBJECT_R>TABL</OBJECT_R>
     <OBJ_NAME_R>ZDBS_SEKDBS_GET_RETAIL_LIST_S1</OBJ_NAME_R>
     <ID>&lt;input&gt; input &lt;operation&gt; DBS_GetRetailList &lt;portType&gt; SekerbankNakitYonetimiServisleriSoap http://tempuri.org/ http://tempuri.org/</ID>
     <IFR_TYPE>PartOutput</IFR_TYPE>
     <IFR_NAME>input</IFR_NAME>
     <IFR_SCALE>-2</IFR_SCALE>
     <R3_TYPE>PAIM</R3_TYPE>
     <R3_NAME>INPUT</R3_NAME>
     <R3_SEQNUM>000001</R3_SEQNUM>
    </item>
    <item>
     <OBJECT>CLAS</OBJECT>
     <OBJ_NAME>ZDBS_SEKCO_SEKERBANK_NAKIT_YON</OBJ_NAME>
     <OBJECT1>METH</OBJECT1>
     <OBJ_NAME1>DBS_INSERT_INVOICE</OBJ_NAME1>
     <OBJECT2>METH</OBJECT2>
     <OBJ_NAME2>DBS_INSERT_INVOICE</OBJ_NAME2>
     <ID>&lt;operation&gt; DBS_InsertInvoice &lt;portType&gt; SekerbankNakitYonetimiServisleriSoap http://tempuri.org/ http://tempuri.org/</ID>
     <IFR_TYPE>operation</IFR_TYPE>
     <IFR_NAME>DBS_InsertInvoice</IFR_NAME>
     <IFR_TEXT>DBS fatura girişi sağlar</IFR_TEXT>
     <IFR_SCALE>-2</IFR_SCALE>
     <R3_TYPE>METH</R3_TYPE>
     <R3_NAME>DBS_INSERT_INVOICE</R3_NAME>
     <R3_TEXT>DBS fatura girişi sağlar</R3_TEXT>
     <R3_SEQNUM>000005</R3_SEQNUM>
     <DIRECTION>O</DIRECTION>
     <SYNCHRON>X</SYNCHRON>
    </item>
    <item>
     <OBJECT>CLAS</OBJECT>
     <OBJ_NAME>ZDBS_SEKCO_SEKERBANK_NAKIT_YON</OBJ_NAME>
     <OBJECT1>METH</OBJECT1>
     <OBJ_NAME1>DBS_INSERT_INVOICE</OBJ_NAME1>
     <OBJECT2>PAEX</OBJECT2>
     <OBJ_NAME2>OUTPUT</OBJ_NAME2>
     <OBJECT_R>TABL</OBJECT_R>
     <OBJ_NAME_R>ZDBS_SEKDBS_INSERT_INVOICE_SOA</OBJ_NAME_R>
     <ID>&lt;output&gt; output &lt;operation&gt; DBS_InsertInvoice &lt;portType&gt; SekerbankNakitYonetimiServisleriSoap http://tempuri.org/ http://tempuri.org/</ID>
     <IFR_TYPE>PartInput</IFR_TYPE>
     <IFR_NAME>output</IFR_NAME>
     <IFR_SCALE>-2</IFR_SCALE>
     <R3_TYPE>PAEX</R3_TYPE>
     <R3_NAME>OUTPUT</R3_NAME>
     <R3_SEQNUM>000002</R3_SEQNUM>
    </item>
    <item>
     <OBJECT>CLAS</OBJECT>
     <OBJ_NAME>ZDBS_SEKCO_SEKERBANK_NAKIT_YON</OBJ_NAME>
     <OBJECT1>METH</OBJECT1>
     <OBJ_NAME1>DBS_INSERT_INVOICE</OBJ_NAME1>
     <OBJECT2>PAIM</OBJECT2>
     <OBJ_NAME2>INPUT</OBJ_NAME2>
     <OBJECT_R>TABL</OBJECT_R>
     <OBJ_NAME_R>ZDBS_SEKDBS_INSERT_INVOICE_SO1</OBJ_NAME_R>
     <ID>&lt;input&gt; input &lt;operation&gt; DBS_InsertInvoice &lt;portType&gt; SekerbankNakitYonetimiServisleriSoap http://tempuri.org/ http://tempuri.org/</ID>
     <IFR_TYPE>PartOutput</IFR_TYPE>
     <IFR_NAME>input</IFR_NAME>
     <IFR_SCALE>-2</IFR_SCALE>
     <R3_TYPE>PAIM</R3_TYPE>
     <R3_NAME>INPUT</R3_NAME>
     <R3_SEQNUM>000001</R3_SEQNUM>
    </item>
    <item>
     <OBJECT>CLAS</OBJECT>
     <OBJ_NAME>ZDBS_SEKCO_SEKERBANK_NAKIT_YON</OBJ_NAME>
     <OBJECT1>METH</OBJECT1>
     <OBJ_NAME1>DBS_UPDATE_INVOICE</OBJ_NAME1>
     <OBJECT2>METH</OBJECT2>
     <OBJ_NAME2>DBS_UPDATE_INVOICE</OBJ_NAME2>
     <ID>&lt;operation&gt; DBS_UpdateInvoice &lt;portType&gt; SekerbankNakitYonetimiServisleriSoap http://tempuri.org/ http://tempuri.org/</ID>
     <IFR_TYPE>operation</IFR_TYPE>
     <IFR_NAME>DBS_UpdateInvoice</IFR_NAME>
     <IFR_TEXT>DBS fatura bilgilerinin güncellenmesini sağlar</IFR_TEXT>
     <IFR_SCALE>-2</IFR_SCALE>
     <R3_TYPE>METH</R3_TYPE>
     <R3_NAME>DBS_UPDATE_INVOICE</R3_NAME>
     <R3_TEXT>DBS fatura bilgilerinin güncellenmesini sağlar</R3_TEXT>
     <R3_SEQNUM>000004</R3_SEQNUM>
     <DIRECTION>O</DIRECTION>
     <SYNCHRON>X</SYNCHRON>
    </item>
    <item>
     <OBJECT>CLAS</OBJECT>
     <OBJ_NAME>ZDBS_SEKCO_SEKERBANK_NAKIT_YON</OBJ_NAME>
     <OBJECT1>METH</OBJECT1>
     <OBJ_NAME1>DBS_UPDATE_INVOICE</OBJ_NAME1>
     <OBJECT2>PAEX</OBJECT2>
     <OBJ_NAME2>OUTPUT</OBJ_NAME2>
     <OBJECT_R>TABL</OBJECT_R>
     <OBJ_NAME_R>ZDBS_SEKDBS_UPDATE_INVOICE_SOA</OBJ_NAME_R>
     <ID>&lt;output&gt; output &lt;operation&gt; DBS_UpdateInvoice &lt;portType&gt; SekerbankNakitYonetimiServisleriSoap http://tempuri.org/ http://tempuri.org/</ID>
     <IFR_TYPE>PartInput</IFR_TYPE>
     <IFR_NAME>output</IFR_NAME>
     <IFR_SCALE>-2</IFR_SCALE>
     <R3_TYPE>PAEX</R3_TYPE>
     <R3_NAME>OUTPUT</R3_NAME>
     <R3_SEQNUM>000002</R3_SEQNUM>
    </item>
    <item>
     <OBJECT>CLAS</OBJECT>
     <OBJ_NAME>ZDBS_SEKCO_SEKERBANK_NAKIT_YON</OBJ_NAME>
     <OBJECT1>METH</OBJECT1>
     <OBJ_NAME1>DBS_UPDATE_INVOICE</OBJ_NAME1>
     <OBJECT2>PAIM</OBJECT2>
     <OBJ_NAME2>INPUT</OBJ_NAME2>
     <OBJECT_R>TABL</OBJECT_R>
     <OBJ_NAME_R>ZDBS_SEKDBS_UPDATE_INVOICE_SO1</OBJ_NAME_R>
     <ID>&lt;input&gt; input &lt;operation&gt; DBS_UpdateInvoice &lt;portType&gt; SekerbankNakitYonetimiServisleriSoap http://tempuri.org/ http://tempuri.org/</ID>
     <IFR_TYPE>PartOutput</IFR_TYPE>
     <IFR_NAME>input</IFR_NAME>
     <IFR_SCALE>-2</IFR_SCALE>
     <R3_TYPE>PAIM</R3_TYPE>
     <R3_NAME>INPUT</R3_NAME>
     <R3_SEQNUM>000001</R3_SEQNUM>
    </item>
    <item>
     <OBJECT>CLAS</OBJECT>
     <OBJ_NAME>ZDBS_SEKCO_SEKERBANK_NAKIT_YON</OBJ_NAME>
     <OBJECT1>METH</OBJECT1>
     <OBJ_NAME1>GET_TRANSACTIONS_BY_TRANSACTIO</OBJ_NAME1>
     <OBJECT2>METH</OBJECT2>
     <OBJ_NAME2>GET_TRANSACTIONS_BY_TRANSACTIO</OBJ_NAME2>
     <ID>&lt;operation&gt; GetTransactionsByTransactionDate &lt;portType&gt; SekerbankNakitYonetimiServisleriSoap http://tempuri.org/ http://tempuri.org/</ID>
     <IFR_TYPE>operation</IFR_TYPE>
     <IFR_NAME>GetTransactionsByTransactionDate</IFR_NAME>
     <IFR_TEXT>Firmanın tanımlı hesaplarının belirli bir aralıkta hesap hareketlerini döner</IFR_TEXT>
     <IFR_SCALE>-2</IFR_SCALE>
     <R3_TYPE>METH</R3_TYPE>
     <R3_NAME>GET_TRANSACTIONS_BY_TRANSACTIO</R3_NAME>
     <R3_TEXT>Firmanın tanımlı hesaplarının belirli bir aralıkta hesap har</R3_TEXT>
     <R3_SEQNUM>000008</R3_SEQNUM>
     <DIRECTION>O</DIRECTION>
     <SYNCHRON>X</SYNCHRON>
    </item>
    <item>
     <OBJECT>CLAS</OBJECT>
     <OBJ_NAME>ZDBS_SEKCO_SEKERBANK_NAKIT_YON</OBJ_NAME>
     <OBJECT1>METH</OBJECT1>
     <OBJ_NAME1>GET_TRANSACTIONS_BY_TRANSACTIO</OBJ_NAME1>
     <OBJECT2>PAEX</OBJECT2>
     <OBJ_NAME2>OUTPUT</OBJ_NAME2>
     <OBJECT_R>TABL</OBJECT_R>
     <OBJ_NAME_R>ZDBS_SEKGET_TRANSACTIONS_BY_TR</OBJ_NAME_R>
     <ID>&lt;output&gt; output &lt;operation&gt; GetTransactionsByTransactionDate &lt;portType&gt; SekerbankNakitYonetimiServisleriSoap http://tempuri.org/ http://tempuri.org/</ID>
     <IFR_TYPE>PartInput</IFR_TYPE>
     <IFR_NAME>output</IFR_NAME>
     <IFR_SCALE>-2</IFR_SCALE>
     <R3_TYPE>PAEX</R3_TYPE>
     <R3_NAME>OUTPUT</R3_NAME>
     <R3_SEQNUM>000002</R3_SEQNUM>
    </item>
    <item>
     <OBJECT>CLAS</OBJECT>
     <OBJ_NAME>ZDBS_SEKCO_SEKERBANK_NAKIT_YON</OBJ_NAME>
     <OBJECT1>METH</OBJECT1>
     <OBJ_NAME1>GET_TRANSACTIONS_BY_TRANSACTIO</OBJ_NAME1>
     <OBJECT2>PAIM</OBJECT2>
     <OBJ_NAME2>INPUT</OBJ_NAME2>
     <OBJECT_R>TABL</OBJECT_R>
     <OBJ_NAME_R>ZDBS_SEKGET_TRANSACTIONS_BY_T1</OBJ_NAME_R>
     <ID>&lt;input&gt; input &lt;operation&gt; GetTransactionsByTransactionDate &lt;portType&gt; SekerbankNakitYonetimiServisleriSoap http://tempuri.org/ http://tempuri.org/</ID>
     <IFR_TYPE>PartOutput</IFR_TYPE>
     <IFR_NAME>input</IFR_NAME>
     <IFR_SCALE>-2</IFR_SCALE>
     <R3_TYPE>PAIM</R3_TYPE>
     <R3_NAME>INPUT</R3_NAME>
     <R3_SEQNUM>000001</R3_SEQNUM>
    </item>
    <item>
     <OBJECT>CLAS</OBJECT>
     <OBJ_NAME>ZDBS_SEKCO_SEKERBANK_NAKIT_YON</OBJ_NAME>
     <OBJECT1>METH</OBJECT1>
     <OBJ_NAME1>KKB_CONTROL_IBANFROM_KKB</OBJ_NAME1>
     <OBJECT2>METH</OBJECT2>
     <OBJ_NAME2>KKB_CONTROL_IBANFROM_KKB</OBJ_NAME2>
     <ID>&lt;operation&gt; KKB_ControlIBANFromKKB &lt;portType&gt; SekerbankNakitYonetimiServisleriSoap http://tempuri.org/ http://tempuri.org/</ID>
     <IFR_TYPE>operation</IFR_TYPE>
     <IFR_NAME>KKB_ControlIBANFromKKB</IFR_NAME>
     <IFR_TEXT>KKB üzerinden IBANın doğruluğunu kontrol eder.</IFR_TEXT>
     <IFR_SCALE>-2</IFR_SCALE>
     <R3_TYPE>METH</R3_TYPE>
     <R3_NAME>KKB_CONTROL_IBANFROM_KKB</R3_NAME>
     <R3_TEXT>KKB üzerinden IBANın doğruluğunu kontrol eder.</R3_TEXT>
     <R3_SEQNUM>000006</R3_SEQNUM>
     <DIRECTION>O</DIRECTION>
     <SYNCHRON>X</SYNCHRON>
    </item>
    <item>
     <OBJECT>CLAS</OBJECT>
     <OBJ_NAME>ZDBS_SEKCO_SEKERBANK_NAKIT_YON</OBJ_NAME>
     <OBJECT1>METH</OBJECT1>
     <OBJ_NAME1>KKB_CONTROL_IBANFROM_KKB</OBJ_NAME1>
     <OBJECT2>PAEX</OBJECT2>
     <OBJ_NAME2>OUTPUT</OBJ_NAME2>
     <OBJECT_R>TABL</OBJECT_R>
     <OBJ_NAME_R>ZDBS_SEKKKB_CONTROL_IBANFROM_K</OBJ_NAME_R>
     <ID>&lt;output&gt; output &lt;operation&gt; KKB_ControlIBANFromKKB &lt;portType&gt; SekerbankNakitYonetimiServisleriSoap http://tempuri.org/ http://tempuri.org/</ID>
     <IFR_TYPE>PartInput</IFR_TYPE>
     <IFR_NAME>output</IFR_NAME>
     <IFR_SCALE>-2</IFR_SCALE>
     <R3_TYPE>PAEX</R3_TYPE>
     <R3_NAME>OUTPUT</R3_NAME>
     <R3_SEQNUM>000002</R3_SEQNUM>
    </item>
    <item>
     <OBJECT>CLAS</OBJECT>
     <OBJ_NAME>ZDBS_SEKCO_SEKERBANK_NAKIT_YON</OBJ_NAME>
     <OBJECT1>METH</OBJECT1>
     <OBJ_NAME1>KKB_CONTROL_IBANFROM_KKB</OBJ_NAME1>
     <OBJECT2>PAIM</OBJECT2>
     <OBJ_NAME2>INPUT</OBJ_NAME2>
     <OBJECT_R>TABL</OBJECT_R>
     <OBJ_NAME_R>ZDBS_SEKKKB_CONTROL_IBANFROM_1</OBJ_NAME_R>
     <ID>&lt;input&gt; input &lt;operation&gt; KKB_ControlIBANFromKKB &lt;portType&gt; SekerbankNakitYonetimiServisleriSoap http://tempuri.org/ http://tempuri.org/</ID>
     <IFR_TYPE>PartOutput</IFR_TYPE>
     <IFR_NAME>input</IFR_NAME>
     <IFR_SCALE>-2</IFR_SCALE>
     <R3_TYPE>PAIM</R3_TYPE>
     <R3_NAME>INPUT</R3_NAME>
     <R3_SEQNUM>000001</R3_SEQNUM>
    </item>
    <item>
     <OBJECT>CLAS</OBJECT>
     <OBJ_NAME>ZDBS_SEKCO_SEKERBANK_NAKIT_YON</OBJ_NAME>
     <OBJECT1>METH</OBJECT1>
     <OBJ_NAME1>KKB_IBANTEYIT_FROM_KKB</OBJ_NAME1>
     <OBJECT2>METH</OBJECT2>
     <OBJ_NAME2>KKB_IBANTEYIT_FROM_KKB</OBJ_NAME2>
     <ID>&lt;operation&gt; KKB_IBANTeyitFromKKB &lt;portType&gt; SekerbankNakitYonetimiServisleriSoap http://tempuri.org/ http://tempuri.org/</ID>
     <IFR_TYPE>operation</IFR_TYPE>
     <IFR_NAME>KKB_IBANTeyitFromKKB</IFR_NAME>
     <IFR_TEXT>KKB üzerinden IBAN numarası bilinen kişinin kimlik teyidine yardımcı olması için geliştirilmiştir.</IFR_TEXT>
     <IFR_SCALE>-2</IFR_SCALE>
     <R3_TYPE>METH</R3_TYPE>
     <R3_NAME>KKB_IBANTEYIT_FROM_KKB</R3_NAME>
     <R3_TEXT>KKB üzerinden IBAN numarası bilinen kişinin kimlik teyidine</R3_TEXT>
     <R3_SEQNUM>000007</R3_SEQNUM>
     <DIRECTION>O</DIRECTION>
     <SYNCHRON>X</SYNCHRON>
    </item>
    <item>
     <OBJECT>CLAS</OBJECT>
     <OBJ_NAME>ZDBS_SEKCO_SEKERBANK_NAKIT_YON</OBJ_NAME>
     <OBJECT1>METH</OBJECT1>
     <OBJ_NAME1>KKB_IBANTEYIT_FROM_KKB</OBJ_NAME1>
     <OBJECT2>PAEX</OBJECT2>
     <OBJ_NAME2>OUTPUT</OBJ_NAME2>
     <OBJECT_R>TABL</OBJECT_R>
     <OBJ_NAME_R>ZDBS_SEKKKB_IBANTEYIT_FROM_KKB</OBJ_NAME_R>
     <ID>&lt;output&gt; output &lt;operation&gt; KKB_IBANTeyitFromKKB &lt;portType&gt; SekerbankNakitYonetimiServisleriSoap http://tempuri.org/ http://tempuri.org/</ID>
     <IFR_TYPE>PartInput</IFR_TYPE>
     <IFR_NAME>output</IFR_NAME>
     <IFR_SCALE>-2</IFR_SCALE>
     <R3_TYPE>PAEX</R3_TYPE>
     <R3_NAME>OUTPUT</R3_NAME>
     <R3_SEQNUM>000002</R3_SEQNUM>
    </item>
    <item>
     <OBJECT>CLAS</OBJECT>
     <OBJ_NAME>ZDBS_SEKCO_SEKERBANK_NAKIT_YON</OBJ_NAME>
     <OBJECT1>METH</OBJECT1>
     <OBJ_NAME1>KKB_IBANTEYIT_FROM_KKB</OBJ_NAME1>
     <OBJECT2>PAIM</OBJECT2>
     <OBJ_NAME2>INPUT</OBJ_NAME2>
     <OBJECT_R>TABL</OBJECT_R>
     <OBJ_NAME_R>ZDBS_SEKKKB_IBANTEYIT_FROM_KK1</OBJ_NAME_R>
     <ID>&lt;input&gt; input &lt;operation&gt; KKB_IBANTeyitFromKKB &lt;portType&gt; SekerbankNakitYonetimiServisleriSoap http://tempuri.org/ http://tempuri.org/</ID>
     <IFR_TYPE>PartOutput</IFR_TYPE>
     <IFR_NAME>input</IFR_NAME>
     <IFR_SCALE>-2</IFR_SCALE>
     <R3_TYPE>PAIM</R3_TYPE>
     <R3_NAME>INPUT</R3_NAME>
     <R3_SEQNUM>000001</R3_SEQNUM>
    </item>
    <item>
     <OBJECT>CLAS</OBJECT>
     <OBJ_NAME>ZDBS_SEKCO_SEKERBANK_NAKIT_YON</OBJ_NAME>
     <OBJECT1>METH</OBJECT1>
     <OBJ_NAME1>TO_GET_RESULT_OF_FILE</OBJ_NAME1>
     <OBJECT2>METH</OBJECT2>
     <OBJ_NAME2>TO_GET_RESULT_OF_FILE</OBJ_NAME2>
     <ID>&lt;operation&gt; TO_GetResultOfFile &lt;portType&gt; SekerbankNakitYonetimiServisleriSoap http://tempuri.org/ http://tempuri.org/</ID>
     <IFR_TYPE>operation</IFR_TYPE>
     <IFR_NAME>TO_GetResultOfFile</IFR_NAME>
     <IFR_TEXT>Toplu Ödeme dosyanın içindeki kayıtların akibetini sorgular. Servis, kriter olarak girilen request_i</IFR_TEXT>
     <IFR_SCALE>-2</IFR_SCALE>
     <R3_TYPE>METH</R3_TYPE>
     <R3_NAME>TO_GET_RESULT_OF_FILE</R3_NAME>
     <R3_TEXT>Toplu Ödeme dosyanın içindeki kayıtların akibetini sorgular.</R3_TEXT>
     <R3_SEQNUM>000010</R3_SEQNUM>
     <DIRECTION>O</DIRECTION>
     <SYNCHRON>X</SYNCHRON>
    </item>
    <item>
     <OBJECT>CLAS</OBJECT>
     <OBJ_NAME>ZDBS_SEKCO_SEKERBANK_NAKIT_YON</OBJ_NAME>
     <OBJECT1>METH</OBJECT1>
     <OBJ_NAME1>TO_GET_RESULT_OF_FILE</OBJ_NAME1>
     <OBJECT2>PAEX</OBJECT2>
     <OBJ_NAME2>OUTPUT</OBJ_NAME2>
     <OBJECT_R>TABL</OBJECT_R>
     <OBJ_NAME_R>ZDBS_SEKTO_GET_RESULT_OF_FILE</OBJ_NAME_R>
     <ID>&lt;output&gt; output &lt;operation&gt; TO_GetResultOfFile &lt;portType&gt; SekerbankNakitYonetimiServisleriSoap http://tempuri.org/ http://tempuri.org/</ID>
     <IFR_TYPE>PartInput</IFR_TYPE>
     <IFR_NAME>output</IFR_NAME>
     <IFR_SCALE>-2</IFR_SCALE>
     <R3_TYPE>PAEX</R3_TYPE>
     <R3_NAME>OUTPUT</R3_NAME>
     <R3_SEQNUM>000002</R3_SEQNUM>
    </item>
    <item>
     <OBJECT>CLAS</OBJECT>
     <OBJ_NAME>ZDBS_SEKCO_SEKERBANK_NAKIT_YON</OBJ_NAME>
     <OBJECT1>METH</OBJECT1>
     <OBJ_NAME1>TO_GET_RESULT_OF_FILE</OBJ_NAME1>
     <OBJECT2>PAIM</OBJECT2>
     <OBJ_NAME2>INPUT</OBJ_NAME2>
     <OBJECT_R>TABL</OBJECT_R>
     <OBJ_NAME_R>ZDBS_SEKTO_GET_RESULT_OF_FILE1</OBJ_NAME_R>
     <ID>&lt;input&gt; input &lt;operation&gt; TO_GetResultOfFile &lt;portType&gt; SekerbankNakitYonetimiServisleriSoap http://tempuri.org/ http://tempuri.org/</ID>
     <IFR_TYPE>PartOutput</IFR_TYPE>
     <IFR_NAME>input</IFR_NAME>
     <IFR_SCALE>-2</IFR_SCALE>
     <R3_TYPE>PAIM</R3_TYPE>
     <R3_NAME>INPUT</R3_NAME>
     <R3_SEQNUM>000001</R3_SEQNUM>
    </item>
    <item>
     <OBJECT>CLAS</OBJECT>
     <OBJ_NAME>ZDBS_SEKCO_SEKERBANK_NAKIT_YON</OBJ_NAME>
     <OBJECT1>METH</OBJECT1>
     <OBJ_NAME1>TO_SEND_RECORDS</OBJ_NAME1>
     <OBJECT2>METH</OBJECT2>
     <OBJ_NAME2>TO_SEND_RECORDS</OBJ_NAME2>
     <ID>&lt;operation&gt; TO_SendRecords &lt;portType&gt; SekerbankNakitYonetimiServisleriSoap http://tempuri.org/ http://tempuri.org/</ID>
     <IFR_TYPE>operation</IFR_TYPE>
     <IFR_NAME>TO_SendRecords</IFR_NAME>
     <IFR_TEXT>Toplu Ödeme kayıtlarını gönderir.Servis, kriter olarak girilen istekleri gerekli kontrolleri gerçekl</IFR_TEXT>
     <IFR_SCALE>-2</IFR_SCALE>
     <R3_TYPE>METH</R3_TYPE>
     <R3_NAME>TO_SEND_RECORDS</R3_NAME>
     <R3_TEXT>Toplu Ödeme kayıtlarını gönderir.Servis, kriter olarak giril</R3_TEXT>
     <R3_SEQNUM>000009</R3_SEQNUM>
     <DIRECTION>O</DIRECTION>
     <SYNCHRON>X</SYNCHRON>
    </item>
    <item>
     <OBJECT>CLAS</OBJECT>
     <OBJ_NAME>ZDBS_SEKCO_SEKERBANK_NAKIT_YON</OBJ_NAME>
     <OBJECT1>METH</OBJECT1>
     <OBJ_NAME1>TO_SEND_RECORDS</OBJ_NAME1>
     <OBJECT2>PAEX</OBJECT2>
     <OBJ_NAME2>OUTPUT</OBJ_NAME2>
     <OBJECT_R>TABL</OBJECT_R>
     <OBJ_NAME_R>ZDBS_SEKTO_SEND_RECORDS_SOAP_O</OBJ_NAME_R>
     <ID>&lt;output&gt; output &lt;operation&gt; TO_SendRecords &lt;portType&gt; SekerbankNakitYonetimiServisleriSoap http://tempuri.org/ http://tempuri.org/</ID>
     <IFR_TYPE>PartInput</IFR_TYPE>
     <IFR_NAME>output</IFR_NAME>
     <IFR_SCALE>-2</IFR_SCALE>
     <R3_TYPE>PAEX</R3_TYPE>
     <R3_NAME>OUTPUT</R3_NAME>
     <R3_SEQNUM>000002</R3_SEQNUM>
    </item>
    <item>
     <OBJECT>CLAS</OBJECT>
     <OBJ_NAME>ZDBS_SEKCO_SEKERBANK_NAKIT_YON</OBJ_NAME>
     <OBJECT1>METH</OBJECT1>
     <OBJ_NAME1>TO_SEND_RECORDS</OBJ_NAME1>
     <OBJECT2>PAIM</OBJECT2>
     <OBJ_NAME2>INPUT</OBJ_NAME2>
     <OBJECT_R>TABL</OBJECT_R>
     <OBJ_NAME_R>ZDBS_SEKTO_SEND_RECORDS_SOAP_I</OBJ_NAME_R>
     <ID>&lt;input&gt; input &lt;operation&gt; TO_SendRecords &lt;portType&gt; SekerbankNakitYonetimiServisleriSoap http://tempuri.org/ http://tempuri.org/</ID>
     <IFR_TYPE>PartOutput</IFR_TYPE>
     <IFR_NAME>input</IFR_NAME>
     <IFR_SCALE>-2</IFR_SCALE>
     <R3_TYPE>PAIM</R3_TYPE>
     <R3_NAME>INPUT</R3_NAME>
     <R3_SEQNUM>000001</R3_SEQNUM>
    </item>
    <item>
     <OBJECT>CLAS</OBJECT>
     <OBJ_NAME>ZDBS_SEKCO_SEKERBANK_NAKIT_YON</OBJ_NAME>
     <OBJECT1>METH</OBJECT1>
     <OBJ_NAME1>TO_SEND_RECORDS_AND_TRANSFER_I</OBJ_NAME1>
     <OBJECT2>METH</OBJECT2>
     <OBJ_NAME2>TO_SEND_RECORDS_AND_TRANSFER_I</OBJ_NAME2>
     <ID>&lt;operation&gt; TO_SendRecordsAndTransferInstantly &lt;portType&gt; SekerbankNakitYonetimiServisleriSoap http://tempuri.org/ http://tempuri.org/</ID>
     <IFR_TYPE>operation</IFR_TYPE>
     <IFR_NAME>TO_SendRecordsAndTransferInstantly</IFR_NAME>
     <IFR_TEXT>Toplu Ödeme kayıtlarını gönderir.Servis, kriter olarak girilen istekleri gerekli kontrolleri gerçekl</IFR_TEXT>
     <IFR_SCALE>-2</IFR_SCALE>
     <R3_TYPE>METH</R3_TYPE>
     <R3_NAME>TO_SEND_RECORDS_AND_TRANSFER_I</R3_NAME>
     <R3_TEXT>Toplu Ödeme kayıtlarını gönderir.Servis, kriter olarak giril</R3_TEXT>
     <R3_SEQNUM>000012</R3_SEQNUM>
     <DIRECTION>O</DIRECTION>
     <SYNCHRON>X</SYNCHRON>
    </item>
    <item>
     <OBJECT>CLAS</OBJECT>
     <OBJ_NAME>ZDBS_SEKCO_SEKERBANK_NAKIT_YON</OBJ_NAME>
     <OBJECT1>METH</OBJECT1>
     <OBJ_NAME1>TO_SEND_RECORDS_AND_TRANSFER_I</OBJ_NAME1>
     <OBJECT2>PAEX</OBJECT2>
     <OBJ_NAME2>OUTPUT</OBJ_NAME2>
     <OBJECT_R>TABL</OBJECT_R>
     <OBJ_NAME_R>ZDBS_SEKTO_SEND_RECORDS_AND_TR</OBJ_NAME_R>
     <ID>&lt;output&gt; output &lt;operation&gt; TO_SendRecordsAndTransferInstantly &lt;portType&gt; SekerbankNakitYonetimiServisleriSoap http://tempuri.org/ http://tempuri.org/</ID>
     <IFR_TYPE>PartInput</IFR_TYPE>
     <IFR_NAME>output</IFR_NAME>
     <IFR_SCALE>-2</IFR_SCALE>
     <R3_TYPE>PAEX</R3_TYPE>
     <R3_NAME>OUTPUT</R3_NAME>
     <R3_SEQNUM>000002</R3_SEQNUM>
    </item>
    <item>
     <OBJECT>CLAS</OBJECT>
     <OBJ_NAME>ZDBS_SEKCO_SEKERBANK_NAKIT_YON</OBJ_NAME>
     <OBJECT1>METH</OBJECT1>
     <OBJ_NAME1>TO_SEND_RECORDS_AND_TRANSFER_I</OBJ_NAME1>
     <OBJECT2>PAIM</OBJECT2>
     <OBJ_NAME2>INPUT</OBJ_NAME2>
     <OBJECT_R>TABL</OBJECT_R>
     <OBJ_NAME_R>ZDBS_SEKTO_SEND_RECORDS_AND_T1</OBJ_NAME_R>
     <ID>&lt;input&gt; input &lt;operation&gt; TO_SendRecordsAndTransferInstantly &lt;portType&gt; SekerbankNakitYonetimiServisleriSoap http://tempuri.org/ http://tempuri.org/</ID>
     <IFR_TYPE>PartOutput</IFR_TYPE>
     <IFR_NAME>input</IFR_NAME>
     <IFR_SCALE>-2</IFR_SCALE>
     <R3_TYPE>PAIM</R3_TYPE>
     <R3_NAME>INPUT</R3_NAME>
     <R3_SEQNUM>000001</R3_SEQNUM>
    </item>
    <item>
     <OBJECT>CLAS</OBJECT>
     <OBJ_NAME>ZDBS_SEKCO_SEKERBANK_NAKIT_YON</OBJ_NAME>
     <OBJECT1>METH</OBJECT1>
     <OBJ_NAME1>TO_SEND_RECORDS_FOR_VALIDATE</OBJ_NAME1>
     <OBJECT2>METH</OBJECT2>
     <OBJ_NAME2>TO_SEND_RECORDS_FOR_VALIDATE</OBJ_NAME2>
     <ID>&lt;operation&gt; TO_SendRecordsForValidate &lt;portType&gt; SekerbankNakitYonetimiServisleriSoap http://tempuri.org/ http://tempuri.org/</ID>
     <IFR_TYPE>operation</IFR_TYPE>
     <IFR_NAME>TO_SendRecordsForValidate</IFR_NAME>
     <IFR_TEXT>Bu servis, toplu ödeme servisine yapılan isteği kayıt işlemi gerçekleşmeden önce kontrol eden servis</IFR_TEXT>
     <IFR_SCALE>-2</IFR_SCALE>
     <R3_TYPE>METH</R3_TYPE>
     <R3_NAME>TO_SEND_RECORDS_FOR_VALIDATE</R3_NAME>
     <R3_TEXT>Bu servis, toplu ödeme servisine yapılan isteği kayıt işlemi</R3_TEXT>
     <R3_SEQNUM>000011</R3_SEQNUM>
     <DIRECTION>O</DIRECTION>
     <SYNCHRON>X</SYNCHRON>
    </item>
    <item>
     <OBJECT>CLAS</OBJECT>
     <OBJ_NAME>ZDBS_SEKCO_SEKERBANK_NAKIT_YON</OBJ_NAME>
     <OBJECT1>METH</OBJECT1>
     <OBJ_NAME1>TO_SEND_RECORDS_FOR_VALIDATE</OBJ_NAME1>
     <OBJECT2>PAEX</OBJECT2>
     <OBJ_NAME2>OUTPUT</OBJ_NAME2>
     <OBJECT_R>TABL</OBJECT_R>
     <OBJ_NAME_R>ZDBS_SEKTO_SEND_RECORDS_FOR_VA</OBJ_NAME_R>
     <ID>&lt;output&gt; output &lt;operation&gt; TO_SendRecordsForValidate &lt;portType&gt; SekerbankNakitYonetimiServisleriSoap http://tempuri.org/ http://tempuri.org/</ID>
     <IFR_TYPE>PartInput</IFR_TYPE>
     <IFR_NAME>output</IFR_NAME>
     <IFR_SCALE>-2</IFR_SCALE>
     <R3_TYPE>PAEX</R3_TYPE>
     <R3_NAME>OUTPUT</R3_NAME>
     <R3_SEQNUM>000002</R3_SEQNUM>
    </item>
    <item>
     <OBJECT>CLAS</OBJECT>
     <OBJ_NAME>ZDBS_SEKCO_SEKERBANK_NAKIT_YON</OBJ_NAME>
     <OBJECT1>METH</OBJECT1>
     <OBJ_NAME1>TO_SEND_RECORDS_FOR_VALIDATE</OBJ_NAME1>
     <OBJECT2>PAIM</OBJECT2>
     <OBJ_NAME2>INPUT</OBJ_NAME2>
     <OBJECT_R>TABL</OBJECT_R>
     <OBJ_NAME_R>ZDBS_SEKTO_SEND_RECORDS_FOR_V1</OBJ_NAME_R>
     <ID>&lt;input&gt; input &lt;operation&gt; TO_SendRecordsForValidate &lt;portType&gt; SekerbankNakitYonetimiServisleriSoap http://tempuri.org/ http://tempuri.org/</ID>
     <IFR_TYPE>PartOutput</IFR_TYPE>
     <IFR_NAME>input</IFR_NAME>
     <IFR_SCALE>-2</IFR_SCALE>
     <R3_TYPE>PAIM</R3_TYPE>
     <R3_NAME>INPUT</R3_NAME>
     <R3_SEQNUM>000001</R3_SEQNUM>
    </item>
   </PROXY_DATA>
  </asx:values>
 </asx:abap>
</abapGit>
