﻿<?xml version="1.0" encoding="utf-8"?>
<abapGit version="v1.0.0" serializer="LCL_OBJECT_SPRX" serializer_version="v1.0.0">
 <asx:abap xmlns:asx="http://www.sap.com/abapxml" version="1.0">
  <asx:values>
   <PROXY_HEADER>
    <item>
     <OBJECT>CLAS</OBJECT>
     <OBJ_NAME>ZDBS_QNBCO_NNPTPORT_TYPE</OBJ_NAME>
     <OBJECT_M>CLAS</OBJECT_M>
     <OBJ_NAME_M>ZDBS_QNBCO_NNPTPORT_TYPE</OBJ_NAME_M>
     <HASH_ID>343D8AD3934A096CFA69F9B17E9768E0839DDEF2</HASH_ID>
     <ID>&lt;portType&gt; NNPTPortType http://nanopetdbs.driver.maestro.ibtech.com http://nanopetdbs.driver.maestro.ibtech.com</ID>
     <IFR_GLOBAL>X</IFR_GLOBAL>
     <IFR_TYPE>portType</IFR_TYPE>
     <IFR_NAME>NNPTPortType</IFR_NAME>
     <IFR_NSPCE>http://nanopetdbs.driver.maestro.ibtech.com</IFR_NSPCE>
     <IFR_GNSPCE>http://nanopetdbs.driver.maestro.ibtech.com</IFR_GNSPCE>
     <GEN_VERS>0006</GEN_VERS>
     <PREFIX>ZDBS_QNB</PREFIX>
     <CATEGORY>ifmmessif</CATEGORY>
     <DIRECTION>O</DIRECTION>
     <SYNCHRON>D</SYNCHRON>
     <GEN_APPL>WEBSERVICES</GEN_APPL>
     <X-ML_NSPCE>http://nanopetdbs.driver.maestro.ibtech.com</X-ML_NSPCE>
     <X-ML_NAME>NNPTPortType</X-ML_NAME>
     <FURTHER_DATA>&lt;asx:abap xmlns:asx=&quot;http://www.sap.com/abapxml&quot; version=&quot;1.0&quot;&gt;&lt;asx:values&gt;&lt;DATA&gt;&lt;SOAP_APPL&gt;urn:sap-com:soap:application:esr:client:710&lt;/SOAP_APPL&gt;&lt;/DATA&gt;&lt;/asx:values&gt;&lt;/asx:abap&gt;</FURTHER_DATA>
    </item>
   </PROXY_HEADER>
   <PROXY_DATA>
    <item>
     <OBJECT>CLAS</OBJECT>
     <OBJ_NAME>ZDBS_QNBCO_NNPTPORT_TYPE</OBJ_NAME>
     <OBJECT1>CLAS</OBJECT1>
     <OBJ_NAME1>ZDBS_QNBCO_NNPTPORT_TYPE</OBJ_NAME1>
     <OBJECT2>CLAS</OBJECT2>
     <OBJ_NAME2>ZDBS_QNBCO_NNPTPORT_TYPE</OBJ_NAME2>
     <ID>&lt;portType&gt; NNPTPortType http://nanopetdbs.driver.maestro.ibtech.com http://nanopetdbs.driver.maestro.ibtech.com</ID>
     <IFR_TYPE>portType</IFR_TYPE>
     <IFR_NAME>NNPTPortType</IFR_NAME>
     <IFR_SCALE>-2</IFR_SCALE>
     <R3_TYPE>CLAS</R3_TYPE>
     <R3_NAME>ZDBS_QNBCO_NNPTPORT_TYPE</R3_NAME>
     <R3_TEXT>Proxy Class (generated)</R3_TEXT>
     <CATEGORY>ifmmessif</CATEGORY>
     <DIRECTION>O</DIRECTION>
     <SYNCHRON>D</SYNCHRON>
    </item>
    <item>
     <OBJECT>CLAS</OBJECT>
     <OBJ_NAME>ZDBS_QNBCO_NNPTPORT_TYPE</OBJ_NAME>
     <OBJECT1>METH</OBJECT1>
     <OBJ_NAME1>AKIBET_SORGULA</OBJ_NAME1>
     <OBJECT2>METH</OBJECT2>
     <OBJ_NAME2>AKIBET_SORGULA</OBJ_NAME2>
     <ID>&lt;operation&gt; akibetSorgula &lt;portType&gt; NNPTPortType http://nanopetdbs.driver.maestro.ibtech.com http://nanopetdbs.driver.maestro.ibtech.com</ID>
     <IFR_TYPE>operation</IFR_TYPE>
     <IFR_NAME>akibetSorgula</IFR_NAME>
     <IFR_SCALE>-2</IFR_SCALE>
     <R3_TYPE>METH</R3_TYPE>
     <R3_NAME>AKIBET_SORGULA</R3_NAME>
     <R3_SEQNUM>000003</R3_SEQNUM>
     <DIRECTION>O</DIRECTION>
     <SYNCHRON>X</SYNCHRON>
    </item>
    <item>
     <OBJECT>CLAS</OBJECT>
     <OBJ_NAME>ZDBS_QNBCO_NNPTPORT_TYPE</OBJ_NAME>
     <OBJECT1>METH</OBJECT1>
     <OBJ_NAME1>AKIBET_SORGULA</OBJ_NAME1>
     <OBJECT2>PAEX</OBJECT2>
     <OBJ_NAME2>OUTPUT</OBJ_NAME2>
     <OBJECT_R>TABL</OBJECT_R>
     <OBJ_NAME_R>ZDBS_QNBAKIBET_SORGULA_RESPONS</OBJ_NAME_R>
     <ID>&lt;output&gt; output &lt;operation&gt; akibetSorgula &lt;portType&gt; NNPTPortType http://nanopetdbs.driver.maestro.ibtech.com http://nanopetdbs.driver.maestro.ibtech.com</ID>
     <IFR_TYPE>PartInput</IFR_TYPE>
     <IFR_NAME>output</IFR_NAME>
     <IFR_SCALE>-2</IFR_SCALE>
     <R3_TYPE>PAEX</R3_TYPE>
     <R3_NAME>OUTPUT</R3_NAME>
     <R3_SEQNUM>000002</R3_SEQNUM>
    </item>
    <item>
     <OBJECT>CLAS</OBJECT>
     <OBJ_NAME>ZDBS_QNBCO_NNPTPORT_TYPE</OBJ_NAME>
     <OBJECT1>METH</OBJECT1>
     <OBJ_NAME1>AKIBET_SORGULA</OBJ_NAME1>
     <OBJECT2>PAIM</OBJECT2>
     <OBJ_NAME2>INPUT</OBJ_NAME2>
     <OBJECT_R>TABL</OBJECT_R>
     <OBJ_NAME_R>ZDBS_QNBAKIBET_SORGULA_REQUEST</OBJ_NAME_R>
     <ID>&lt;input&gt; input &lt;operation&gt; akibetSorgula &lt;portType&gt; NNPTPortType http://nanopetdbs.driver.maestro.ibtech.com http://nanopetdbs.driver.maestro.ibtech.com</ID>
     <IFR_TYPE>PartOutput</IFR_TYPE>
     <IFR_NAME>input</IFR_NAME>
     <IFR_SCALE>-2</IFR_SCALE>
     <R3_TYPE>PAIM</R3_TYPE>
     <R3_NAME>INPUT</R3_NAME>
     <R3_SEQNUM>000001</R3_SEQNUM>
    </item>
    <item>
     <OBJECT>CLAS</OBJECT>
     <OBJ_NAME>ZDBS_QNBCO_NNPTPORT_TYPE</OBJ_NAME>
     <OBJECT1>METH</OBJECT1>
     <OBJ_NAME1>FATURA_GUNCELLEME</OBJ_NAME1>
     <OBJECT2>METH</OBJECT2>
     <OBJ_NAME2>FATURA_GUNCELLEME</OBJ_NAME2>
     <ID>&lt;operation&gt; faturaGuncelleme &lt;portType&gt; NNPTPortType http://nanopetdbs.driver.maestro.ibtech.com http://nanopetdbs.driver.maestro.ibtech.com</ID>
     <IFR_TYPE>operation</IFR_TYPE>
     <IFR_NAME>faturaGuncelleme</IFR_NAME>
     <IFR_SCALE>-2</IFR_SCALE>
     <R3_TYPE>METH</R3_TYPE>
     <R3_NAME>FATURA_GUNCELLEME</R3_NAME>
     <R3_SEQNUM>000002</R3_SEQNUM>
     <DIRECTION>O</DIRECTION>
     <SYNCHRON>X</SYNCHRON>
    </item>
    <item>
     <OBJECT>CLAS</OBJECT>
     <OBJ_NAME>ZDBS_QNBCO_NNPTPORT_TYPE</OBJ_NAME>
     <OBJECT1>METH</OBJECT1>
     <OBJ_NAME1>FATURA_GUNCELLEME</OBJ_NAME1>
     <OBJECT2>PAEX</OBJECT2>
     <OBJ_NAME2>OUTPUT</OBJ_NAME2>
     <OBJECT_R>TABL</OBJECT_R>
     <OBJ_NAME_R>ZDBS_QNBFATURA_GUNCELLEME_RESP</OBJ_NAME_R>
     <ID>&lt;output&gt; output &lt;operation&gt; faturaGuncelleme &lt;portType&gt; NNPTPortType http://nanopetdbs.driver.maestro.ibtech.com http://nanopetdbs.driver.maestro.ibtech.com</ID>
     <IFR_TYPE>PartInput</IFR_TYPE>
     <IFR_NAME>output</IFR_NAME>
     <IFR_SCALE>-2</IFR_SCALE>
     <R3_TYPE>PAEX</R3_TYPE>
     <R3_NAME>OUTPUT</R3_NAME>
     <R3_SEQNUM>000002</R3_SEQNUM>
    </item>
    <item>
     <OBJECT>CLAS</OBJECT>
     <OBJ_NAME>ZDBS_QNBCO_NNPTPORT_TYPE</OBJ_NAME>
     <OBJECT1>METH</OBJECT1>
     <OBJ_NAME1>FATURA_GUNCELLEME</OBJ_NAME1>
     <OBJECT2>PAIM</OBJECT2>
     <OBJ_NAME2>INPUT</OBJ_NAME2>
     <OBJECT_R>TABL</OBJECT_R>
     <OBJ_NAME_R>ZDBS_QNBFATURA_GUNCELLEME_REQU</OBJ_NAME_R>
     <ID>&lt;input&gt; input &lt;operation&gt; faturaGuncelleme &lt;portType&gt; NNPTPortType http://nanopetdbs.driver.maestro.ibtech.com http://nanopetdbs.driver.maestro.ibtech.com</ID>
     <IFR_TYPE>PartOutput</IFR_TYPE>
     <IFR_NAME>input</IFR_NAME>
     <IFR_SCALE>-2</IFR_SCALE>
     <R3_TYPE>PAIM</R3_TYPE>
     <R3_NAME>INPUT</R3_NAME>
     <R3_SEQNUM>000001</R3_SEQNUM>
    </item>
    <item>
     <OBJECT>CLAS</OBJECT>
     <OBJ_NAME>ZDBS_QNBCO_NNPTPORT_TYPE</OBJ_NAME>
     <OBJECT1>METH</OBJECT1>
     <OBJ_NAME1>FATURA_IPTAL</OBJ_NAME1>
     <OBJECT2>METH</OBJECT2>
     <OBJ_NAME2>FATURA_IPTAL</OBJ_NAME2>
     <ID>&lt;operation&gt; faturaIptal &lt;portType&gt; NNPTPortType http://nanopetdbs.driver.maestro.ibtech.com http://nanopetdbs.driver.maestro.ibtech.com</ID>
     <IFR_TYPE>operation</IFR_TYPE>
     <IFR_NAME>faturaIptal</IFR_NAME>
     <IFR_SCALE>-2</IFR_SCALE>
     <R3_TYPE>METH</R3_TYPE>
     <R3_NAME>FATURA_IPTAL</R3_NAME>
     <R3_SEQNUM>000004</R3_SEQNUM>
     <DIRECTION>O</DIRECTION>
     <SYNCHRON>X</SYNCHRON>
    </item>
    <item>
     <OBJECT>CLAS</OBJECT>
     <OBJ_NAME>ZDBS_QNBCO_NNPTPORT_TYPE</OBJ_NAME>
     <OBJECT1>METH</OBJECT1>
     <OBJ_NAME1>FATURA_IPTAL</OBJ_NAME1>
     <OBJECT2>PAEX</OBJECT2>
     <OBJ_NAME2>OUTPUT</OBJ_NAME2>
     <OBJECT_R>TABL</OBJECT_R>
     <OBJ_NAME_R>ZDBS_QNBFATURA_IPTAL_RESPONSE</OBJ_NAME_R>
     <ID>&lt;output&gt; output &lt;operation&gt; faturaIptal &lt;portType&gt; NNPTPortType http://nanopetdbs.driver.maestro.ibtech.com http://nanopetdbs.driver.maestro.ibtech.com</ID>
     <IFR_TYPE>PartInput</IFR_TYPE>
     <IFR_NAME>output</IFR_NAME>
     <IFR_SCALE>-2</IFR_SCALE>
     <R3_TYPE>PAEX</R3_TYPE>
     <R3_NAME>OUTPUT</R3_NAME>
     <R3_SEQNUM>000002</R3_SEQNUM>
    </item>
    <item>
     <OBJECT>CLAS</OBJECT>
     <OBJ_NAME>ZDBS_QNBCO_NNPTPORT_TYPE</OBJ_NAME>
     <OBJECT1>METH</OBJECT1>
     <OBJ_NAME1>FATURA_IPTAL</OBJ_NAME1>
     <OBJECT2>PAIM</OBJECT2>
     <OBJ_NAME2>INPUT</OBJ_NAME2>
     <OBJECT_R>TABL</OBJECT_R>
     <OBJ_NAME_R>ZDBS_QNBFATURA_IPTAL_REQUEST</OBJ_NAME_R>
     <ID>&lt;input&gt; input &lt;operation&gt; faturaIptal &lt;portType&gt; NNPTPortType http://nanopetdbs.driver.maestro.ibtech.com http://nanopetdbs.driver.maestro.ibtech.com</ID>
     <IFR_TYPE>PartOutput</IFR_TYPE>
     <IFR_NAME>input</IFR_NAME>
     <IFR_SCALE>-2</IFR_SCALE>
     <R3_TYPE>PAIM</R3_TYPE>
     <R3_NAME>INPUT</R3_NAME>
     <R3_SEQNUM>000001</R3_SEQNUM>
    </item>
    <item>
     <OBJECT>CLAS</OBJECT>
     <OBJ_NAME>ZDBS_QNBCO_NNPTPORT_TYPE</OBJ_NAME>
     <OBJECT1>METH</OBJECT1>
     <OBJ_NAME1>FATURA_YUKLE</OBJ_NAME1>
     <OBJECT2>METH</OBJECT2>
     <OBJ_NAME2>FATURA_YUKLE</OBJ_NAME2>
     <ID>&lt;operation&gt; faturaYukle &lt;portType&gt; NNPTPortType http://nanopetdbs.driver.maestro.ibtech.com http://nanopetdbs.driver.maestro.ibtech.com</ID>
     <IFR_TYPE>operation</IFR_TYPE>
     <IFR_NAME>faturaYukle</IFR_NAME>
     <IFR_SCALE>-2</IFR_SCALE>
     <R3_TYPE>METH</R3_TYPE>
     <R3_NAME>FATURA_YUKLE</R3_NAME>
     <R3_SEQNUM>000001</R3_SEQNUM>
     <DIRECTION>O</DIRECTION>
     <SYNCHRON>X</SYNCHRON>
    </item>
    <item>
     <OBJECT>CLAS</OBJECT>
     <OBJ_NAME>ZDBS_QNBCO_NNPTPORT_TYPE</OBJ_NAME>
     <OBJECT1>METH</OBJECT1>
     <OBJ_NAME1>FATURA_YUKLE</OBJ_NAME1>
     <OBJECT2>PAEX</OBJECT2>
     <OBJ_NAME2>OUTPUT</OBJ_NAME2>
     <OBJECT_R>TABL</OBJECT_R>
     <OBJ_NAME_R>ZDBS_QNBFATURA_YUKLE_RESPONSE</OBJ_NAME_R>
     <ID>&lt;output&gt; output &lt;operation&gt; faturaYukle &lt;portType&gt; NNPTPortType http://nanopetdbs.driver.maestro.ibtech.com http://nanopetdbs.driver.maestro.ibtech.com</ID>
     <IFR_TYPE>PartInput</IFR_TYPE>
     <IFR_NAME>output</IFR_NAME>
     <IFR_SCALE>-2</IFR_SCALE>
     <R3_TYPE>PAEX</R3_TYPE>
     <R3_NAME>OUTPUT</R3_NAME>
     <R3_SEQNUM>000002</R3_SEQNUM>
    </item>
    <item>
     <OBJECT>CLAS</OBJECT>
     <OBJ_NAME>ZDBS_QNBCO_NNPTPORT_TYPE</OBJ_NAME>
     <OBJECT1>METH</OBJECT1>
     <OBJ_NAME1>FATURA_YUKLE</OBJ_NAME1>
     <OBJECT2>PAIM</OBJECT2>
     <OBJ_NAME2>INPUT</OBJ_NAME2>
     <OBJECT_R>TABL</OBJECT_R>
     <OBJ_NAME_R>ZDBS_QNBFATURA_YUKLE_REQUEST</OBJ_NAME_R>
     <ID>&lt;input&gt; input &lt;operation&gt; faturaYukle &lt;portType&gt; NNPTPortType http://nanopetdbs.driver.maestro.ibtech.com http://nanopetdbs.driver.maestro.ibtech.com</ID>
     <IFR_TYPE>PartOutput</IFR_TYPE>
     <IFR_NAME>input</IFR_NAME>
     <IFR_SCALE>-2</IFR_SCALE>
     <R3_TYPE>PAIM</R3_TYPE>
     <R3_NAME>INPUT</R3_NAME>
     <R3_SEQNUM>000001</R3_SEQNUM>
    </item>
    <item>
     <OBJECT>CLAS</OBJECT>
     <OBJ_NAME>ZDBS_QNBCO_NNPTPORT_TYPE</OBJ_NAME>
     <OBJECT1>METH</OBJECT1>
     <OBJ_NAME1>LIMIT_SORGULA</OBJ_NAME1>
     <OBJECT2>METH</OBJECT2>
     <OBJ_NAME2>LIMIT_SORGULA</OBJ_NAME2>
     <ID>&lt;operation&gt; limitSorgula &lt;portType&gt; NNPTPortType http://nanopetdbs.driver.maestro.ibtech.com http://nanopetdbs.driver.maestro.ibtech.com</ID>
     <IFR_TYPE>operation</IFR_TYPE>
     <IFR_NAME>limitSorgula</IFR_NAME>
     <IFR_SCALE>-2</IFR_SCALE>
     <R3_TYPE>METH</R3_TYPE>
     <R3_NAME>LIMIT_SORGULA</R3_NAME>
     <R3_SEQNUM>000005</R3_SEQNUM>
     <DIRECTION>O</DIRECTION>
     <SYNCHRON>X</SYNCHRON>
    </item>
    <item>
     <OBJECT>CLAS</OBJECT>
     <OBJ_NAME>ZDBS_QNBCO_NNPTPORT_TYPE</OBJ_NAME>
     <OBJECT1>METH</OBJECT1>
     <OBJ_NAME1>LIMIT_SORGULA</OBJ_NAME1>
     <OBJECT2>PAEX</OBJECT2>
     <OBJ_NAME2>OUTPUT</OBJ_NAME2>
     <OBJECT_R>TABL</OBJECT_R>
     <OBJ_NAME_R>ZDBS_QNBLIMIT_SORGULA_RESPONSE</OBJ_NAME_R>
     <ID>&lt;output&gt; output &lt;operation&gt; limitSorgula &lt;portType&gt; NNPTPortType http://nanopetdbs.driver.maestro.ibtech.com http://nanopetdbs.driver.maestro.ibtech.com</ID>
     <IFR_TYPE>PartInput</IFR_TYPE>
     <IFR_NAME>output</IFR_NAME>
     <IFR_SCALE>-2</IFR_SCALE>
     <R3_TYPE>PAEX</R3_TYPE>
     <R3_NAME>OUTPUT</R3_NAME>
     <R3_SEQNUM>000002</R3_SEQNUM>
    </item>
    <item>
     <OBJECT>CLAS</OBJECT>
     <OBJ_NAME>ZDBS_QNBCO_NNPTPORT_TYPE</OBJ_NAME>
     <OBJECT1>METH</OBJECT1>
     <OBJ_NAME1>LIMIT_SORGULA</OBJ_NAME1>
     <OBJECT2>PAIM</OBJECT2>
     <OBJ_NAME2>INPUT</OBJ_NAME2>
     <OBJECT_R>TABL</OBJECT_R>
     <OBJ_NAME_R>ZDBS_QNBLIMIT_SORGULA_REQUEST</OBJ_NAME_R>
     <ID>&lt;input&gt; input &lt;operation&gt; limitSorgula &lt;portType&gt; NNPTPortType http://nanopetdbs.driver.maestro.ibtech.com http://nanopetdbs.driver.maestro.ibtech.com</ID>
     <IFR_TYPE>PartOutput</IFR_TYPE>
     <IFR_NAME>input</IFR_NAME>
     <IFR_SCALE>-2</IFR_SCALE>
     <R3_TYPE>PAIM</R3_TYPE>
     <R3_NAME>INPUT</R3_NAME>
     <R3_SEQNUM>000001</R3_SEQNUM>
    </item>
   </PROXY_DATA>
  </asx:values>
 </asx:abap>
</abapGit>
