﻿<?xml version="1.0" encoding="utf-8"?>
<abapGit version="v1.0.0" serializer="LCL_OBJECT_SPRX" serializer_version="v1.0.0">
 <asx:abap xmlns:asx="http://www.sap.com/abapxml" version="1.0">
  <asx:values>
   <PROXY_HEADER>
    <item>
     <OBJECT>CLAS</OBJECT>
     <OBJ_NAME>ZDBS_ISBCX_BUSINESS_FAULT</OBJ_NAME>
     <OBJECT_M>CLAS</OBJECT_M>
     <OBJ_NAME_M>ZDBS_ISBCX_BUSINESS_FAULT</OBJ_NAME_M>
     <HASH_ID>1BBC55F769743C6E7485FA3B1D80FE5856097776</HASH_ID>
     <ID>&lt;message&gt; BusinessFault http://isbank.com/OpSvcs/PaymentMgmtProcessing/DDS/DDSGeneric/Service/V1 http://isbank.com/OpSvcs/PaymentMgmtProcessing/DDS/DDSGeneric/Service/V1</ID>
     <IFR_GLOBAL>X</IFR_GLOBAL>
     <IFR_TYPE>message</IFR_TYPE>
     <IFR_NAME>BusinessFault</IFR_NAME>
     <IFR_NSPCE>http://isbank.com/OpSvcs/PaymentMgmtProcessing/DDS/DDSGeneric/Service/V1</IFR_NSPCE>
     <IFR_GNSPCE>http://isbank.com/OpSvcs/PaymentMgmtProcessing/DDS/DDSGeneric/Service/V1</IFR_GNSPCE>
     <GEN_VERS>0006</GEN_VERS>
     <PREFIX>ZDBS_ISB</PREFIX>
     <CATEGORY>ifmfaultm</CATEGORY>
     <GEN_APPL>WEBSERVICES</GEN_APPL>
     <X-ML_NSPCE>http://isbank.com/OpSvcs/PaymentMgmtProcessing/DDS/DDSGeneric/Service/V1</X-ML_NSPCE>
     <X-ML_NAME>BusinessFault</X-ML_NAME>
    </item>
   </PROXY_HEADER>
   <PROXY_DATA>
    <item>
     <OBJECT>CLAS</OBJECT>
     <OBJ_NAME>ZDBS_ISBCX_BUSINESS_FAULT</OBJ_NAME>
     <OBJECT1>ATTR</OBJECT1>
     <OBJ_NAME1>BIZ_FAULT</OBJ_NAME1>
     <OBJECT2>ATTR</OBJECT2>
     <OBJ_NAME2>BIZ_FAULT</OBJ_NAME2>
     <OBJECT_R>TABL</OBJECT_R>
     <OBJ_NAME_R>ZDBS_ISBBUSINESS_FAULT_TYPE</OBJ_NAME_R>
     <ID>&lt;part&gt; bizFault &lt;message&gt; BusinessFault http://isbank.com/OpSvcs/PaymentMgmtProcessing/DDS/DDSGeneric/Service/V1 http://isbank.com/OpSvcs/PaymentMgmtProcessing/DDS/DDSGeneric/Service/V1</ID>
     <IFR_TYPE>part</IFR_TYPE>
     <IFR_NAME>bizFault</IFR_NAME>
     <IFR_NILLABLE>X</IFR_NILLABLE>
     <IFR_SCALE>-2</IFR_SCALE>
     <R3_TYPE>ATTR</R3_TYPE>
     <R3_NAME>BIZ_FAULT</R3_NAME>
     <R3_SEQNUM>000001</R3_SEQNUM>
    </item>
    <item>
     <OBJECT>CLAS</OBJECT>
     <OBJ_NAME>ZDBS_ISBCX_BUSINESS_FAULT</OBJ_NAME>
     <OBJECT1>CLAS</OBJECT1>
     <OBJ_NAME1>ZDBS_ISBCX_BUSINESS_FAULT</OBJ_NAME1>
     <OBJECT2>CLAS</OBJECT2>
     <OBJ_NAME2>ZDBS_ISBCX_BUSINESS_FAULT</OBJ_NAME2>
     <ID>&lt;message&gt; BusinessFault http://isbank.com/OpSvcs/PaymentMgmtProcessing/DDS/DDSGeneric/Service/V1 http://isbank.com/OpSvcs/PaymentMgmtProcessing/DDS/DDSGeneric/Service/V1</ID>
     <IFR_TYPE>message</IFR_TYPE>
     <IFR_NAME>BusinessFault</IFR_NAME>
     <IFR_SCALE>-2</IFR_SCALE>
     <IFR_FAULT>X</IFR_FAULT>
     <R3_TYPE>CLAS</R3_TYPE>
     <R3_NAME>ZDBS_ISBCX_BUSINESS_FAULT</R3_NAME>
     <R3_TEXT>Proxy Class (generated)</R3_TEXT>
     <CATEGORY>ifmfaultm</CATEGORY>
    </item>
   </PROXY_DATA>
  </asx:values>
 </asx:abap>
</abapGit>
