﻿<?xml version="1.0" encoding="utf-8"?>
<abapGit version="v1.0.0" serializer="LCL_OBJECT_SPRX" serializer_version="v1.0.0">
 <asx:abap xmlns:asx="http://www.sap.com/abapxml" version="1.0">
  <asx:values>
   <PROXY_HEADER>
    <item>
     <OBJECT>CLAS</OBJECT>
     <OBJ_NAME>ZDBS_TEBCO_TEBDBSWS</OBJ_NAME>
     <OBJECT_M>CLAS</OBJECT_M>
     <OBJ_NAME_M>ZDBS_TEBCO_TEBDBSWS</OBJ_NAME_M>
     <HASH_ID>8C8175ECBEECDAA32FD9572A88B2ABD73A02BF77</HASH_ID>
     <ID>&lt;portType&gt; TEBDBSWS http://com.teb.tebdbs/ http://com.teb.tebdbs/</ID>
     <IFR_GLOBAL>X</IFR_GLOBAL>
     <IFR_TYPE>portType</IFR_TYPE>
     <IFR_NAME>TEBDBSWS</IFR_NAME>
     <IFR_NSPCE>http://com.teb.tebdbs/</IFR_NSPCE>
     <IFR_GNSPCE>http://com.teb.tebdbs/</IFR_GNSPCE>
     <GEN_VERS>0006</GEN_VERS>
     <PREFIX>ZDBS_TEB</PREFIX>
     <CATEGORY>ifmmessif</CATEGORY>
     <DIRECTION>O</DIRECTION>
     <SYNCHRON>D</SYNCHRON>
     <GEN_APPL>WEBSERVICES</GEN_APPL>
     <X-ML_NSPCE>http://com.teb.tebdbs/</X-ML_NSPCE>
     <X-ML_NAME>TEBDBSWS</X-ML_NAME>
     <FURTHER_DATA>&lt;asx:abap xmlns:asx=&quot;http://www.sap.com/abapxml&quot; version=&quot;1.0&quot;&gt;&lt;asx:values&gt;&lt;DATA&gt;&lt;SOAP_APPL&gt;urn:sap-com:soap:application:esr:client:710&lt;/SOAP_APPL&gt;&lt;/DATA&gt;&lt;/asx:values&gt;&lt;/asx:abap&gt;</FURTHER_DATA>
    </item>
   </PROXY_HEADER>
   <PROXY_DATA>
    <item>
     <OBJECT>CLAS</OBJECT>
     <OBJ_NAME>ZDBS_TEBCO_TEBDBSWS</OBJ_NAME>
     <OBJECT1>CLAS</OBJECT1>
     <OBJ_NAME1>ZDBS_TEBCO_TEBDBSWS</OBJ_NAME1>
     <OBJECT2>CLAS</OBJECT2>
     <OBJ_NAME2>ZDBS_TEBCO_TEBDBSWS</OBJ_NAME2>
     <ID>&lt;portType&gt; TEBDBSWS http://com.teb.tebdbs/ http://com.teb.tebdbs/</ID>
     <IFR_TYPE>portType</IFR_TYPE>
     <IFR_NAME>TEBDBSWS</IFR_NAME>
     <IFR_SCALE>-2</IFR_SCALE>
     <R3_TYPE>CLAS</R3_TYPE>
     <R3_NAME>ZDBS_TEBCO_TEBDBSWS</R3_NAME>
     <R3_TEXT>Proxy Class (generated)</R3_TEXT>
     <CATEGORY>ifmmessif</CATEGORY>
     <DIRECTION>O</DIRECTION>
     <SYNCHRON>D</SYNCHRON>
    </item>
    <item>
     <OBJECT>CLAS</OBJECT>
     <OBJ_NAME>ZDBS_TEBCO_TEBDBSWS</OBJ_NAME>
     <OBJECT1>METH</OBJECT1>
     <OBJ_NAME1>TEBDBSFATURA_AKIBET_SORGU</OBJ_NAME1>
     <OBJECT2>METH</OBJECT2>
     <OBJ_NAME2>TEBDBSFATURA_AKIBET_SORGU</OBJ_NAME2>
     <ID>&lt;operation&gt; TEBDBSFaturaAkibetSorgu &lt;portType&gt; TEBDBSWS http://com.teb.tebdbs/ http://com.teb.tebdbs/</ID>
     <IFR_TYPE>operation</IFR_TYPE>
     <IFR_NAME>TEBDBSFaturaAkibetSorgu</IFR_NAME>
     <IFR_SCALE>-2</IFR_SCALE>
     <R3_TYPE>METH</R3_TYPE>
     <R3_NAME>TEBDBSFATURA_AKIBET_SORGU</R3_NAME>
     <R3_SEQNUM>000001</R3_SEQNUM>
     <DIRECTION>O</DIRECTION>
     <SYNCHRON>X</SYNCHRON>
    </item>
    <item>
     <OBJECT>CLAS</OBJECT>
     <OBJ_NAME>ZDBS_TEBCO_TEBDBSWS</OBJ_NAME>
     <OBJECT1>METH</OBJECT1>
     <OBJ_NAME1>TEBDBSFATURA_AKIBET_SORGU</OBJ_NAME1>
     <OBJECT2>PAEX</OBJECT2>
     <OBJ_NAME2>OUTPUT</OBJ_NAME2>
     <OBJECT_R>TABL</OBJECT_R>
     <OBJ_NAME_R>ZDBS_TEBTEBDBSWSPORT_TYPE_TE24</OBJ_NAME_R>
     <ID>&lt;output&gt; output &lt;operation&gt; TEBDBSFaturaAkibetSorgu &lt;portType&gt; TEBDBSWS http://com.teb.tebdbs/ http://com.teb.tebdbs/</ID>
     <IFR_TYPE>PartInput</IFR_TYPE>
     <IFR_NAME>output</IFR_NAME>
     <IFR_SCALE>-2</IFR_SCALE>
     <R3_TYPE>PAEX</R3_TYPE>
     <R3_NAME>OUTPUT</R3_NAME>
     <R3_SEQNUM>000002</R3_SEQNUM>
    </item>
    <item>
     <OBJECT>CLAS</OBJECT>
     <OBJ_NAME>ZDBS_TEBCO_TEBDBSWS</OBJ_NAME>
     <OBJECT1>METH</OBJECT1>
     <OBJ_NAME1>TEBDBSFATURA_AKIBET_SORGU</OBJ_NAME1>
     <OBJECT2>PAIM</OBJECT2>
     <OBJ_NAME2>INPUT</OBJ_NAME2>
     <OBJECT_R>TABL</OBJECT_R>
     <OBJ_NAME_R>ZDBS_TEBTEBDBSWSPORT_TYPE_TE25</OBJ_NAME_R>
     <ID>&lt;input&gt; input &lt;operation&gt; TEBDBSFaturaAkibetSorgu &lt;portType&gt; TEBDBSWS http://com.teb.tebdbs/ http://com.teb.tebdbs/</ID>
     <IFR_TYPE>PartOutput</IFR_TYPE>
     <IFR_NAME>input</IFR_NAME>
     <IFR_SCALE>-2</IFR_SCALE>
     <R3_TYPE>PAIM</R3_TYPE>
     <R3_NAME>INPUT</R3_NAME>
     <R3_SEQNUM>000001</R3_SEQNUM>
    </item>
    <item>
     <OBJECT>CLAS</OBJECT>
     <OBJ_NAME>ZDBS_TEBCO_TEBDBSWS</OBJ_NAME>
     <OBJECT1>METH</OBJECT1>
     <OBJ_NAME1>TEBDBSFATURA_AKIBET_SORGU_TOPL</OBJ_NAME1>
     <OBJECT2>METH</OBJECT2>
     <OBJ_NAME2>TEBDBSFATURA_AKIBET_SORGU_TOPL</OBJ_NAME2>
     <ID>&lt;operation&gt; TEBDBSFaturaAkibetSorguToplu &lt;portType&gt; TEBDBSWS http://com.teb.tebdbs/ http://com.teb.tebdbs/</ID>
     <IFR_TYPE>operation</IFR_TYPE>
     <IFR_NAME>TEBDBSFaturaAkibetSorguToplu</IFR_NAME>
     <IFR_SCALE>-2</IFR_SCALE>
     <R3_TYPE>METH</R3_TYPE>
     <R3_NAME>TEBDBSFATURA_AKIBET_SORGU_TOPL</R3_NAME>
     <R3_SEQNUM>000002</R3_SEQNUM>
     <DIRECTION>O</DIRECTION>
     <SYNCHRON>X</SYNCHRON>
    </item>
    <item>
     <OBJECT>CLAS</OBJECT>
     <OBJ_NAME>ZDBS_TEBCO_TEBDBSWS</OBJ_NAME>
     <OBJECT1>METH</OBJECT1>
     <OBJ_NAME1>TEBDBSFATURA_AKIBET_SORGU_TOPL</OBJ_NAME1>
     <OBJECT2>PAEX</OBJECT2>
     <OBJ_NAME2>OUTPUT</OBJ_NAME2>
     <OBJECT_R>TABL</OBJECT_R>
     <OBJ_NAME_R>ZDBS_TEBTEBDBSWSPORT_TYPE_TE22</OBJ_NAME_R>
     <ID>&lt;output&gt; output &lt;operation&gt; TEBDBSFaturaAkibetSorguToplu &lt;portType&gt; TEBDBSWS http://com.teb.tebdbs/ http://com.teb.tebdbs/</ID>
     <IFR_TYPE>PartInput</IFR_TYPE>
     <IFR_NAME>output</IFR_NAME>
     <IFR_SCALE>-2</IFR_SCALE>
     <R3_TYPE>PAEX</R3_TYPE>
     <R3_NAME>OUTPUT</R3_NAME>
     <R3_SEQNUM>000002</R3_SEQNUM>
    </item>
    <item>
     <OBJECT>CLAS</OBJECT>
     <OBJ_NAME>ZDBS_TEBCO_TEBDBSWS</OBJ_NAME>
     <OBJECT1>METH</OBJECT1>
     <OBJ_NAME1>TEBDBSFATURA_AKIBET_SORGU_TOPL</OBJ_NAME1>
     <OBJECT2>PAIM</OBJECT2>
     <OBJ_NAME2>INPUT</OBJ_NAME2>
     <OBJECT_R>TABL</OBJECT_R>
     <OBJ_NAME_R>ZDBS_TEBTEBDBSWSPORT_TYPE_TE23</OBJ_NAME_R>
     <ID>&lt;input&gt; input &lt;operation&gt; TEBDBSFaturaAkibetSorguToplu &lt;portType&gt; TEBDBSWS http://com.teb.tebdbs/ http://com.teb.tebdbs/</ID>
     <IFR_TYPE>PartOutput</IFR_TYPE>
     <IFR_NAME>input</IFR_NAME>
     <IFR_SCALE>-2</IFR_SCALE>
     <R3_TYPE>PAIM</R3_TYPE>
     <R3_NAME>INPUT</R3_NAME>
     <R3_SEQNUM>000001</R3_SEQNUM>
    </item>
    <item>
     <OBJECT>CLAS</OBJECT>
     <OBJ_NAME>ZDBS_TEBCO_TEBDBSWS</OBJ_NAME>
     <OBJECT1>METH</OBJECT1>
     <OBJ_NAME1>TEBDBSFATURA_AKIBET_SORGU_V2</OBJ_NAME1>
     <OBJECT2>METH</OBJECT2>
     <OBJ_NAME2>TEBDBSFATURA_AKIBET_SORGU_V2</OBJ_NAME2>
     <ID>&lt;operation&gt; TEBDBSFaturaAkibetSorguV2 &lt;portType&gt; TEBDBSWS http://com.teb.tebdbs/ http://com.teb.tebdbs/</ID>
     <IFR_TYPE>operation</IFR_TYPE>
     <IFR_NAME>TEBDBSFaturaAkibetSorguV2</IFR_NAME>
     <IFR_SCALE>-2</IFR_SCALE>
     <R3_TYPE>METH</R3_TYPE>
     <R3_NAME>TEBDBSFATURA_AKIBET_SORGU_V2</R3_NAME>
     <R3_SEQNUM>000003</R3_SEQNUM>
     <DIRECTION>O</DIRECTION>
     <SYNCHRON>X</SYNCHRON>
    </item>
    <item>
     <OBJECT>CLAS</OBJECT>
     <OBJ_NAME>ZDBS_TEBCO_TEBDBSWS</OBJ_NAME>
     <OBJECT1>METH</OBJECT1>
     <OBJ_NAME1>TEBDBSFATURA_AKIBET_SORGU_V2</OBJ_NAME1>
     <OBJECT2>PAEX</OBJECT2>
     <OBJ_NAME2>OUTPUT</OBJ_NAME2>
     <OBJECT_R>TABL</OBJECT_R>
     <OBJ_NAME_R>ZDBS_TEBTEBDBSWSPORT_TYPE_TE20</OBJ_NAME_R>
     <ID>&lt;output&gt; output &lt;operation&gt; TEBDBSFaturaAkibetSorguV2 &lt;portType&gt; TEBDBSWS http://com.teb.tebdbs/ http://com.teb.tebdbs/</ID>
     <IFR_TYPE>PartInput</IFR_TYPE>
     <IFR_NAME>output</IFR_NAME>
     <IFR_SCALE>-2</IFR_SCALE>
     <R3_TYPE>PAEX</R3_TYPE>
     <R3_NAME>OUTPUT</R3_NAME>
     <R3_SEQNUM>000002</R3_SEQNUM>
    </item>
    <item>
     <OBJECT>CLAS</OBJECT>
     <OBJ_NAME>ZDBS_TEBCO_TEBDBSWS</OBJ_NAME>
     <OBJECT1>METH</OBJECT1>
     <OBJ_NAME1>TEBDBSFATURA_AKIBET_SORGU_V2</OBJ_NAME1>
     <OBJECT2>PAIM</OBJECT2>
     <OBJ_NAME2>INPUT</OBJ_NAME2>
     <OBJECT_R>TABL</OBJECT_R>
     <OBJ_NAME_R>ZDBS_TEBTEBDBSWSPORT_TYPE_TE21</OBJ_NAME_R>
     <ID>&lt;input&gt; input &lt;operation&gt; TEBDBSFaturaAkibetSorguV2 &lt;portType&gt; TEBDBSWS http://com.teb.tebdbs/ http://com.teb.tebdbs/</ID>
     <IFR_TYPE>PartOutput</IFR_TYPE>
     <IFR_NAME>input</IFR_NAME>
     <IFR_SCALE>-2</IFR_SCALE>
     <R3_TYPE>PAIM</R3_TYPE>
     <R3_NAME>INPUT</R3_NAME>
     <R3_SEQNUM>000001</R3_SEQNUM>
    </item>
    <item>
     <OBJECT>CLAS</OBJECT>
     <OBJ_NAME>ZDBS_TEBCO_TEBDBSWS</OBJ_NAME>
     <OBJECT1>METH</OBJECT1>
     <OBJ_NAME1>TEBDBSFATURA_DUZELTME</OBJ_NAME1>
     <OBJECT2>METH</OBJECT2>
     <OBJ_NAME2>TEBDBSFATURA_DUZELTME</OBJ_NAME2>
     <ID>&lt;operation&gt; TEBDBSFaturaDuzeltme &lt;portType&gt; TEBDBSWS http://com.teb.tebdbs/ http://com.teb.tebdbs/</ID>
     <IFR_TYPE>operation</IFR_TYPE>
     <IFR_NAME>TEBDBSFaturaDuzeltme</IFR_NAME>
     <IFR_SCALE>-2</IFR_SCALE>
     <R3_TYPE>METH</R3_TYPE>
     <R3_NAME>TEBDBSFATURA_DUZELTME</R3_NAME>
     <R3_SEQNUM>000004</R3_SEQNUM>
     <DIRECTION>O</DIRECTION>
     <SYNCHRON>X</SYNCHRON>
    </item>
    <item>
     <OBJECT>CLAS</OBJECT>
     <OBJ_NAME>ZDBS_TEBCO_TEBDBSWS</OBJ_NAME>
     <OBJECT1>METH</OBJECT1>
     <OBJ_NAME1>TEBDBSFATURA_DUZELTME</OBJ_NAME1>
     <OBJECT2>PAEX</OBJECT2>
     <OBJ_NAME2>OUTPUT</OBJ_NAME2>
     <OBJECT_R>TABL</OBJECT_R>
     <OBJ_NAME_R>ZDBS_TEBTEBDBSWSPORT_TYPE_TE18</OBJ_NAME_R>
     <ID>&lt;output&gt; output &lt;operation&gt; TEBDBSFaturaDuzeltme &lt;portType&gt; TEBDBSWS http://com.teb.tebdbs/ http://com.teb.tebdbs/</ID>
     <IFR_TYPE>PartInput</IFR_TYPE>
     <IFR_NAME>output</IFR_NAME>
     <IFR_SCALE>-2</IFR_SCALE>
     <R3_TYPE>PAEX</R3_TYPE>
     <R3_NAME>OUTPUT</R3_NAME>
     <R3_SEQNUM>000002</R3_SEQNUM>
    </item>
    <item>
     <OBJECT>CLAS</OBJECT>
     <OBJ_NAME>ZDBS_TEBCO_TEBDBSWS</OBJ_NAME>
     <OBJECT1>METH</OBJECT1>
     <OBJ_NAME1>TEBDBSFATURA_DUZELTME</OBJ_NAME1>
     <OBJECT2>PAIM</OBJECT2>
     <OBJ_NAME2>INPUT</OBJ_NAME2>
     <OBJECT_R>TABL</OBJECT_R>
     <OBJ_NAME_R>ZDBS_TEBTEBDBSWSPORT_TYPE_TE19</OBJ_NAME_R>
     <ID>&lt;input&gt; input &lt;operation&gt; TEBDBSFaturaDuzeltme &lt;portType&gt; TEBDBSWS http://com.teb.tebdbs/ http://com.teb.tebdbs/</ID>
     <IFR_TYPE>PartOutput</IFR_TYPE>
     <IFR_NAME>input</IFR_NAME>
     <IFR_SCALE>-2</IFR_SCALE>
     <R3_TYPE>PAIM</R3_TYPE>
     <R3_NAME>INPUT</R3_NAME>
     <R3_SEQNUM>000001</R3_SEQNUM>
    </item>
    <item>
     <OBJECT>CLAS</OBJECT>
     <OBJ_NAME>ZDBS_TEBCO_TEBDBSWS</OBJ_NAME>
     <OBJECT1>METH</OBJECT1>
     <OBJ_NAME1>TEBDBSFATURA_ILERI_VADE</OBJ_NAME1>
     <OBJECT2>METH</OBJECT2>
     <OBJ_NAME2>TEBDBSFATURA_ILERI_VADE</OBJ_NAME2>
     <ID>&lt;operation&gt; TEBDBSFaturaIleriVade &lt;portType&gt; TEBDBSWS http://com.teb.tebdbs/ http://com.teb.tebdbs/</ID>
     <IFR_TYPE>operation</IFR_TYPE>
     <IFR_NAME>TEBDBSFaturaIleriVade</IFR_NAME>
     <IFR_SCALE>-2</IFR_SCALE>
     <R3_TYPE>METH</R3_TYPE>
     <R3_NAME>TEBDBSFATURA_ILERI_VADE</R3_NAME>
     <R3_SEQNUM>000005</R3_SEQNUM>
     <DIRECTION>O</DIRECTION>
     <SYNCHRON>X</SYNCHRON>
    </item>
    <item>
     <OBJECT>CLAS</OBJECT>
     <OBJ_NAME>ZDBS_TEBCO_TEBDBSWS</OBJ_NAME>
     <OBJECT1>METH</OBJECT1>
     <OBJ_NAME1>TEBDBSFATURA_ILERI_VADE</OBJ_NAME1>
     <OBJECT2>PAEX</OBJECT2>
     <OBJ_NAME2>OUTPUT</OBJ_NAME2>
     <OBJECT_R>TABL</OBJECT_R>
     <OBJ_NAME_R>ZDBS_TEBTEBDBSWSPORT_TYPE_TE16</OBJ_NAME_R>
     <ID>&lt;output&gt; output &lt;operation&gt; TEBDBSFaturaIleriVade &lt;portType&gt; TEBDBSWS http://com.teb.tebdbs/ http://com.teb.tebdbs/</ID>
     <IFR_TYPE>PartInput</IFR_TYPE>
     <IFR_NAME>output</IFR_NAME>
     <IFR_SCALE>-2</IFR_SCALE>
     <R3_TYPE>PAEX</R3_TYPE>
     <R3_NAME>OUTPUT</R3_NAME>
     <R3_SEQNUM>000002</R3_SEQNUM>
    </item>
    <item>
     <OBJECT>CLAS</OBJECT>
     <OBJ_NAME>ZDBS_TEBCO_TEBDBSWS</OBJ_NAME>
     <OBJECT1>METH</OBJECT1>
     <OBJ_NAME1>TEBDBSFATURA_ILERI_VADE</OBJ_NAME1>
     <OBJECT2>PAIM</OBJECT2>
     <OBJ_NAME2>INPUT</OBJ_NAME2>
     <OBJECT_R>TABL</OBJECT_R>
     <OBJ_NAME_R>ZDBS_TEBTEBDBSWSPORT_TYPE_TE17</OBJ_NAME_R>
     <ID>&lt;input&gt; input &lt;operation&gt; TEBDBSFaturaIleriVade &lt;portType&gt; TEBDBSWS http://com.teb.tebdbs/ http://com.teb.tebdbs/</ID>
     <IFR_TYPE>PartOutput</IFR_TYPE>
     <IFR_NAME>input</IFR_NAME>
     <IFR_SCALE>-2</IFR_SCALE>
     <R3_TYPE>PAIM</R3_TYPE>
     <R3_NAME>INPUT</R3_NAME>
     <R3_SEQNUM>000001</R3_SEQNUM>
    </item>
    <item>
     <OBJECT>CLAS</OBJECT>
     <OBJ_NAME>ZDBS_TEBCO_TEBDBSWS</OBJ_NAME>
     <OBJECT1>METH</OBJECT1>
     <OBJ_NAME1>TEBDBSFATURA_IPTAL</OBJ_NAME1>
     <OBJECT2>METH</OBJECT2>
     <OBJ_NAME2>TEBDBSFATURA_IPTAL</OBJ_NAME2>
     <ID>&lt;operation&gt; TEBDBSFaturaIptal &lt;portType&gt; TEBDBSWS http://com.teb.tebdbs/ http://com.teb.tebdbs/</ID>
     <IFR_TYPE>operation</IFR_TYPE>
     <IFR_NAME>TEBDBSFaturaIptal</IFR_NAME>
     <IFR_SCALE>-2</IFR_SCALE>
     <R3_TYPE>METH</R3_TYPE>
     <R3_NAME>TEBDBSFATURA_IPTAL</R3_NAME>
     <R3_SEQNUM>000006</R3_SEQNUM>
     <DIRECTION>O</DIRECTION>
     <SYNCHRON>X</SYNCHRON>
    </item>
    <item>
     <OBJECT>CLAS</OBJECT>
     <OBJ_NAME>ZDBS_TEBCO_TEBDBSWS</OBJ_NAME>
     <OBJECT1>METH</OBJECT1>
     <OBJ_NAME1>TEBDBSFATURA_IPTAL</OBJ_NAME1>
     <OBJECT2>PAEX</OBJECT2>
     <OBJ_NAME2>OUTPUT</OBJ_NAME2>
     <OBJECT_R>TABL</OBJECT_R>
     <OBJ_NAME_R>ZDBS_TEBTEBDBSWSPORT_TYPE_TE14</OBJ_NAME_R>
     <ID>&lt;output&gt; output &lt;operation&gt; TEBDBSFaturaIptal &lt;portType&gt; TEBDBSWS http://com.teb.tebdbs/ http://com.teb.tebdbs/</ID>
     <IFR_TYPE>PartInput</IFR_TYPE>
     <IFR_NAME>output</IFR_NAME>
     <IFR_SCALE>-2</IFR_SCALE>
     <R3_TYPE>PAEX</R3_TYPE>
     <R3_NAME>OUTPUT</R3_NAME>
     <R3_SEQNUM>000002</R3_SEQNUM>
    </item>
    <item>
     <OBJECT>CLAS</OBJECT>
     <OBJ_NAME>ZDBS_TEBCO_TEBDBSWS</OBJ_NAME>
     <OBJECT1>METH</OBJECT1>
     <OBJ_NAME1>TEBDBSFATURA_IPTAL</OBJ_NAME1>
     <OBJECT2>PAIM</OBJECT2>
     <OBJ_NAME2>INPUT</OBJ_NAME2>
     <OBJECT_R>TABL</OBJECT_R>
     <OBJ_NAME_R>ZDBS_TEBTEBDBSWSPORT_TYPE_TE15</OBJ_NAME_R>
     <ID>&lt;input&gt; input &lt;operation&gt; TEBDBSFaturaIptal &lt;portType&gt; TEBDBSWS http://com.teb.tebdbs/ http://com.teb.tebdbs/</ID>
     <IFR_TYPE>PartOutput</IFR_TYPE>
     <IFR_NAME>input</IFR_NAME>
     <IFR_SCALE>-2</IFR_SCALE>
     <R3_TYPE>PAIM</R3_TYPE>
     <R3_NAME>INPUT</R3_NAME>
     <R3_SEQNUM>000001</R3_SEQNUM>
    </item>
    <item>
     <OBJECT>CLAS</OBJECT>
     <OBJ_NAME>ZDBS_TEBCO_TEBDBSWS</OBJ_NAME>
     <OBJECT1>METH</OBJECT1>
     <OBJ_NAME1>TEBDBSFATURA_IPTAL_TOPLU</OBJ_NAME1>
     <OBJECT2>METH</OBJECT2>
     <OBJ_NAME2>TEBDBSFATURA_IPTAL_TOPLU</OBJ_NAME2>
     <ID>&lt;operation&gt; TEBDBSFaturaIptalToplu &lt;portType&gt; TEBDBSWS http://com.teb.tebdbs/ http://com.teb.tebdbs/</ID>
     <IFR_TYPE>operation</IFR_TYPE>
     <IFR_NAME>TEBDBSFaturaIptalToplu</IFR_NAME>
     <IFR_SCALE>-2</IFR_SCALE>
     <R3_TYPE>METH</R3_TYPE>
     <R3_NAME>TEBDBSFATURA_IPTAL_TOPLU</R3_NAME>
     <R3_SEQNUM>000007</R3_SEQNUM>
     <DIRECTION>O</DIRECTION>
     <SYNCHRON>X</SYNCHRON>
    </item>
    <item>
     <OBJECT>CLAS</OBJECT>
     <OBJ_NAME>ZDBS_TEBCO_TEBDBSWS</OBJ_NAME>
     <OBJECT1>METH</OBJECT1>
     <OBJ_NAME1>TEBDBSFATURA_IPTAL_TOPLU</OBJ_NAME1>
     <OBJECT2>PAEX</OBJECT2>
     <OBJ_NAME2>OUTPUT</OBJ_NAME2>
     <OBJECT_R>TABL</OBJECT_R>
     <OBJ_NAME_R>ZDBS_TEBTEBDBSWSPORT_TYPE_TE12</OBJ_NAME_R>
     <ID>&lt;output&gt; output &lt;operation&gt; TEBDBSFaturaIptalToplu &lt;portType&gt; TEBDBSWS http://com.teb.tebdbs/ http://com.teb.tebdbs/</ID>
     <IFR_TYPE>PartInput</IFR_TYPE>
     <IFR_NAME>output</IFR_NAME>
     <IFR_SCALE>-2</IFR_SCALE>
     <R3_TYPE>PAEX</R3_TYPE>
     <R3_NAME>OUTPUT</R3_NAME>
     <R3_SEQNUM>000002</R3_SEQNUM>
    </item>
    <item>
     <OBJECT>CLAS</OBJECT>
     <OBJ_NAME>ZDBS_TEBCO_TEBDBSWS</OBJ_NAME>
     <OBJECT1>METH</OBJECT1>
     <OBJ_NAME1>TEBDBSFATURA_IPTAL_TOPLU</OBJ_NAME1>
     <OBJECT2>PAIM</OBJECT2>
     <OBJ_NAME2>INPUT</OBJ_NAME2>
     <OBJECT_R>TABL</OBJECT_R>
     <OBJ_NAME_R>ZDBS_TEBTEBDBSWSPORT_TYPE_TE13</OBJ_NAME_R>
     <ID>&lt;input&gt; input &lt;operation&gt; TEBDBSFaturaIptalToplu &lt;portType&gt; TEBDBSWS http://com.teb.tebdbs/ http://com.teb.tebdbs/</ID>
     <IFR_TYPE>PartOutput</IFR_TYPE>
     <IFR_NAME>input</IFR_NAME>
     <IFR_SCALE>-2</IFR_SCALE>
     <R3_TYPE>PAIM</R3_TYPE>
     <R3_NAME>INPUT</R3_NAME>
     <R3_SEQNUM>000001</R3_SEQNUM>
    </item>
    <item>
     <OBJECT>CLAS</OBJECT>
     <OBJ_NAME>ZDBS_TEBCO_TEBDBSWS</OBJ_NAME>
     <OBJECT1>METH</OBJECT1>
     <OBJ_NAME1>TEBDBSFATURA_IPTAL_V2</OBJ_NAME1>
     <OBJECT2>METH</OBJECT2>
     <OBJ_NAME2>TEBDBSFATURA_IPTAL_V2</OBJ_NAME2>
     <ID>&lt;operation&gt; TEBDBSFaturaIptalV2 &lt;portType&gt; TEBDBSWS http://com.teb.tebdbs/ http://com.teb.tebdbs/</ID>
     <IFR_TYPE>operation</IFR_TYPE>
     <IFR_NAME>TEBDBSFaturaIptalV2</IFR_NAME>
     <IFR_SCALE>-2</IFR_SCALE>
     <R3_TYPE>METH</R3_TYPE>
     <R3_NAME>TEBDBSFATURA_IPTAL_V2</R3_NAME>
     <R3_SEQNUM>000008</R3_SEQNUM>
     <DIRECTION>O</DIRECTION>
     <SYNCHRON>X</SYNCHRON>
    </item>
    <item>
     <OBJECT>CLAS</OBJECT>
     <OBJ_NAME>ZDBS_TEBCO_TEBDBSWS</OBJ_NAME>
     <OBJECT1>METH</OBJECT1>
     <OBJ_NAME1>TEBDBSFATURA_IPTAL_V2</OBJ_NAME1>
     <OBJECT2>PAEX</OBJECT2>
     <OBJ_NAME2>OUTPUT</OBJ_NAME2>
     <OBJECT_R>TABL</OBJECT_R>
     <OBJ_NAME_R>ZDBS_TEBTEBDBSWSPORT_TYPE_TE10</OBJ_NAME_R>
     <ID>&lt;output&gt; output &lt;operation&gt; TEBDBSFaturaIptalV2 &lt;portType&gt; TEBDBSWS http://com.teb.tebdbs/ http://com.teb.tebdbs/</ID>
     <IFR_TYPE>PartInput</IFR_TYPE>
     <IFR_NAME>output</IFR_NAME>
     <IFR_SCALE>-2</IFR_SCALE>
     <R3_TYPE>PAEX</R3_TYPE>
     <R3_NAME>OUTPUT</R3_NAME>
     <R3_SEQNUM>000002</R3_SEQNUM>
    </item>
    <item>
     <OBJECT>CLAS</OBJECT>
     <OBJ_NAME>ZDBS_TEBCO_TEBDBSWS</OBJ_NAME>
     <OBJECT1>METH</OBJECT1>
     <OBJ_NAME1>TEBDBSFATURA_IPTAL_V2</OBJ_NAME1>
     <OBJECT2>PAIM</OBJECT2>
     <OBJ_NAME2>INPUT</OBJ_NAME2>
     <OBJECT_R>TABL</OBJECT_R>
     <OBJ_NAME_R>ZDBS_TEBTEBDBSWSPORT_TYPE_TE11</OBJ_NAME_R>
     <ID>&lt;input&gt; input &lt;operation&gt; TEBDBSFaturaIptalV2 &lt;portType&gt; TEBDBSWS http://com.teb.tebdbs/ http://com.teb.tebdbs/</ID>
     <IFR_TYPE>PartOutput</IFR_TYPE>
     <IFR_NAME>input</IFR_NAME>
     <IFR_SCALE>-2</IFR_SCALE>
     <R3_TYPE>PAIM</R3_TYPE>
     <R3_NAME>INPUT</R3_NAME>
     <R3_SEQNUM>000001</R3_SEQNUM>
    </item>
    <item>
     <OBJECT>CLAS</OBJECT>
     <OBJ_NAME>ZDBS_TEBCO_TEBDBSWS</OBJ_NAME>
     <OBJECT1>METH</OBJECT1>
     <OBJ_NAME1>TEBDBSFATURA_YUKLE</OBJ_NAME1>
     <OBJECT2>METH</OBJECT2>
     <OBJ_NAME2>TEBDBSFATURA_YUKLE</OBJ_NAME2>
     <ID>&lt;operation&gt; TEBDBSFaturaYukle &lt;portType&gt; TEBDBSWS http://com.teb.tebdbs/ http://com.teb.tebdbs/</ID>
     <IFR_TYPE>operation</IFR_TYPE>
     <IFR_NAME>TEBDBSFaturaYukle</IFR_NAME>
     <IFR_SCALE>-2</IFR_SCALE>
     <R3_TYPE>METH</R3_TYPE>
     <R3_NAME>TEBDBSFATURA_YUKLE</R3_NAME>
     <R3_SEQNUM>000009</R3_SEQNUM>
     <DIRECTION>O</DIRECTION>
     <SYNCHRON>X</SYNCHRON>
    </item>
    <item>
     <OBJECT>CLAS</OBJECT>
     <OBJ_NAME>ZDBS_TEBCO_TEBDBSWS</OBJ_NAME>
     <OBJECT1>METH</OBJECT1>
     <OBJ_NAME1>TEBDBSFATURA_YUKLE</OBJ_NAME1>
     <OBJECT2>PAEX</OBJECT2>
     <OBJ_NAME2>OUTPUT</OBJ_NAME2>
     <OBJECT_R>TABL</OBJECT_R>
     <OBJ_NAME_R>ZDBS_TEBTEBDBSWSPORT_TYPE_TEB8</OBJ_NAME_R>
     <ID>&lt;output&gt; output &lt;operation&gt; TEBDBSFaturaYukle &lt;portType&gt; TEBDBSWS http://com.teb.tebdbs/ http://com.teb.tebdbs/</ID>
     <IFR_TYPE>PartInput</IFR_TYPE>
     <IFR_NAME>output</IFR_NAME>
     <IFR_SCALE>-2</IFR_SCALE>
     <R3_TYPE>PAEX</R3_TYPE>
     <R3_NAME>OUTPUT</R3_NAME>
     <R3_SEQNUM>000002</R3_SEQNUM>
    </item>
    <item>
     <OBJECT>CLAS</OBJECT>
     <OBJ_NAME>ZDBS_TEBCO_TEBDBSWS</OBJ_NAME>
     <OBJECT1>METH</OBJECT1>
     <OBJ_NAME1>TEBDBSFATURA_YUKLE</OBJ_NAME1>
     <OBJECT2>PAIM</OBJECT2>
     <OBJ_NAME2>INPUT</OBJ_NAME2>
     <OBJECT_R>TABL</OBJECT_R>
     <OBJ_NAME_R>ZDBS_TEBTEBDBSWSPORT_TYPE_TEB9</OBJ_NAME_R>
     <ID>&lt;input&gt; input &lt;operation&gt; TEBDBSFaturaYukle &lt;portType&gt; TEBDBSWS http://com.teb.tebdbs/ http://com.teb.tebdbs/</ID>
     <IFR_TYPE>PartOutput</IFR_TYPE>
     <IFR_NAME>input</IFR_NAME>
     <IFR_SCALE>-2</IFR_SCALE>
     <R3_TYPE>PAIM</R3_TYPE>
     <R3_NAME>INPUT</R3_NAME>
     <R3_SEQNUM>000001</R3_SEQNUM>
    </item>
    <item>
     <OBJECT>CLAS</OBJECT>
     <OBJ_NAME>ZDBS_TEBCO_TEBDBSWS</OBJ_NAME>
     <OBJECT1>METH</OBJECT1>
     <OBJ_NAME1>TEBDBSFATURA_YUKLE_TOPLU</OBJ_NAME1>
     <OBJECT2>METH</OBJECT2>
     <OBJ_NAME2>TEBDBSFATURA_YUKLE_TOPLU</OBJ_NAME2>
     <ID>&lt;operation&gt; TEBDBSFaturaYukleToplu &lt;portType&gt; TEBDBSWS http://com.teb.tebdbs/ http://com.teb.tebdbs/</ID>
     <IFR_TYPE>operation</IFR_TYPE>
     <IFR_NAME>TEBDBSFaturaYukleToplu</IFR_NAME>
     <IFR_SCALE>-2</IFR_SCALE>
     <R3_TYPE>METH</R3_TYPE>
     <R3_NAME>TEBDBSFATURA_YUKLE_TOPLU</R3_NAME>
     <R3_SEQNUM>000010</R3_SEQNUM>
     <DIRECTION>O</DIRECTION>
     <SYNCHRON>X</SYNCHRON>
    </item>
    <item>
     <OBJECT>CLAS</OBJECT>
     <OBJ_NAME>ZDBS_TEBCO_TEBDBSWS</OBJ_NAME>
     <OBJECT1>METH</OBJECT1>
     <OBJ_NAME1>TEBDBSFATURA_YUKLE_TOPLU</OBJ_NAME1>
     <OBJECT2>PAEX</OBJECT2>
     <OBJ_NAME2>OUTPUT</OBJ_NAME2>
     <OBJECT_R>TABL</OBJECT_R>
     <OBJ_NAME_R>ZDBS_TEBTEBDBSWSPORT_TYPE_TEB6</OBJ_NAME_R>
     <ID>&lt;output&gt; output &lt;operation&gt; TEBDBSFaturaYukleToplu &lt;portType&gt; TEBDBSWS http://com.teb.tebdbs/ http://com.teb.tebdbs/</ID>
     <IFR_TYPE>PartInput</IFR_TYPE>
     <IFR_NAME>output</IFR_NAME>
     <IFR_SCALE>-2</IFR_SCALE>
     <R3_TYPE>PAEX</R3_TYPE>
     <R3_NAME>OUTPUT</R3_NAME>
     <R3_SEQNUM>000002</R3_SEQNUM>
    </item>
    <item>
     <OBJECT>CLAS</OBJECT>
     <OBJ_NAME>ZDBS_TEBCO_TEBDBSWS</OBJ_NAME>
     <OBJECT1>METH</OBJECT1>
     <OBJ_NAME1>TEBDBSFATURA_YUKLE_TOPLU</OBJ_NAME1>
     <OBJECT2>PAIM</OBJECT2>
     <OBJ_NAME2>INPUT</OBJ_NAME2>
     <OBJECT_R>TABL</OBJECT_R>
     <OBJ_NAME_R>ZDBS_TEBTEBDBSWSPORT_TYPE_TEB7</OBJ_NAME_R>
     <ID>&lt;input&gt; input &lt;operation&gt; TEBDBSFaturaYukleToplu &lt;portType&gt; TEBDBSWS http://com.teb.tebdbs/ http://com.teb.tebdbs/</ID>
     <IFR_TYPE>PartOutput</IFR_TYPE>
     <IFR_NAME>input</IFR_NAME>
     <IFR_SCALE>-2</IFR_SCALE>
     <R3_TYPE>PAIM</R3_TYPE>
     <R3_NAME>INPUT</R3_NAME>
     <R3_SEQNUM>000001</R3_SEQNUM>
    </item>
    <item>
     <OBJECT>CLAS</OBJECT>
     <OBJ_NAME>ZDBS_TEBCO_TEBDBSWS</OBJ_NAME>
     <OBJECT1>METH</OBJECT1>
     <OBJ_NAME1>TEBDBSLIMIT_SORGULA</OBJ_NAME1>
     <OBJECT2>METH</OBJECT2>
     <OBJ_NAME2>TEBDBSLIMIT_SORGULA</OBJ_NAME2>
     <ID>&lt;operation&gt; TEBDBSLimitSorgula &lt;portType&gt; TEBDBSWS http://com.teb.tebdbs/ http://com.teb.tebdbs/</ID>
     <IFR_TYPE>operation</IFR_TYPE>
     <IFR_NAME>TEBDBSLimitSorgula</IFR_NAME>
     <IFR_SCALE>-2</IFR_SCALE>
     <R3_TYPE>METH</R3_TYPE>
     <R3_NAME>TEBDBSLIMIT_SORGULA</R3_NAME>
     <R3_SEQNUM>000011</R3_SEQNUM>
     <DIRECTION>O</DIRECTION>
     <SYNCHRON>X</SYNCHRON>
    </item>
    <item>
     <OBJECT>CLAS</OBJECT>
     <OBJ_NAME>ZDBS_TEBCO_TEBDBSWS</OBJ_NAME>
     <OBJECT1>METH</OBJECT1>
     <OBJ_NAME1>TEBDBSLIMIT_SORGULA</OBJ_NAME1>
     <OBJECT2>PAEX</OBJECT2>
     <OBJ_NAME2>OUTPUT</OBJ_NAME2>
     <OBJECT_R>TABL</OBJECT_R>
     <OBJ_NAME_R>ZDBS_TEBTEBDBSWSPORT_TYPE_TEB4</OBJ_NAME_R>
     <ID>&lt;output&gt; output &lt;operation&gt; TEBDBSLimitSorgula &lt;portType&gt; TEBDBSWS http://com.teb.tebdbs/ http://com.teb.tebdbs/</ID>
     <IFR_TYPE>PartInput</IFR_TYPE>
     <IFR_NAME>output</IFR_NAME>
     <IFR_SCALE>-2</IFR_SCALE>
     <R3_TYPE>PAEX</R3_TYPE>
     <R3_NAME>OUTPUT</R3_NAME>
     <R3_SEQNUM>000002</R3_SEQNUM>
    </item>
    <item>
     <OBJECT>CLAS</OBJECT>
     <OBJ_NAME>ZDBS_TEBCO_TEBDBSWS</OBJ_NAME>
     <OBJECT1>METH</OBJECT1>
     <OBJ_NAME1>TEBDBSLIMIT_SORGULA</OBJ_NAME1>
     <OBJECT2>PAIM</OBJECT2>
     <OBJ_NAME2>INPUT</OBJ_NAME2>
     <OBJECT_R>TABL</OBJECT_R>
     <OBJ_NAME_R>ZDBS_TEBTEBDBSWSPORT_TYPE_TEB5</OBJ_NAME_R>
     <ID>&lt;input&gt; input &lt;operation&gt; TEBDBSLimitSorgula &lt;portType&gt; TEBDBSWS http://com.teb.tebdbs/ http://com.teb.tebdbs/</ID>
     <IFR_TYPE>PartOutput</IFR_TYPE>
     <IFR_NAME>input</IFR_NAME>
     <IFR_SCALE>-2</IFR_SCALE>
     <R3_TYPE>PAIM</R3_TYPE>
     <R3_NAME>INPUT</R3_NAME>
     <R3_SEQNUM>000001</R3_SEQNUM>
    </item>
    <item>
     <OBJECT>CLAS</OBJECT>
     <OBJ_NAME>ZDBS_TEBCO_TEBDBSWS</OBJ_NAME>
     <OBJECT1>METH</OBJECT1>
     <OBJ_NAME1>TEBDBSLIMIT_SORGULA_V2</OBJ_NAME1>
     <OBJECT2>METH</OBJECT2>
     <OBJ_NAME2>TEBDBSLIMIT_SORGULA_V2</OBJ_NAME2>
     <ID>&lt;operation&gt; TEBDBSLimitSorgulaV2 &lt;portType&gt; TEBDBSWS http://com.teb.tebdbs/ http://com.teb.tebdbs/</ID>
     <IFR_TYPE>operation</IFR_TYPE>
     <IFR_NAME>TEBDBSLimitSorgulaV2</IFR_NAME>
     <IFR_SCALE>-2</IFR_SCALE>
     <R3_TYPE>METH</R3_TYPE>
     <R3_NAME>TEBDBSLIMIT_SORGULA_V2</R3_NAME>
     <R3_SEQNUM>000012</R3_SEQNUM>
     <DIRECTION>O</DIRECTION>
     <SYNCHRON>X</SYNCHRON>
    </item>
    <item>
     <OBJECT>CLAS</OBJECT>
     <OBJ_NAME>ZDBS_TEBCO_TEBDBSWS</OBJ_NAME>
     <OBJECT1>METH</OBJECT1>
     <OBJ_NAME1>TEBDBSLIMIT_SORGULA_V2</OBJ_NAME1>
     <OBJECT2>PAEX</OBJECT2>
     <OBJ_NAME2>OUTPUT</OBJ_NAME2>
     <OBJECT_R>TABL</OBJECT_R>
     <OBJ_NAME_R>ZDBS_TEBTEBDBSWSPORT_TYPE_TEB2</OBJ_NAME_R>
     <ID>&lt;output&gt; output &lt;operation&gt; TEBDBSLimitSorgulaV2 &lt;portType&gt; TEBDBSWS http://com.teb.tebdbs/ http://com.teb.tebdbs/</ID>
     <IFR_TYPE>PartInput</IFR_TYPE>
     <IFR_NAME>output</IFR_NAME>
     <IFR_SCALE>-2</IFR_SCALE>
     <R3_TYPE>PAEX</R3_TYPE>
     <R3_NAME>OUTPUT</R3_NAME>
     <R3_SEQNUM>000002</R3_SEQNUM>
    </item>
    <item>
     <OBJECT>CLAS</OBJECT>
     <OBJ_NAME>ZDBS_TEBCO_TEBDBSWS</OBJ_NAME>
     <OBJECT1>METH</OBJECT1>
     <OBJ_NAME1>TEBDBSLIMIT_SORGULA_V2</OBJ_NAME1>
     <OBJECT2>PAIM</OBJECT2>
     <OBJ_NAME2>INPUT</OBJ_NAME2>
     <OBJECT_R>TABL</OBJECT_R>
     <OBJ_NAME_R>ZDBS_TEBTEBDBSWSPORT_TYPE_TEB3</OBJ_NAME_R>
     <ID>&lt;input&gt; input &lt;operation&gt; TEBDBSLimitSorgulaV2 &lt;portType&gt; TEBDBSWS http://com.teb.tebdbs/ http://com.teb.tebdbs/</ID>
     <IFR_TYPE>PartOutput</IFR_TYPE>
     <IFR_NAME>input</IFR_NAME>
     <IFR_SCALE>-2</IFR_SCALE>
     <R3_TYPE>PAIM</R3_TYPE>
     <R3_NAME>INPUT</R3_NAME>
     <R3_SEQNUM>000001</R3_SEQNUM>
    </item>
    <item>
     <OBJECT>CLAS</OBJECT>
     <OBJ_NAME>ZDBS_TEBCO_TEBDBSWS</OBJ_NAME>
     <OBJECT1>METH</OBJECT1>
     <OBJ_NAME1>TEBDBSTOPLU_LIMIT_SORGULA</OBJ_NAME1>
     <OBJECT2>METH</OBJECT2>
     <OBJ_NAME2>TEBDBSTOPLU_LIMIT_SORGULA</OBJ_NAME2>
     <ID>&lt;operation&gt; TEBDBSTopluLimitSorgula &lt;portType&gt; TEBDBSWS http://com.teb.tebdbs/ http://com.teb.tebdbs/</ID>
     <IFR_TYPE>operation</IFR_TYPE>
     <IFR_NAME>TEBDBSTopluLimitSorgula</IFR_NAME>
     <IFR_SCALE>-2</IFR_SCALE>
     <R3_TYPE>METH</R3_TYPE>
     <R3_NAME>TEBDBSTOPLU_LIMIT_SORGULA</R3_NAME>
     <R3_SEQNUM>000013</R3_SEQNUM>
     <DIRECTION>O</DIRECTION>
     <SYNCHRON>X</SYNCHRON>
    </item>
    <item>
     <OBJECT>CLAS</OBJECT>
     <OBJ_NAME>ZDBS_TEBCO_TEBDBSWS</OBJ_NAME>
     <OBJECT1>METH</OBJECT1>
     <OBJ_NAME1>TEBDBSTOPLU_LIMIT_SORGULA</OBJ_NAME1>
     <OBJECT2>PAEX</OBJECT2>
     <OBJ_NAME2>OUTPUT</OBJ_NAME2>
     <OBJECT_R>TABL</OBJECT_R>
     <OBJ_NAME_R>ZDBS_TEBTEBDBSWSPORT_TYPE_TEBD</OBJ_NAME_R>
     <ID>&lt;output&gt; output &lt;operation&gt; TEBDBSTopluLimitSorgula &lt;portType&gt; TEBDBSWS http://com.teb.tebdbs/ http://com.teb.tebdbs/</ID>
     <IFR_TYPE>PartInput</IFR_TYPE>
     <IFR_NAME>output</IFR_NAME>
     <IFR_SCALE>-2</IFR_SCALE>
     <R3_TYPE>PAEX</R3_TYPE>
     <R3_NAME>OUTPUT</R3_NAME>
     <R3_SEQNUM>000002</R3_SEQNUM>
    </item>
    <item>
     <OBJECT>CLAS</OBJECT>
     <OBJ_NAME>ZDBS_TEBCO_TEBDBSWS</OBJ_NAME>
     <OBJECT1>METH</OBJECT1>
     <OBJ_NAME1>TEBDBSTOPLU_LIMIT_SORGULA</OBJ_NAME1>
     <OBJECT2>PAIM</OBJECT2>
     <OBJ_NAME2>INPUT</OBJ_NAME2>
     <OBJECT_R>TABL</OBJECT_R>
     <OBJ_NAME_R>ZDBS_TEBTEBDBSWSPORT_TYPE_TEB1</OBJ_NAME_R>
     <ID>&lt;input&gt; input &lt;operation&gt; TEBDBSTopluLimitSorgula &lt;portType&gt; TEBDBSWS http://com.teb.tebdbs/ http://com.teb.tebdbs/</ID>
     <IFR_TYPE>PartOutput</IFR_TYPE>
     <IFR_NAME>input</IFR_NAME>
     <IFR_SCALE>-2</IFR_SCALE>
     <R3_TYPE>PAIM</R3_TYPE>
     <R3_NAME>INPUT</R3_NAME>
     <R3_SEQNUM>000001</R3_SEQNUM>
    </item>
   </PROXY_DATA>
  </asx:values>
 </asx:abap>
</abapGit>
