﻿<?xml version="1.0" encoding="utf-8"?>
<abapGit version="v1.0.0" serializer="LCL_OBJECT_SPRX" serializer_version="v1.0.0">
 <asx:abap xmlns:asx="http://www.sap.com/abapxml" version="1.0">
  <asx:values>
   <PROXY_HEADER>
    <item>
     <OBJECT>DTEL</OBJECT>
     <OBJ_NAME>ZDBS_GRNA24TYPE</OBJ_NAME>
     <OBJECT_M>DTEL</OBJECT_M>
     <OBJ_NAME_M>ZDBS_GRNA24TYPE</OBJ_NAME_M>
     <HASH_ID>5893E0CCD3DA5778BC46668FAF9C0B12AC5A85C5</HASH_ID>
     <ID>&lt;type&gt; a24Type PaymentService PaymentService</ID>
     <IFR_GLOBAL>X</IFR_GLOBAL>
     <IFR_TYPE>type</IFR_TYPE>
     <IFR_NAME>a24Type</IFR_NAME>
     <IFR_NSPCE>PaymentService</IFR_NSPCE>
     <IFR_GNSPCE>PaymentService</IFR_GNSPCE>
     <GEN_VERS>0005</GEN_VERS>
     <PREFIX>ZDBS_GRN</PREFIX>
     <CATEGORY>ifmtypedef</CATEGORY>
     <GEN_APPL>WEBSERVICES</GEN_APPL>
     <X-ML_NSPCE>PaymentService</X-ML_NSPCE>
     <X-ML_NAME>a24Type</X-ML_NAME>
    </item>
   </PROXY_HEADER>
   <PROXY_DATA>
    <item>
     <OBJECT>DTEL</OBJECT>
     <OBJ_NAME>ZDBS_GRNA24TYPE</OBJ_NAME>
     <OBJECT1>DTEL</OBJECT1>
     <OBJ_NAME1>ZDBS_GRNA24TYPE</OBJ_NAME1>
     <OBJECT2>DTEL</OBJECT2>
     <OBJ_NAME2>ZDBS_GRNA24TYPE</OBJ_NAME2>
     <ID>&lt;type&gt; a24Type PaymentService PaymentService</ID>
     <IFR_TYPE>type</IFR_TYPE>
     <IFR_NAME>a24Type</IFR_NAME>
     <IFR_XSDTYP>string</IFR_XSDTYP>
     <IFR_PATTRN>(.{1,24})</IFR_PATTRN>
     <IFR_SCALE>-2</IFR_SCALE>
     <R3_TYPE>DTEL</R3_TYPE>
     <R3_NAME>ZDBS_GRNA24TYPE</R3_NAME>
     <R3_TEXT>Proxy Data Element (generated)</R3_TEXT>
     <R3_DATATYP>STRG</R3_DATATYP>
     <CATEGORY>ifmtypedef</CATEGORY>
    </item>
   </PROXY_DATA>
  </asx:values>
 </asx:abap>
</abapGit>
