﻿<?xml version="1.0" encoding="utf-8"?>
<abapGit version="v1.0.0" serializer="LCL_OBJECT_SPRX" serializer_version="v1.0.0">
 <asx:abap xmlns:asx="http://www.sap.com/abapxml" version="1.0">
  <asx:values>
   <PROXY_HEADER>
    <item>
     <OBJECT>DTEL</OBJECT>
     <OBJ_NAME>ZDBS_GRNGLCNTYPE</OBJ_NAME>
     <OBJECT_M>DTEL</OBJECT_M>
     <OBJ_NAME_M>ZDBS_GRNGLCNTYPE</OBJ_NAME_M>
     <HASH_ID>B0263D9B153DF7F4848F919A2A03D849199D99A7</HASH_ID>
     <ID>&lt;type&gt; GLCNType PaymentService PaymentService</ID>
     <IFR_GLOBAL>X</IFR_GLOBAL>
     <IFR_TYPE>type</IFR_TYPE>
     <IFR_NAME>GLCNType</IFR_NAME>
     <IFR_NSPCE>PaymentService</IFR_NSPCE>
     <IFR_GNSPCE>PaymentService</IFR_GNSPCE>
     <GEN_VERS>0005</GEN_VERS>
     <PREFIX>ZDBS_GRN</PREFIX>
     <CATEGORY>ifmtypedef</CATEGORY>
     <GEN_APPL>WEBSERVICES</GEN_APPL>
     <X-ML_NSPCE>PaymentService</X-ML_NSPCE>
     <X-ML_NAME>GLCNType</X-ML_NAME>
    </item>
   </PROXY_HEADER>
   <PROXY_DATA>
    <item>
     <OBJECT>DTEL</OBJECT>
     <OBJ_NAME>ZDBS_GRNGLCNTYPE</OBJ_NAME>
     <OBJECT1>DTEL</OBJECT1>
     <OBJ_NAME1>ZDBS_GRNGLCNTYPE</OBJ_NAME1>
     <OBJECT2>DTEL</OBJECT2>
     <OBJ_NAME2>ZDBS_GRNGLCNTYPE</OBJ_NAME2>
     <ID>&lt;type&gt; GLCNType PaymentService PaymentService</ID>
     <IFR_TYPE>type</IFR_TYPE>
     <IFR_NAME>GLCNType</IFR_NAME>
     <IFR_XSDTYP>string</IFR_XSDTYP>
     <IFR_SCALE>-2</IFR_SCALE>
     <R3_TYPE>DTEL</R3_TYPE>
     <R3_NAME>ZDBS_GRNGLCNTYPE</R3_NAME>
     <R3_TEXT>Proxy Data Element (generated)</R3_TEXT>
     <R3_DATATYP>STRG</R3_DATATYP>
     <CATEGORY>ifmtypedef</CATEGORY>
    </item>
   </PROXY_DATA>
  </asx:values>
 </asx:abap>
</abapGit>
