﻿<?xml version="1.0" encoding="utf-8"?>
<abapGit version="v1.0.0" serializer="LCL_OBJECT_ENQU" serializer_version="v1.0.0">
 <asx:abap xmlns:asx="http://www.sap.com/abapxml" version="1.0">
  <asx:values>
   <DD25V>
    <VIEWNAME>EZDBS_L001</VIEWNAME>
    <DDLANGUAGE>T</DDLANGUAGE>
    <AGGTYPE>E</AGGTYPE>
    <ROOTTAB>ZDBS_T001</ROOTTAB>
    <DDTEXT>ZOCDBS_T001 Lock</DDTEXT>
   </DD25V>
   <DD26E_TABLE>
    <DD26E>
     <VIEWNAME>EZDBS_L001</VIEWNAME>
     <TABNAME>ZDBS_T001</TABNAME>
     <TABPOS>0001</TABPOS>
     <FORTABNAME>ZDBS_T001</FORTABNAME>
     <ENQMODE>S</ENQMODE>
    </DD26E>
   </DD26E_TABLE>
   <DD27P_TABLE>
    <DD27P>
     <VIEWNAME>EZDBS_L001</VIEWNAME>
     <OBJPOS>0001</OBJPOS>
     <VIEWFIELD>MANDT</VIEWFIELD>
     <TABNAME>ZDBS_T001</TABNAME>
     <FIELDNAME>MANDT</FIELDNAME>
     <KEYFLAG>X</KEYFLAG>
     <ENQMODE>S</ENQMODE>
    </DD27P>
    <DD27P>
     <VIEWNAME>EZDBS_L001</VIEWNAME>
     <OBJPOS>0002</OBJPOS>
     <VIEWFIELD>BUKRS</VIEWFIELD>
     <TABNAME>ZDBS_T001</TABNAME>
     <FIELDNAME>BUKRS</FIELDNAME>
     <KEYFLAG>X</KEYFLAG>
     <ENQMODE>S</ENQMODE>
     <MEMORYID>BUK</MEMORYID>
     <SHLPORIGIN>D</SHLPORIGIN>
     <SHLPNAME>C_T001</SHLPNAME>
     <SHLPFIELD>BUKRS</SHLPFIELD>
     <LOGFLAG>X</LOGFLAG>
    </DD27P>
    <DD27P>
     <VIEWNAME>EZDBS_L001</VIEWNAME>
     <OBJPOS>0003</OBJPOS>
     <VIEWFIELD>HBKID</VIEWFIELD>
     <TABNAME>ZDBS_T001</TABNAME>
     <FIELDNAME>HBKID</FIELDNAME>
     <KEYFLAG>X</KEYFLAG>
     <ENQMODE>S</ENQMODE>
     <LOGFLAG>X</LOGFLAG>
    </DD27P>
    <DD27P>
     <VIEWNAME>EZDBS_L001</VIEWNAME>
     <OBJPOS>0004</OBJPOS>
     <VIEWFIELD>BELNR</VIEWFIELD>
     <TABNAME>ZDBS_T001</TABNAME>
     <FIELDNAME>BELNR</FIELDNAME>
     <KEYFLAG>X</KEYFLAG>
     <ENQMODE>S</ENQMODE>
     <MEMORYID>BLN</MEMORYID>
     <LOGFLAG>X</LOGFLAG>
     <CONVEXIT>ALPHA</CONVEXIT>
    </DD27P>
    <DD27P>
     <VIEWNAME>EZDBS_L001</VIEWNAME>
     <OBJPOS>0005</OBJPOS>
     <VIEWFIELD>GJAHR</VIEWFIELD>
     <TABNAME>ZDBS_T001</TABNAME>
     <FIELDNAME>GJAHR</FIELDNAME>
     <KEYFLAG>X</KEYFLAG>
     <ENQMODE>S</ENQMODE>
     <MEMORYID>GJR</MEMORYID>
     <LOGFLAG>X</LOGFLAG>
     <CONVEXIT>GJAHR</CONVEXIT>
    </DD27P>
    <DD27P>
     <VIEWNAME>EZDBS_L001</VIEWNAME>
     <OBJPOS>0006</OBJPOS>
     <VIEWFIELD>BUZEI</VIEWFIELD>
     <TABNAME>ZDBS_T001</TABNAME>
     <FIELDNAME>BUZEI</FIELDNAME>
     <KEYFLAG>X</KEYFLAG>
     <ENQMODE>S</ENQMODE>
     <MEMORYID>BUZ</MEMORYID>
     <LOGFLAG>X</LOGFLAG>
    </DD27P>
   </DD27P_TABLE>
  </asx:values>
 </asx:abap>
</abapGit>
