﻿<?xml version="1.0" encoding="utf-8"?>
<abapGit version="v1.0.0" serializer="LCL_OBJECT_SPRX" serializer_version="v1.0.0">
 <asx:abap xmlns:asx="http://www.sap.com/abapxml" version="1.0">
  <asx:values>
   <PROXY_HEADER>
    <item>
     <OBJECT>TABL</OBJECT>
     <OBJ_NAME>ZDBS_ISBEXTENSION</OBJ_NAME>
     <OBJECT_M>TABL</OBJECT_M>
     <OBJ_NAME_M>ZDBS_ISBEXTENSION</OBJ_NAME_M>
     <HASH_ID>56B510637DB247930675BFA801F1C2B5AFBDC49F</HASH_ID>
     <ID>&lt;type&gt; Extension http://isbank.com/OpSvcs/PaymentMgmtProcessing/DDS/Core/Schema/V1 http://isbank.com/OpSvcs/PaymentMgmtProcessing/DDS/Core/Schema/V1</ID>
     <IFR_GLOBAL>X</IFR_GLOBAL>
     <IFR_TYPE>type</IFR_TYPE>
     <IFR_NAME>Extension</IFR_NAME>
     <IFR_NSPCE>http://isbank.com/OpSvcs/PaymentMgmtProcessing/DDS/Core/Schema/V1</IFR_NSPCE>
     <IFR_GNSPCE>http://isbank.com/OpSvcs/PaymentMgmtProcessing/DDS/Core/Schema/V1</IFR_GNSPCE>
     <GEN_VERS>0005</GEN_VERS>
     <PREFIX>ZDBS_ISB</PREFIX>
     <CATEGORY>ifmtypedef</CATEGORY>
     <GEN_APPL>WEBSERVICES</GEN_APPL>
     <X-ML_NSPCE>http://isbank.com/OpSvcs/PaymentMgmtProcessing/DDS/Core/Schema/V1</X-ML_NSPCE>
     <X-ML_NAME>Extension</X-ML_NAME>
    </item>
   </PROXY_HEADER>
   <PROXY_DATA>
    <item>
     <OBJECT>TABL</OBJECT>
     <OBJ_NAME>ZDBS_ISBEXTENSION</OBJ_NAME>
     <OBJECT1>FIEL</OBJECT1>
     <OBJ_NAME1>PARAMETER_NAME</OBJ_NAME1>
     <OBJECT2>FIEL</OBJECT2>
     <OBJ_NAME2>PARAMETER_NAME</OBJ_NAME2>
     <ID>&lt;element&gt; {http://isbank.com/OpSvcs/PaymentMgmtProcessing/DDS/Core/Schema/V1}parameterName &lt;type&gt; Extension http://isbank.com/OpSvcs/PaymentMgmtProcessing/DDS/Core/Schema/V1 http://isbank.com/OpSvcs/PaymentMgmtProcessing/DDS/Core/Schema/V1</ID>
     <IFR_TYPE>element</IFR_TYPE>
     <IFR_NAME>parameterName</IFR_NAME>
     <IFR_TAGTYP>E</IFR_TAGTYP>
     <IFR_MINOCC>1</IFR_MINOCC>
     <IFR_MAXOCC>1</IFR_MAXOCC>
     <IFR_QUALIF>X</IFR_QUALIF>
     <IFR_XSDTYP>string</IFR_XSDTYP>
     <IFR_SCALE>-2</IFR_SCALE>
     <R3_TYPE>FIEL</R3_TYPE>
     <R3_NAME>PARAMETER_NAME</R3_NAME>
     <R3_DATATYP>STRG</R3_DATATYP>
     <R3_SEQNUM>000001</R3_SEQNUM>
    </item>
    <item>
     <OBJECT>TABL</OBJECT>
     <OBJ_NAME>ZDBS_ISBEXTENSION</OBJ_NAME>
     <OBJECT1>FIEL</OBJECT1>
     <OBJ_NAME1>PARAMETER_VALUE</OBJ_NAME1>
     <OBJECT2>FIEL</OBJECT2>
     <OBJ_NAME2>PARAMETER_VALUE</OBJ_NAME2>
     <ID>&lt;element&gt; {http://isbank.com/OpSvcs/PaymentMgmtProcessing/DDS/Core/Schema/V1}parameterValue &lt;type&gt; Extension http://isbank.com/OpSvcs/PaymentMgmtProcessing/DDS/Core/Schema/V1 http://isbank.com/OpSvcs/PaymentMgmtProcessing/DDS/Core/Schema/V1</ID>
     <IFR_TYPE>element</IFR_TYPE>
     <IFR_NAME>parameterValue</IFR_NAME>
     <IFR_TAGTYP>E</IFR_TAGTYP>
     <IFR_MINOCC>1</IFR_MINOCC>
     <IFR_MAXOCC>1</IFR_MAXOCC>
     <IFR_QUALIF>X</IFR_QUALIF>
     <IFR_XSDTYP>string</IFR_XSDTYP>
     <IFR_SCALE>-2</IFR_SCALE>
     <R3_TYPE>FIEL</R3_TYPE>
     <R3_NAME>PARAMETER_VALUE</R3_NAME>
     <R3_DATATYP>STRG</R3_DATATYP>
     <R3_SEQNUM>000002</R3_SEQNUM>
    </item>
    <item>
     <OBJECT>TABL</OBJECT>
     <OBJ_NAME>ZDBS_ISBEXTENSION</OBJ_NAME>
     <OBJECT1>TABL</OBJECT1>
     <OBJ_NAME1>ZDBS_ISBEXTENSION</OBJ_NAME1>
     <OBJECT2>TABL</OBJECT2>
     <OBJ_NAME2>ZDBS_ISBEXTENSION</OBJ_NAME2>
     <ID>&lt;type&gt; Extension http://isbank.com/OpSvcs/PaymentMgmtProcessing/DDS/Core/Schema/V1 http://isbank.com/OpSvcs/PaymentMgmtProcessing/DDS/Core/Schema/V1</ID>
     <IFR_TYPE>type</IFR_TYPE>
     <IFR_NAME>Extension</IFR_NAME>
     <IFR_SCALE>-2</IFR_SCALE>
     <R3_TYPE>TABL</R3_TYPE>
     <R3_NAME>ZDBS_ISBEXTENSION</R3_NAME>
     <R3_TEXT>Proxy Structure (generated)</R3_TEXT>
     <CATEGORY>ifmtypedef</CATEGORY>
    </item>
   </PROXY_DATA>
  </asx:values>
 </asx:abap>
</abapGit>
