﻿<?xml version="1.0" encoding="utf-8"?>
<abapGit version="v1.0.0" serializer="LCL_OBJECT_SPRX" serializer_version="v1.0.0">
 <asx:abap xmlns:asx="http://www.sap.com/abapxml" version="1.0">
  <asx:values>
   <PROXY_HEADER>
    <item>
     <OBJECT>TABL</OBJECT>
     <OBJ_NAME>ZDBS_QNBFATURA_SORGULA_SIT2RE1</OBJ_NAME>
     <OBJECT_M>TABL</OBJECT_M>
     <OBJ_NAME_M>ZDBS_QNBFATURA_SORGULA_SIT2RE1</OBJ_NAME_M>
     <HASH_ID>DAF893200DE99EDA5114D78208377CBABB82D4C2</HASH_ID>
     <ID>&lt;type&gt; FaturaSorgulaSIT2Response http://akibetsorgula.model.standartimpltype2.driver.maestro.ibtech.com/xsd http://akibetsorgula.model.standartimpltype2.driver.maestro.ibtech.com/xsd</ID>
     <IFR_GLOBAL>X</IFR_GLOBAL>
     <IFR_TYPE>type</IFR_TYPE>
     <IFR_NAME>FaturaSorgulaSIT2Response</IFR_NAME>
     <IFR_NSPCE>http://akibetsorgula.model.standartimpltype2.driver.maestro.ibtech.com/xsd</IFR_NSPCE>
     <IFR_GNSPCE>http://akibetsorgula.model.standartimpltype2.driver.maestro.ibtech.com/xsd</IFR_GNSPCE>
     <GEN_VERS>0005</GEN_VERS>
     <PREFIX>ZDBS_QNB</PREFIX>
     <CATEGORY>ifmtypedef</CATEGORY>
     <GEN_APPL>WEBSERVICES</GEN_APPL>
     <X-ML_NSPCE>http://akibetsorgula.model.standartimpltype2.driver.maestro.ibtech.com/xsd</X-ML_NSPCE>
     <X-ML_NAME>FaturaSorgulaSIT2Response</X-ML_NAME>
    </item>
   </PROXY_HEADER>
   <PROXY_DATA>
    <item>
     <OBJECT>TABL</OBJECT>
     <OBJ_NAME>ZDBS_QNBFATURA_SORGULA_SIT2RE1</OBJ_NAME>
     <OBJECT1>FIEL</OBJECT1>
     <OBJ_NAME1>FATURA_SORGULA_HYTKRESULT</OBJ_NAME1>
     <OBJECT2>FIEL</OBJECT2>
     <OBJ_NAME2>FATURA_SORGULA_HYTKRESULT</OBJ_NAME2>
     <OBJECT_R>TTYP</OBJECT_R>
     <OBJ_NAME_R>ZDBS_QNBFATURA_SORGULA_SIT_TAB</OBJ_NAME_R>
     <ID>&lt;element&gt; faturaSorgulaHYTKResult &lt;type&gt; FaturaSorgulaSIT2Response http://akibetsorgula.model.standartimpltype2.driver.maestro.ibtech.com/xsd http://akibetsorgula.model.standartimpltype2.driver.maestro.ibtech.com/xsd</ID>
     <IFR_TYPE>element</IFR_TYPE>
     <IFR_NAME>faturaSorgulaHYTKResult</IFR_NAME>
     <IFR_TAGTYP>L</IFR_TAGTYP>
     <IFR_MAXOCC>65535</IFR_MAXOCC>
     <IFR_OPTNL>X</IFR_OPTNL>
     <IFR_NILLABLE>X</IFR_NILLABLE>
     <IFR_SCALE>-2</IFR_SCALE>
     <R3_TYPE>FIEL</R3_TYPE>
     <R3_NAME>FATURA_SORGULA_HYTKRESULT</R3_NAME>
     <R3_SEQNUM>000001</R3_SEQNUM>
    </item>
    <item>
     <OBJECT>TABL</OBJECT>
     <OBJ_NAME>ZDBS_QNBFATURA_SORGULA_SIT2RE1</OBJ_NAME>
     <OBJECT1>FIEL</OBJECT1>
     <OBJ_NAME1>STD_ERROR_TYPE</OBJ_NAME1>
     <OBJECT2>FIEL</OBJECT2>
     <OBJ_NAME2>STD_ERROR_TYPE</OBJ_NAME2>
     <OBJECT_R>TABL</OBJECT_R>
     <OBJ_NAME_R>ZDBS_QNBSTD_ERROR_TYPE</OBJ_NAME_R>
     <ID>&lt;element&gt; stdErrorType &lt;type&gt; FaturaSorgulaSIT2Response http://akibetsorgula.model.standartimpltype2.driver.maestro.ibtech.com/xsd http://akibetsorgula.model.standartimpltype2.driver.maestro.ibtech.com/xsd</ID>
     <IFR_TYPE>element</IFR_TYPE>
     <IFR_NAME>stdErrorType</IFR_NAME>
     <IFR_TAGTYP>E</IFR_TAGTYP>
     <IFR_MAXOCC>1</IFR_MAXOCC>
     <IFR_OPTNL>X</IFR_OPTNL>
     <IFR_NILLABLE>X</IFR_NILLABLE>
     <IFR_SCALE>-2</IFR_SCALE>
     <R3_TYPE>FIEL</R3_TYPE>
     <R3_NAME>STD_ERROR_TYPE</R3_NAME>
     <R3_SEQNUM>000002</R3_SEQNUM>
    </item>
    <item>
     <OBJECT>TABL</OBJECT>
     <OBJ_NAME>ZDBS_QNBFATURA_SORGULA_SIT2RE1</OBJ_NAME>
     <OBJECT1>TABL</OBJECT1>
     <OBJ_NAME1>ZDBS_QNBFATURA_SORGULA_SIT2RE1</OBJ_NAME1>
     <OBJECT2>TABL</OBJECT2>
     <OBJ_NAME2>ZDBS_QNBFATURA_SORGULA_SIT2RE1</OBJ_NAME2>
     <ID>&lt;type&gt; FaturaSorgulaSIT2Response http://akibetsorgula.model.standartimpltype2.driver.maestro.ibtech.com/xsd http://akibetsorgula.model.standartimpltype2.driver.maestro.ibtech.com/xsd</ID>
     <IFR_TYPE>type</IFR_TYPE>
     <IFR_NAME>FaturaSorgulaSIT2Response</IFR_NAME>
     <IFR_SCALE>-2</IFR_SCALE>
     <R3_TYPE>TABL</R3_TYPE>
     <R3_NAME>ZDBS_QNBFATURA_SORGULA_SIT2RE1</R3_NAME>
     <R3_TEXT>Proxy Structure (generated)</R3_TEXT>
     <CATEGORY>ifmtypedef</CATEGORY>
    </item>
   </PROXY_DATA>
  </asx:values>
 </asx:abap>
</abapGit>
