﻿<?xml version="1.0" encoding="utf-8"?>
<abapGit version="v1.0.0" serializer="LCL_OBJECT_SPRX" serializer_version="v1.0.0">
 <asx:abap xmlns:asx="http://www.sap.com/abapxml" version="1.0">
  <asx:values>
   <PROXY_HEADER>
    <item>
     <OBJECT>TABL</OBJECT>
     <OBJ_NAME>ZDBS_TEBTEBDBSFATURA_AKIBET_S4</OBJ_NAME>
     <OBJECT_M>TABL</OBJECT_M>
     <OBJ_NAME_M>ZDBS_TEBTEBDBSFATURA_AKIBET_S4</OBJ_NAME_M>
     <HASH_ID>05E5CF19EA0FC2EF473C9936264E51A89DD790A4</HASH_ID>
     <ID>&lt;type&gt; TEBDBSFaturaAkibetSorguToplu http://com.teb.tebdbs/ http://com.teb.tebdbs/</ID>
     <IFR_GLOBAL>X</IFR_GLOBAL>
     <IFR_TYPE>type</IFR_TYPE>
     <IFR_NAME>TEBDBSFaturaAkibetSorguToplu</IFR_NAME>
     <IFR_NSPCE>http://com.teb.tebdbs/</IFR_NSPCE>
     <IFR_GNSPCE>http://com.teb.tebdbs/</IFR_GNSPCE>
     <GEN_VERS>0005</GEN_VERS>
     <PREFIX>ZDBS_TEB</PREFIX>
     <CATEGORY>ifmtypedef</CATEGORY>
     <GEN_APPL>WEBSERVICES</GEN_APPL>
     <X-ML_NSPCE>http://com.teb.tebdbs/</X-ML_NSPCE>
     <X-ML_NAME>TEBDBSFaturaAkibetSorguToplu</X-ML_NAME>
    </item>
   </PROXY_HEADER>
   <PROXY_DATA>
    <item>
     <OBJECT>TABL</OBJECT>
     <OBJ_NAME>ZDBS_TEBTEBDBSFATURA_AKIBET_S4</OBJ_NAME>
     <OBJECT1>FIEL</OBJECT1>
     <OBJ_NAME1>ANA_FIRMA</OBJ_NAME1>
     <OBJECT2>FIEL</OBJECT2>
     <OBJ_NAME2>ANA_FIRMA</OBJ_NAME2>
     <ID>&lt;element&gt; {http://com.teb.tebdbs/}anaFirma &lt;type&gt; TEBDBSFaturaAkibetSorguToplu http://com.teb.tebdbs/ http://com.teb.tebdbs/</ID>
     <IFR_TYPE>element</IFR_TYPE>
     <IFR_NAME>anaFirma</IFR_NAME>
     <IFR_TAGTYP>E</IFR_TAGTYP>
     <IFR_MINOCC>1</IFR_MINOCC>
     <IFR_MAXOCC>1</IFR_MAXOCC>
     <IFR_QUALIF>X</IFR_QUALIF>
     <IFR_XSDTYP>string</IFR_XSDTYP>
     <IFR_NILLABLE>X</IFR_NILLABLE>
     <IFR_SCALE>-2</IFR_SCALE>
     <R3_TYPE>FIEL</R3_TYPE>
     <R3_NAME>ANA_FIRMA</R3_NAME>
     <R3_DATATYP>STRG</R3_DATATYP>
     <R3_SEQNUM>000003</R3_SEQNUM>
    </item>
    <item>
     <OBJECT>TABL</OBJECT>
     <OBJ_NAME>ZDBS_TEBTEBDBSFATURA_AKIBET_S4</OBJ_NAME>
     <OBJECT1>FIEL</OBJECT1>
     <OBJ_NAME1>BASLANGIC_TARIHI</OBJ_NAME1>
     <OBJECT2>FIEL</OBJECT2>
     <OBJ_NAME2>BASLANGIC_TARIHI</OBJ_NAME2>
     <ID>&lt;element&gt; {http://com.teb.tebdbs/}baslangicTarihi &lt;type&gt; TEBDBSFaturaAkibetSorguToplu http://com.teb.tebdbs/ http://com.teb.tebdbs/</ID>
     <IFR_TYPE>element</IFR_TYPE>
     <IFR_NAME>baslangicTarihi</IFR_NAME>
     <IFR_TAGTYP>E</IFR_TAGTYP>
     <IFR_MINOCC>1</IFR_MINOCC>
     <IFR_MAXOCC>1</IFR_MAXOCC>
     <IFR_QUALIF>X</IFR_QUALIF>
     <IFR_XSDTYP>string</IFR_XSDTYP>
     <IFR_NILLABLE>X</IFR_NILLABLE>
     <IFR_SCALE>-2</IFR_SCALE>
     <R3_TYPE>FIEL</R3_TYPE>
     <R3_NAME>BASLANGIC_TARIHI</R3_NAME>
     <R3_DATATYP>STRG</R3_DATATYP>
     <R3_SEQNUM>000005</R3_SEQNUM>
    </item>
    <item>
     <OBJECT>TABL</OBJECT>
     <OBJ_NAME>ZDBS_TEBTEBDBSFATURA_AKIBET_S4</OBJ_NAME>
     <OBJECT1>FIEL</OBJECT1>
     <OBJ_NAME1>BITIS_TARIHI</OBJ_NAME1>
     <OBJECT2>FIEL</OBJECT2>
     <OBJ_NAME2>BITIS_TARIHI</OBJ_NAME2>
     <ID>&lt;element&gt; {http://com.teb.tebdbs/}bitisTarihi &lt;type&gt; TEBDBSFaturaAkibetSorguToplu http://com.teb.tebdbs/ http://com.teb.tebdbs/</ID>
     <IFR_TYPE>element</IFR_TYPE>
     <IFR_NAME>bitisTarihi</IFR_NAME>
     <IFR_TAGTYP>E</IFR_TAGTYP>
     <IFR_MINOCC>1</IFR_MINOCC>
     <IFR_MAXOCC>1</IFR_MAXOCC>
     <IFR_QUALIF>X</IFR_QUALIF>
     <IFR_XSDTYP>string</IFR_XSDTYP>
     <IFR_NILLABLE>X</IFR_NILLABLE>
     <IFR_SCALE>-2</IFR_SCALE>
     <R3_TYPE>FIEL</R3_TYPE>
     <R3_NAME>BITIS_TARIHI</R3_NAME>
     <R3_DATATYP>STRG</R3_DATATYP>
     <R3_SEQNUM>000006</R3_SEQNUM>
    </item>
    <item>
     <OBJECT>TABL</OBJECT>
     <OBJ_NAME>ZDBS_TEBTEBDBSFATURA_AKIBET_S4</OBJ_NAME>
     <OBJECT1>FIEL</OBJECT1>
     <OBJ_NAME1>BOLGE_KOD</OBJ_NAME1>
     <OBJECT2>FIEL</OBJECT2>
     <OBJ_NAME2>BOLGE_KOD</OBJ_NAME2>
     <ID>&lt;element&gt; {http://com.teb.tebdbs/}bolgeKod &lt;type&gt; TEBDBSFaturaAkibetSorguToplu http://com.teb.tebdbs/ http://com.teb.tebdbs/</ID>
     <IFR_TYPE>element</IFR_TYPE>
     <IFR_NAME>bolgeKod</IFR_NAME>
     <IFR_TAGTYP>E</IFR_TAGTYP>
     <IFR_MINOCC>1</IFR_MINOCC>
     <IFR_MAXOCC>1</IFR_MAXOCC>
     <IFR_QUALIF>X</IFR_QUALIF>
     <IFR_XSDTYP>string</IFR_XSDTYP>
     <IFR_NILLABLE>X</IFR_NILLABLE>
     <IFR_SCALE>-2</IFR_SCALE>
     <R3_TYPE>FIEL</R3_TYPE>
     <R3_NAME>BOLGE_KOD</R3_NAME>
     <R3_DATATYP>STRG</R3_DATATYP>
     <R3_SEQNUM>000008</R3_SEQNUM>
    </item>
    <item>
     <OBJECT>TABL</OBJECT>
     <OBJ_NAME>ZDBS_TEBTEBDBSFATURA_AKIBET_S4</OBJ_NAME>
     <OBJECT1>FIEL</OBJECT1>
     <OBJ_NAME1>FIRMA_MUSTERI_NO</OBJ_NAME1>
     <OBJECT2>FIEL</OBJECT2>
     <OBJ_NAME2>FIRMA_MUSTERI_NO</OBJ_NAME2>
     <ID>&lt;element&gt; {http://com.teb.tebdbs/}firmaMusteriNo &lt;type&gt; TEBDBSFaturaAkibetSorguToplu http://com.teb.tebdbs/ http://com.teb.tebdbs/</ID>
     <IFR_TYPE>element</IFR_TYPE>
     <IFR_NAME>firmaMusteriNo</IFR_NAME>
     <IFR_TAGTYP>E</IFR_TAGTYP>
     <IFR_MINOCC>1</IFR_MINOCC>
     <IFR_MAXOCC>1</IFR_MAXOCC>
     <IFR_QUALIF>X</IFR_QUALIF>
     <IFR_XSDTYP>string</IFR_XSDTYP>
     <IFR_NILLABLE>X</IFR_NILLABLE>
     <IFR_SCALE>-2</IFR_SCALE>
     <R3_TYPE>FIEL</R3_TYPE>
     <R3_NAME>FIRMA_MUSTERI_NO</R3_NAME>
     <R3_DATATYP>STRG</R3_DATATYP>
     <R3_SEQNUM>000004</R3_SEQNUM>
    </item>
    <item>
     <OBJECT>TABL</OBJECT>
     <OBJ_NAME>ZDBS_TEBTEBDBSFATURA_AKIBET_S4</OBJ_NAME>
     <OBJECT1>FIEL</OBJECT1>
     <OBJ_NAME1>KULLANICI_ADI</OBJ_NAME1>
     <OBJECT2>FIEL</OBJECT2>
     <OBJ_NAME2>KULLANICI_ADI</OBJ_NAME2>
     <ID>&lt;element&gt; {http://com.teb.tebdbs/}kullaniciAdi &lt;type&gt; TEBDBSFaturaAkibetSorguToplu http://com.teb.tebdbs/ http://com.teb.tebdbs/</ID>
     <IFR_TYPE>element</IFR_TYPE>
     <IFR_NAME>kullaniciAdi</IFR_NAME>
     <IFR_TAGTYP>E</IFR_TAGTYP>
     <IFR_MINOCC>1</IFR_MINOCC>
     <IFR_MAXOCC>1</IFR_MAXOCC>
     <IFR_QUALIF>X</IFR_QUALIF>
     <IFR_XSDTYP>string</IFR_XSDTYP>
     <IFR_NILLABLE>X</IFR_NILLABLE>
     <IFR_SCALE>-2</IFR_SCALE>
     <R3_TYPE>FIEL</R3_TYPE>
     <R3_NAME>KULLANICI_ADI</R3_NAME>
     <R3_DATATYP>STRG</R3_DATATYP>
     <R3_SEQNUM>000001</R3_SEQNUM>
    </item>
    <item>
     <OBJECT>TABL</OBJECT>
     <OBJ_NAME>ZDBS_TEBTEBDBSFATURA_AKIBET_S4</OBJ_NAME>
     <OBJECT1>FIEL</OBJECT1>
     <OBJ_NAME1>SIFRE</OBJ_NAME1>
     <OBJECT2>FIEL</OBJECT2>
     <OBJ_NAME2>SIFRE</OBJ_NAME2>
     <ID>&lt;element&gt; {http://com.teb.tebdbs/}sifre &lt;type&gt; TEBDBSFaturaAkibetSorguToplu http://com.teb.tebdbs/ http://com.teb.tebdbs/</ID>
     <IFR_TYPE>element</IFR_TYPE>
     <IFR_NAME>sifre</IFR_NAME>
     <IFR_TAGTYP>E</IFR_TAGTYP>
     <IFR_MINOCC>1</IFR_MINOCC>
     <IFR_MAXOCC>1</IFR_MAXOCC>
     <IFR_QUALIF>X</IFR_QUALIF>
     <IFR_XSDTYP>string</IFR_XSDTYP>
     <IFR_NILLABLE>X</IFR_NILLABLE>
     <IFR_SCALE>-2</IFR_SCALE>
     <R3_TYPE>FIEL</R3_TYPE>
     <R3_NAME>SIFRE</R3_NAME>
     <R3_DATATYP>STRG</R3_DATATYP>
     <R3_SEQNUM>000002</R3_SEQNUM>
    </item>
    <item>
     <OBJECT>TABL</OBJECT>
     <OBJ_NAME>ZDBS_TEBTEBDBSFATURA_AKIBET_S4</OBJ_NAME>
     <OBJECT1>FIEL</OBJECT1>
     <OBJ_NAME1>SORGU_TIP</OBJ_NAME1>
     <OBJECT2>FIEL</OBJECT2>
     <OBJ_NAME2>SORGU_TIP</OBJ_NAME2>
     <ID>&lt;element&gt; {http://com.teb.tebdbs/}sorguTip &lt;type&gt; TEBDBSFaturaAkibetSorguToplu http://com.teb.tebdbs/ http://com.teb.tebdbs/</ID>
     <IFR_TYPE>element</IFR_TYPE>
     <IFR_NAME>sorguTip</IFR_NAME>
     <IFR_TAGTYP>E</IFR_TAGTYP>
     <IFR_MINOCC>1</IFR_MINOCC>
     <IFR_MAXOCC>1</IFR_MAXOCC>
     <IFR_QUALIF>X</IFR_QUALIF>
     <IFR_XSDTYP>string</IFR_XSDTYP>
     <IFR_NILLABLE>X</IFR_NILLABLE>
     <IFR_SCALE>-2</IFR_SCALE>
     <R3_TYPE>FIEL</R3_TYPE>
     <R3_NAME>SORGU_TIP</R3_NAME>
     <R3_DATATYP>STRG</R3_DATATYP>
     <R3_SEQNUM>000007</R3_SEQNUM>
    </item>
    <item>
     <OBJECT>TABL</OBJECT>
     <OBJ_NAME>ZDBS_TEBTEBDBSFATURA_AKIBET_S4</OBJ_NAME>
     <OBJECT1>TABL</OBJECT1>
     <OBJ_NAME1>ZDBS_TEBTEBDBSFATURA_AKIBET_S4</OBJ_NAME1>
     <OBJECT2>TABL</OBJECT2>
     <OBJ_NAME2>ZDBS_TEBTEBDBSFATURA_AKIBET_S4</OBJ_NAME2>
     <ID>&lt;type&gt; TEBDBSFaturaAkibetSorguToplu http://com.teb.tebdbs/ http://com.teb.tebdbs/</ID>
     <IFR_TYPE>type</IFR_TYPE>
     <IFR_NAME>TEBDBSFaturaAkibetSorguToplu</IFR_NAME>
     <IFR_SCALE>-2</IFR_SCALE>
     <R3_TYPE>TABL</R3_TYPE>
     <R3_NAME>ZDBS_TEBTEBDBSFATURA_AKIBET_S4</R3_NAME>
     <R3_TEXT>Proxy Structure (generated)</R3_TEXT>
     <CATEGORY>ifmtypedef</CATEGORY>
    </item>
   </PROXY_DATA>
  </asx:values>
 </asx:abap>
</abapGit>
