﻿<?xml version="1.0" encoding="utf-8"?>
<abapGit version="v1.0.0" serializer="LCL_OBJECT_SPRX" serializer_version="v1.0.0">
 <asx:abap xmlns:asx="http://www.sap.com/abapxml" version="1.0">
  <asx:values>
   <PROXY_HEADER>
    <item>
     <OBJECT>TABL</OBJECT>
     <OBJ_NAME>ZDBS_GRNTRF_ADD_TYPE</OBJ_NAME>
     <OBJECT_M>TABL</OBJECT_M>
     <OBJ_NAME_M>ZDBS_GRNTRF_ADD_TYPE</OBJ_NAME_M>
     <HASH_ID>B5CAB02761B65D7BAFF36FF0D083CC17E859B7E5</HASH_ID>
     <ID>&lt;type&gt; TrfAddType PaymentService PaymentService</ID>
     <IFR_GLOBAL>X</IFR_GLOBAL>
     <IFR_TYPE>type</IFR_TYPE>
     <IFR_NAME>TrfAddType</IFR_NAME>
     <IFR_NSPCE>PaymentService</IFR_NSPCE>
     <IFR_GNSPCE>PaymentService</IFR_GNSPCE>
     <GEN_VERS>0005</GEN_VERS>
     <PREFIX>ZDBS_GRN</PREFIX>
     <CATEGORY>ifmtypedef</CATEGORY>
     <GEN_APPL>WEBSERVICES</GEN_APPL>
     <X-ML_NSPCE>PaymentService</X-ML_NSPCE>
     <X-ML_NAME>TrfAddType</X-ML_NAME>
    </item>
   </PROXY_HEADER>
   <PROXY_DATA>
    <item>
     <OBJECT>TABL</OBJECT>
     <OBJ_NAME>ZDBS_GRNTRF_ADD_TYPE</OBJ_NAME>
     <OBJECT1>FIEL</OBJECT1>
     <OBJ_NAME1>ACCOUNT_FROM</OBJ_NAME1>
     <OBJECT2>FIEL</OBJECT2>
     <OBJ_NAME2>ACCOUNT_FROM</OBJ_NAME2>
     <OBJECT_R>TABL</OBJECT_R>
     <OBJ_NAME_R>ZDBS_GRNACCOUNT_FROM_TYPE</OBJ_NAME_R>
     <ID>&lt;element&gt; {PaymentService}AccountFrom &lt;type&gt; TrfAddType PaymentService PaymentService</ID>
     <IFR_TYPE>element</IFR_TYPE>
     <IFR_NAME>AccountFrom</IFR_NAME>
     <IFR_TAGTYP>E</IFR_TAGTYP>
     <IFR_MINOCC>1</IFR_MINOCC>
     <IFR_MAXOCC>1</IFR_MAXOCC>
     <IFR_QUALIF>X</IFR_QUALIF>
     <IFR_SCALE>-2</IFR_SCALE>
     <R3_TYPE>FIEL</R3_TYPE>
     <R3_NAME>ACCOUNT_FROM</R3_NAME>
     <R3_SEQNUM>000004</R3_SEQNUM>
    </item>
    <item>
     <OBJECT>TABL</OBJECT>
     <OBJ_NAME>ZDBS_GRNTRF_ADD_TYPE</OBJ_NAME>
     <OBJECT1>FIEL</OBJECT1>
     <OBJ_NAME1>ACCOUNT_TO</OBJ_NAME1>
     <OBJECT2>FIEL</OBJECT2>
     <OBJ_NAME2>ACCOUNT_TO</OBJ_NAME2>
     <OBJECT_R>TABL</OBJECT_R>
     <OBJ_NAME_R>ZDBS_GRNACCOUNT_TO_TYPE</OBJ_NAME_R>
     <ID>&lt;element&gt; {PaymentService}AccountTo &lt;type&gt; TrfAddType PaymentService PaymentService</ID>
     <IFR_TYPE>element</IFR_TYPE>
     <IFR_NAME>AccountTo</IFR_NAME>
     <IFR_TAGTYP>E</IFR_TAGTYP>
     <IFR_MINOCC>1</IFR_MINOCC>
     <IFR_MAXOCC>1</IFR_MAXOCC>
     <IFR_QUALIF>X</IFR_QUALIF>
     <IFR_SCALE>-2</IFR_SCALE>
     <R3_TYPE>FIEL</R3_TYPE>
     <R3_NAME>ACCOUNT_TO</R3_NAME>
     <R3_SEQNUM>000005</R3_SEQNUM>
    </item>
    <item>
     <OBJECT>TABL</OBJECT>
     <OBJ_NAME>ZDBS_GRNTRF_ADD_TYPE</OBJ_NAME>
     <OBJECT1>FIEL</OBJECT1>
     <OBJ_NAME1>OPERATION_TYPE</OBJ_NAME1>
     <OBJECT2>FIEL</OBJECT2>
     <OBJ_NAME2>OPERATION_TYPE</OBJ_NAME2>
     <OBJECT_R>DTEL</OBJECT_R>
     <OBJ_NAME_R>ZDBS_GRNOPERATION_TYPE_TYPE</OBJ_NAME_R>
     <ID>&lt;element&gt; {PaymentService}OperationType &lt;type&gt; TrfAddType PaymentService PaymentService</ID>
     <IFR_TYPE>element</IFR_TYPE>
     <IFR_NAME>OperationType</IFR_NAME>
     <IFR_TAGTYP>E</IFR_TAGTYP>
     <IFR_MINOCC>1</IFR_MINOCC>
     <IFR_MAXOCC>1</IFR_MAXOCC>
     <IFR_QUALIF>X</IFR_QUALIF>
     <IFR_SCALE>-2</IFR_SCALE>
     <R3_TYPE>FIEL</R3_TYPE>
     <R3_NAME>OPERATION_TYPE</R3_NAME>
     <R3_SEQNUM>000002</R3_SEQNUM>
    </item>
    <item>
     <OBJECT>TABL</OBJECT>
     <OBJ_NAME>ZDBS_GRNTRF_ADD_TYPE</OBJ_NAME>
     <OBJECT1>FIEL</OBJECT1>
     <OBJ_NAME1>TRF_INFO</OBJ_NAME1>
     <OBJECT2>FIEL</OBJECT2>
     <OBJ_NAME2>TRF_INFO</OBJ_NAME2>
     <OBJECT_R>TABL</OBJECT_R>
     <OBJ_NAME_R>ZDBS_GRNTRF_INFO_TYPE</OBJ_NAME_R>
     <ID>&lt;element&gt; {PaymentService}TrfInfo &lt;type&gt; TrfAddType PaymentService PaymentService</ID>
     <IFR_TYPE>element</IFR_TYPE>
     <IFR_NAME>TrfInfo</IFR_NAME>
     <IFR_TAGTYP>E</IFR_TAGTYP>
     <IFR_MINOCC>1</IFR_MINOCC>
     <IFR_MAXOCC>1</IFR_MAXOCC>
     <IFR_QUALIF>X</IFR_QUALIF>
     <IFR_SCALE>-2</IFR_SCALE>
     <R3_TYPE>FIEL</R3_TYPE>
     <R3_NAME>TRF_INFO</R3_NAME>
     <R3_SEQNUM>000006</R3_SEQNUM>
    </item>
    <item>
     <OBJECT>TABL</OBJECT>
     <OBJ_NAME>ZDBS_GRNTRF_ADD_TYPE</OBJ_NAME>
     <OBJECT1>FIEL</OBJECT1>
     <OBJ_NAME1>TRF_TYPE</OBJ_NAME1>
     <OBJECT2>FIEL</OBJECT2>
     <OBJ_NAME2>TRF_TYPE</OBJ_NAME2>
     <OBJECT_R>DTEL</OBJECT_R>
     <OBJ_NAME_R>ZDBS_GRNTRF_TYPE_TYPE</OBJ_NAME_R>
     <ID>&lt;element&gt; {PaymentService}TrfType &lt;type&gt; TrfAddType PaymentService PaymentService</ID>
     <IFR_TYPE>element</IFR_TYPE>
     <IFR_NAME>TrfType</IFR_NAME>
     <IFR_TAGTYP>E</IFR_TAGTYP>
     <IFR_MINOCC>1</IFR_MINOCC>
     <IFR_MAXOCC>1</IFR_MAXOCC>
     <IFR_QUALIF>X</IFR_QUALIF>
     <IFR_SCALE>-2</IFR_SCALE>
     <R3_TYPE>FIEL</R3_TYPE>
     <R3_NAME>TRF_TYPE</R3_NAME>
     <R3_SEQNUM>000003</R3_SEQNUM>
    </item>
    <item>
     <OBJECT>TABL</OBJECT>
     <OBJ_NAME>ZDBS_GRNTRF_ADD_TYPE</OBJ_NAME>
     <OBJECT1>FIEL</OBJECT1>
     <OBJ_NAME1>TRF_UNIQUE_ID</OBJ_NAME1>
     <OBJECT2>FIEL</OBJECT2>
     <OBJ_NAME2>TRF_UNIQUE_ID</OBJ_NAME2>
     <OBJECT_R>DTEL</OBJECT_R>
     <OBJ_NAME_R>ZDBS_GRNA24TYPE</OBJ_NAME_R>
     <ID>&lt;element&gt; {PaymentService}TrfUniqueID &lt;type&gt; TrfAddType PaymentService PaymentService</ID>
     <IFR_TYPE>element</IFR_TYPE>
     <IFR_NAME>TrfUniqueID</IFR_NAME>
     <IFR_TAGTYP>E</IFR_TAGTYP>
     <IFR_MINOCC>1</IFR_MINOCC>
     <IFR_MAXOCC>1</IFR_MAXOCC>
     <IFR_QUALIF>X</IFR_QUALIF>
     <IFR_SCALE>-2</IFR_SCALE>
     <R3_TYPE>FIEL</R3_TYPE>
     <R3_NAME>TRF_UNIQUE_ID</R3_NAME>
     <R3_SEQNUM>000001</R3_SEQNUM>
    </item>
    <item>
     <OBJECT>TABL</OBJECT>
     <OBJ_NAME>ZDBS_GRNTRF_ADD_TYPE</OBJ_NAME>
     <OBJECT1>TABL</OBJECT1>
     <OBJ_NAME1>ZDBS_GRNTRF_ADD_TYPE</OBJ_NAME1>
     <OBJECT2>TABL</OBJECT2>
     <OBJ_NAME2>ZDBS_GRNTRF_ADD_TYPE</OBJ_NAME2>
     <ID>&lt;type&gt; TrfAddType PaymentService PaymentService</ID>
     <IFR_TYPE>type</IFR_TYPE>
     <IFR_NAME>TrfAddType</IFR_NAME>
     <IFR_SCALE>-2</IFR_SCALE>
     <R3_TYPE>TABL</R3_TYPE>
     <R3_NAME>ZDBS_GRNTRF_ADD_TYPE</R3_NAME>
     <R3_TEXT>Proxy Structure (generated)</R3_TEXT>
     <CATEGORY>ifmtypedef</CATEGORY>
    </item>
   </PROXY_DATA>
  </asx:values>
 </asx:abap>
</abapGit>
