﻿<?xml version="1.0" encoding="utf-8"?>
<abapGit version="v1.0.0" serializer="LCL_OBJECT_SPRX" serializer_version="v1.0.0">
 <asx:abap xmlns:asx="http://www.sap.com/abapxml" version="1.0">
  <asx:values>
   <PROXY_HEADER>
    <item>
     <OBJECT>TABL</OBJECT>
     <OBJ_NAME>ZDBS_GRNBATCH_HEADER_RESPONSE</OBJ_NAME>
     <OBJECT_M>TABL</OBJECT_M>
     <OBJ_NAME_M>ZDBS_GRNBATCH_HEADER_RESPONSE</OBJ_NAME_M>
     <HASH_ID>4026F37A2FB0403F122D3E4FA0219A2388E687C7</HASH_ID>
     <ID>&lt;type&gt; BatchHeaderResponseType PaymentService PaymentService</ID>
     <IFR_GLOBAL>X</IFR_GLOBAL>
     <IFR_TYPE>type</IFR_TYPE>
     <IFR_NAME>BatchHeaderResponseType</IFR_NAME>
     <IFR_NSPCE>PaymentService</IFR_NSPCE>
     <IFR_GNSPCE>PaymentService</IFR_GNSPCE>
     <GEN_VERS>0005</GEN_VERS>
     <PREFIX>ZDBS_GRN</PREFIX>
     <CATEGORY>ifmtypedef</CATEGORY>
     <GEN_APPL>WEBSERVICES</GEN_APPL>
     <X-ML_NSPCE>PaymentService</X-ML_NSPCE>
     <X-ML_NAME>BatchHeaderResponseType</X-ML_NAME>
    </item>
   </PROXY_HEADER>
   <PROXY_DATA>
    <item>
     <OBJECT>TABL</OBJECT>
     <OBJ_NAME>ZDBS_GRNBATCH_HEADER_RESPONSE</OBJ_NAME>
     <OBJECT1>FIEL</OBJECT1>
     <OBJ_NAME1>BATCH_ID</OBJ_NAME1>
     <OBJECT2>FIEL</OBJECT2>
     <OBJ_NAME2>BATCH_ID</OBJ_NAME2>
     <OBJECT_R>DTEL</OBJECT_R>
     <OBJ_NAME_R>ZDBS_GRNBATCH_IDTYPE</OBJ_NAME_R>
     <ID>&lt;element&gt; {PaymentService}BatchID &lt;type&gt; BatchHeaderResponseType PaymentService PaymentService</ID>
     <IFR_TYPE>element</IFR_TYPE>
     <IFR_NAME>BatchID</IFR_NAME>
     <IFR_TAGTYP>E</IFR_TAGTYP>
     <IFR_MINOCC>1</IFR_MINOCC>
     <IFR_MAXOCC>1</IFR_MAXOCC>
     <IFR_QUALIF>X</IFR_QUALIF>
     <IFR_SCALE>-2</IFR_SCALE>
     <R3_TYPE>FIEL</R3_TYPE>
     <R3_NAME>BATCH_ID</R3_NAME>
     <R3_SEQNUM>000003</R3_SEQNUM>
    </item>
    <item>
     <OBJECT>TABL</OBJECT>
     <OBJ_NAME>ZDBS_GRNBATCH_HEADER_RESPONSE</OBJ_NAME>
     <OBJECT1>FIEL</OBJECT1>
     <OBJ_NAME1>GLCN</OBJ_NAME1>
     <OBJECT2>FIEL</OBJECT2>
     <OBJ_NAME2>GLCN</OBJ_NAME2>
     <OBJECT_R>DTEL</OBJECT_R>
     <OBJ_NAME_R>ZDBS_GRNGLCNTYPE</OBJ_NAME_R>
     <ID>&lt;element&gt; {PaymentService}GLCN &lt;type&gt; BatchHeaderResponseType PaymentService PaymentService</ID>
     <IFR_TYPE>element</IFR_TYPE>
     <IFR_NAME>GLCN</IFR_NAME>
     <IFR_TAGTYP>E</IFR_TAGTYP>
     <IFR_MINOCC>1</IFR_MINOCC>
     <IFR_MAXOCC>1</IFR_MAXOCC>
     <IFR_QUALIF>X</IFR_QUALIF>
     <IFR_SCALE>-2</IFR_SCALE>
     <R3_TYPE>FIEL</R3_TYPE>
     <R3_NAME>GLCN</R3_NAME>
     <R3_SEQNUM>000002</R3_SEQNUM>
    </item>
    <item>
     <OBJECT>TABL</OBJECT>
     <OBJ_NAME>ZDBS_GRNBATCH_HEADER_RESPONSE</OBJ_NAME>
     <OBJECT1>FIEL</OBJECT1>
     <OBJ_NAME1>SPNAME</OBJ_NAME1>
     <OBJECT2>FIEL</OBJECT2>
     <OBJ_NAME2>SPNAME</OBJ_NAME2>
     <OBJECT_R>DTEL</OBJECT_R>
     <OBJ_NAME_R>ZDBS_GRNSPNAME_TYPE</OBJ_NAME_R>
     <ID>&lt;element&gt; {PaymentService}SPName &lt;type&gt; BatchHeaderResponseType PaymentService PaymentService</ID>
     <IFR_TYPE>element</IFR_TYPE>
     <IFR_NAME>SPName</IFR_NAME>
     <IFR_TAGTYP>E</IFR_TAGTYP>
     <IFR_MINOCC>1</IFR_MINOCC>
     <IFR_MAXOCC>1</IFR_MAXOCC>
     <IFR_QUALIF>X</IFR_QUALIF>
     <IFR_SCALE>-2</IFR_SCALE>
     <R3_TYPE>FIEL</R3_TYPE>
     <R3_NAME>SPNAME</R3_NAME>
     <R3_SEQNUM>000001</R3_SEQNUM>
    </item>
    <item>
     <OBJECT>TABL</OBJECT>
     <OBJ_NAME>ZDBS_GRNBATCH_HEADER_RESPONSE</OBJ_NAME>
     <OBJECT1>FIEL</OBJECT1>
     <OBJ_NAME1>STATUS_CODE</OBJ_NAME1>
     <OBJECT2>FIEL</OBJECT2>
     <OBJ_NAME2>STATUS_CODE</OBJ_NAME2>
     <OBJECT_R>DTEL</OBJECT_R>
     <OBJ_NAME_R>ZDBS_GRNA4TYPE</OBJ_NAME_R>
     <ID>&lt;element&gt; {PaymentService}StatusCode &lt;type&gt; BatchHeaderResponseType PaymentService PaymentService</ID>
     <IFR_TYPE>element</IFR_TYPE>
     <IFR_NAME>StatusCode</IFR_NAME>
     <IFR_TAGTYP>E</IFR_TAGTYP>
     <IFR_MINOCC>1</IFR_MINOCC>
     <IFR_MAXOCC>1</IFR_MAXOCC>
     <IFR_QUALIF>X</IFR_QUALIF>
     <IFR_SCALE>-2</IFR_SCALE>
     <R3_TYPE>FIEL</R3_TYPE>
     <R3_NAME>STATUS_CODE</R3_NAME>
     <R3_SEQNUM>000004</R3_SEQNUM>
    </item>
    <item>
     <OBJECT>TABL</OBJECT>
     <OBJ_NAME>ZDBS_GRNBATCH_HEADER_RESPONSE</OBJ_NAME>
     <OBJECT1>TABL</OBJECT1>
     <OBJ_NAME1>ZDBS_GRNBATCH_HEADER_RESPONSE</OBJ_NAME1>
     <OBJECT2>TABL</OBJECT2>
     <OBJ_NAME2>ZDBS_GRNBATCH_HEADER_RESPONSE</OBJ_NAME2>
     <ID>&lt;type&gt; BatchHeaderResponseType PaymentService PaymentService</ID>
     <IFR_TYPE>type</IFR_TYPE>
     <IFR_NAME>BatchHeaderResponseType</IFR_NAME>
     <IFR_SCALE>-2</IFR_SCALE>
     <R3_TYPE>TABL</R3_TYPE>
     <R3_NAME>ZDBS_GRNBATCH_HEADER_RESPONSE</R3_NAME>
     <R3_TEXT>Proxy Structure (generated)</R3_TEXT>
     <CATEGORY>ifmtypedef</CATEGORY>
    </item>
   </PROXY_DATA>
  </asx:values>
 </asx:abap>
</abapGit>
