﻿<?xml version="1.0" encoding="utf-8"?>
<abapGit version="v1.0.0" serializer="LCL_OBJECT_SPRX" serializer_version="v1.0.0">
 <asx:abap xmlns:asx="http://www.sap.com/abapxml" version="1.0">
  <asx:values>
   <PROXY_HEADER>
    <item>
     <OBJECT>TABL</OBJECT>
     <OBJ_NAME>ZDBS_GRNONLINE_TRF_TO_GARANTI3</OBJ_NAME>
     <OBJECT_M>TABL</OBJECT_M>
     <OBJ_NAME_M>ZDBS_GRNONLINE_TRF_TO_GARANTI3</OBJ_NAME_M>
     <HASH_ID>9BFD5BA09345614B1171E4D1BF193A44EAE8C277</HASH_ID>
     <ID>&lt;message&gt; OnlineTrfToGarantiWithExchangeSupportRequestMsg PaymentService PaymentService</ID>
     <IFR_GLOBAL>X</IFR_GLOBAL>
     <IFR_TYPE>message</IFR_TYPE>
     <IFR_NAME>OnlineTrfToGarantiWithExchangeSupportRequestMsg</IFR_NAME>
     <IFR_NSPCE>PaymentService</IFR_NSPCE>
     <IFR_GNSPCE>PaymentService</IFR_GNSPCE>
     <GEN_VERS>0006</GEN_VERS>
     <PREFIX>ZDBS_GRN</PREFIX>
     <CATEGORY>ifmmessage</CATEGORY>
     <GEN_APPL>WEBSERVICES</GEN_APPL>
     <X-ML_NSPCE>PaymentService</X-ML_NSPCE>
     <X-ML_NAME>OnlineTrfToGarantiWithExchangeSupportRequest</X-ML_NAME>
    </item>
   </PROXY_HEADER>
   <PROXY_DATA>
    <item>
     <OBJECT>TABL</OBJECT>
     <OBJ_NAME>ZDBS_GRNONLINE_TRF_TO_GARANTI3</OBJ_NAME>
     <OBJECT1>FIEL</OBJECT1>
     <OBJ_NAME1>ONLINE_TRF_TO_GARANTI_WITH_EXC</OBJ_NAME1>
     <OBJECT2>FIEL</OBJECT2>
     <OBJ_NAME2>ONLINE_TRF_TO_GARANTI_WITH_EXC</OBJ_NAME2>
     <OBJECT_R>TABL</OBJECT_R>
     <OBJ_NAME_R>ZDBS_GRNONLINE_TRF_TO_GARANTI</OBJ_NAME_R>
     <ID>&lt;part&gt; OnlineTrfToGarantiWithExchangeSupportRequest &lt;message&gt; OnlineTrfToGarantiWithExchangeSupportRequestMsg PaymentService PaymentService</ID>
     <IFR_TYPE>part</IFR_TYPE>
     <IFR_NAME>OnlineTrfToGarantiWithExchangeSupportRequest</IFR_NAME>
     <IFR_SCALE>-2</IFR_SCALE>
     <R3_TYPE>FIEL</R3_TYPE>
     <R3_NAME>ONLINE_TRF_TO_GARANTI_WITH_EXC</R3_NAME>
     <R3_SEQNUM>000001</R3_SEQNUM>
    </item>
    <item>
     <OBJECT>TABL</OBJECT>
     <OBJ_NAME>ZDBS_GRNONLINE_TRF_TO_GARANTI3</OBJ_NAME>
     <OBJECT1>TABL</OBJECT1>
     <OBJ_NAME1>ZDBS_GRNONLINE_TRF_TO_GARANTI3</OBJ_NAME1>
     <OBJECT2>TABL</OBJECT2>
     <OBJ_NAME2>ZDBS_GRNONLINE_TRF_TO_GARANTI3</OBJ_NAME2>
     <ID>&lt;message&gt; OnlineTrfToGarantiWithExchangeSupportRequestMsg PaymentService PaymentService</ID>
     <IFR_TYPE>message</IFR_TYPE>
     <IFR_NAME>OnlineTrfToGarantiWithExchangeSupportRequestMsg</IFR_NAME>
     <IFR_SCALE>-2</IFR_SCALE>
     <R3_TYPE>TABL</R3_TYPE>
     <R3_NAME>ZDBS_GRNONLINE_TRF_TO_GARANTI3</R3_NAME>
     <R3_TEXT>Proxy Structure (generated)</R3_TEXT>
     <CATEGORY>ifmmessage</CATEGORY>
    </item>
   </PROXY_DATA>
  </asx:values>
 </asx:abap>
</abapGit>
