﻿<?xml version="1.0" encoding="utf-8"?>
<abapGit version="v1.0.0" serializer="LCL_OBJECT_SPRX" serializer_version="v1.0.0">
 <asx:abap xmlns:asx="http://www.sap.com/abapxml" version="1.0">
  <asx:values>
   <PROXY_HEADER>
    <item>
     <OBJECT>TABL</OBJECT>
     <OBJ_NAME>ZDBS_SEKDBS_GET_INVOICES_BY_D1</OBJ_NAME>
     <OBJECT_M>TABL</OBJECT_M>
     <OBJ_NAME_M>ZDBS_SEKDBS_GET_INVOICES_BY_D1</OBJ_NAME_M>
     <HASH_ID>419C8AD43D3D21B2A321FB2C46AED19AA2ED2429</HASH_ID>
     <ID>&lt;message&gt; DBS_GetInvoicesByDateSoapIn http://tempuri.org/ http://tempuri.org/</ID>
     <IFR_GLOBAL>X</IFR_GLOBAL>
     <IFR_TYPE>message</IFR_TYPE>
     <IFR_NAME>DBS_GetInvoicesByDateSoapIn</IFR_NAME>
     <IFR_NSPCE>http://tempuri.org/</IFR_NSPCE>
     <IFR_GNSPCE>http://tempuri.org/</IFR_GNSPCE>
     <GEN_VERS>0006</GEN_VERS>
     <PREFIX>ZDBS_SEK</PREFIX>
     <CATEGORY>ifmmessage</CATEGORY>
     <GEN_APPL>WEBSERVICES</GEN_APPL>
     <X-ML_NSPCE>http://tempuri.org/</X-ML_NSPCE>
     <X-ML_NAME>DBS_GetInvoicesByDate</X-ML_NAME>
    </item>
   </PROXY_HEADER>
   <PROXY_DATA>
    <item>
     <OBJECT>TABL</OBJECT>
     <OBJ_NAME>ZDBS_SEKDBS_GET_INVOICES_BY_D1</OBJ_NAME>
     <OBJECT1>FIEL</OBJECT1>
     <OBJ_NAME1>CUSTOMER_NO</OBJ_NAME1>
     <OBJECT2>FIEL</OBJECT2>
     <OBJ_NAME2>CUSTOMER_NO</OBJ_NAME2>
     <ID>&lt;element&gt; {http://tempuri.org/}customerNo &lt;message&gt; DBS_GetInvoicesByDateSoapIn http://tempuri.org/ http://tempuri.org/</ID>
     <IFR_TYPE>element</IFR_TYPE>
     <IFR_NAME>customerNo</IFR_NAME>
     <IFR_TAGTYP>E</IFR_TAGTYP>
     <IFR_MINOCC>1</IFR_MINOCC>
     <IFR_MAXOCC>1</IFR_MAXOCC>
     <IFR_QUALIF>X</IFR_QUALIF>
     <IFR_XSDTYP>long</IFR_XSDTYP>
     <IFR_SCALE>-2</IFR_SCALE>
     <R3_TYPE>FIEL</R3_TYPE>
     <R3_NAME>CUSTOMER_NO</R3_NAME>
     <R3_DATATYP>INT8</R3_DATATYP>
     <R3_SEQNUM>000004</R3_SEQNUM>
    </item>
    <item>
     <OBJECT>TABL</OBJECT>
     <OBJ_NAME>ZDBS_SEKDBS_GET_INVOICES_BY_D1</OBJ_NAME>
     <OBJECT1>FIEL</OBJECT1>
     <OBJ_NAME1>INSTITUTION_CODE</OBJ_NAME1>
     <OBJECT2>FIEL</OBJECT2>
     <OBJ_NAME2>INSTITUTION_CODE</OBJ_NAME2>
     <ID>&lt;element&gt; {http://tempuri.org/}institutionCode &lt;message&gt; DBS_GetInvoicesByDateSoapIn http://tempuri.org/ http://tempuri.org/</ID>
     <IFR_TYPE>element</IFR_TYPE>
     <IFR_NAME>institutionCode</IFR_NAME>
     <IFR_TAGTYP>E</IFR_TAGTYP>
     <IFR_MAXOCC>1</IFR_MAXOCC>
     <IFR_OPTNL>X</IFR_OPTNL>
     <IFR_QUALIF>X</IFR_QUALIF>
     <IFR_XSDTYP>string</IFR_XSDTYP>
     <IFR_SCALE>-2</IFR_SCALE>
     <R3_TYPE>FIEL</R3_TYPE>
     <R3_NAME>INSTITUTION_CODE</R3_NAME>
     <R3_DATATYP>STRG</R3_DATATYP>
     <R3_SEQNUM>000003</R3_SEQNUM>
    </item>
    <item>
     <OBJECT>TABL</OBJECT>
     <OBJ_NAME>ZDBS_SEKDBS_GET_INVOICES_BY_D1</OBJ_NAME>
     <OBJECT1>FIEL</OBJECT1>
     <OBJ_NAME1>INVOICE_END_DATE</OBJ_NAME1>
     <OBJECT2>FIEL</OBJECT2>
     <OBJ_NAME2>INVOICE_END_DATE</OBJ_NAME2>
     <ID>&lt;element&gt; {http://tempuri.org/}invoiceEndDate &lt;message&gt; DBS_GetInvoicesByDateSoapIn http://tempuri.org/ http://tempuri.org/</ID>
     <IFR_TYPE>element</IFR_TYPE>
     <IFR_NAME>invoiceEndDate</IFR_NAME>
     <IFR_TAGTYP>E</IFR_TAGTYP>
     <IFR_MAXOCC>1</IFR_MAXOCC>
     <IFR_OPTNL>X</IFR_OPTNL>
     <IFR_QUALIF>X</IFR_QUALIF>
     <IFR_XSDTYP>string</IFR_XSDTYP>
     <IFR_SCALE>-2</IFR_SCALE>
     <R3_TYPE>FIEL</R3_TYPE>
     <R3_NAME>INVOICE_END_DATE</R3_NAME>
     <R3_DATATYP>STRG</R3_DATATYP>
     <R3_SEQNUM>000010</R3_SEQNUM>
    </item>
    <item>
     <OBJECT>TABL</OBJECT>
     <OBJ_NAME>ZDBS_SEKDBS_GET_INVOICES_BY_D1</OBJ_NAME>
     <OBJECT1>FIEL</OBJECT1>
     <OBJ_NAME1>INVOICE_NUMBER</OBJ_NAME1>
     <OBJECT2>FIEL</OBJECT2>
     <OBJ_NAME2>INVOICE_NUMBER</OBJ_NAME2>
     <ID>&lt;element&gt; {http://tempuri.org/}invoiceNumber &lt;message&gt; DBS_GetInvoicesByDateSoapIn http://tempuri.org/ http://tempuri.org/</ID>
     <IFR_TYPE>element</IFR_TYPE>
     <IFR_NAME>invoiceNumber</IFR_NAME>
     <IFR_TAGTYP>E</IFR_TAGTYP>
     <IFR_MAXOCC>1</IFR_MAXOCC>
     <IFR_OPTNL>X</IFR_OPTNL>
     <IFR_QUALIF>X</IFR_QUALIF>
     <IFR_XSDTYP>string</IFR_XSDTYP>
     <IFR_SCALE>-2</IFR_SCALE>
     <R3_TYPE>FIEL</R3_TYPE>
     <R3_NAME>INVOICE_NUMBER</R3_NAME>
     <R3_DATATYP>STRG</R3_DATATYP>
     <R3_SEQNUM>000006</R3_SEQNUM>
    </item>
    <item>
     <OBJECT>TABL</OBJECT>
     <OBJ_NAME>ZDBS_SEKDBS_GET_INVOICES_BY_D1</OBJ_NAME>
     <OBJECT1>FIEL</OBJECT1>
     <OBJ_NAME1>INVOICE_START_DATE</OBJ_NAME1>
     <OBJECT2>FIEL</OBJECT2>
     <OBJ_NAME2>INVOICE_START_DATE</OBJ_NAME2>
     <ID>&lt;element&gt; {http://tempuri.org/}invoiceStartDate &lt;message&gt; DBS_GetInvoicesByDateSoapIn http://tempuri.org/ http://tempuri.org/</ID>
     <IFR_TYPE>element</IFR_TYPE>
     <IFR_NAME>invoiceStartDate</IFR_NAME>
     <IFR_TAGTYP>E</IFR_TAGTYP>
     <IFR_MAXOCC>1</IFR_MAXOCC>
     <IFR_OPTNL>X</IFR_OPTNL>
     <IFR_QUALIF>X</IFR_QUALIF>
     <IFR_XSDTYP>string</IFR_XSDTYP>
     <IFR_SCALE>-2</IFR_SCALE>
     <R3_TYPE>FIEL</R3_TYPE>
     <R3_NAME>INVOICE_START_DATE</R3_NAME>
     <R3_DATATYP>STRG</R3_DATATYP>
     <R3_SEQNUM>000009</R3_SEQNUM>
    </item>
    <item>
     <OBJECT>TABL</OBJECT>
     <OBJ_NAME>ZDBS_SEKDBS_GET_INVOICES_BY_D1</OBJ_NAME>
     <OBJECT1>FIEL</OBJECT1>
     <OBJ_NAME1>PASSWORD</OBJ_NAME1>
     <OBJECT2>FIEL</OBJECT2>
     <OBJ_NAME2>PASSWORD</OBJ_NAME2>
     <ID>&lt;element&gt; {http://tempuri.org/}password &lt;message&gt; DBS_GetInvoicesByDateSoapIn http://tempuri.org/ http://tempuri.org/</ID>
     <IFR_TYPE>element</IFR_TYPE>
     <IFR_NAME>password</IFR_NAME>
     <IFR_TAGTYP>E</IFR_TAGTYP>
     <IFR_MAXOCC>1</IFR_MAXOCC>
     <IFR_OPTNL>X</IFR_OPTNL>
     <IFR_QUALIF>X</IFR_QUALIF>
     <IFR_XSDTYP>string</IFR_XSDTYP>
     <IFR_SCALE>-2</IFR_SCALE>
     <R3_TYPE>FIEL</R3_TYPE>
     <R3_NAME>PASSWORD</R3_NAME>
     <R3_DATATYP>STRG</R3_DATATYP>
     <R3_SEQNUM>000002</R3_SEQNUM>
    </item>
    <item>
     <OBJECT>TABL</OBJECT>
     <OBJ_NAME>ZDBS_SEKDBS_GET_INVOICES_BY_D1</OBJ_NAME>
     <OBJECT1>FIEL</OBJECT1>
     <OBJ_NAME1>RETAIL_CODE</OBJ_NAME1>
     <OBJECT2>FIEL</OBJECT2>
     <OBJ_NAME2>RETAIL_CODE</OBJ_NAME2>
     <ID>&lt;element&gt; {http://tempuri.org/}retailCode &lt;message&gt; DBS_GetInvoicesByDateSoapIn http://tempuri.org/ http://tempuri.org/</ID>
     <IFR_TYPE>element</IFR_TYPE>
     <IFR_NAME>retailCode</IFR_NAME>
     <IFR_TAGTYP>E</IFR_TAGTYP>
     <IFR_MAXOCC>1</IFR_MAXOCC>
     <IFR_OPTNL>X</IFR_OPTNL>
     <IFR_QUALIF>X</IFR_QUALIF>
     <IFR_XSDTYP>string</IFR_XSDTYP>
     <IFR_SCALE>-2</IFR_SCALE>
     <R3_TYPE>FIEL</R3_TYPE>
     <R3_NAME>RETAIL_CODE</R3_NAME>
     <R3_DATATYP>STRG</R3_DATATYP>
     <R3_SEQNUM>000005</R3_SEQNUM>
    </item>
    <item>
     <OBJECT>TABL</OBJECT>
     <OBJ_NAME>ZDBS_SEKDBS_GET_INVOICES_BY_D1</OBJ_NAME>
     <OBJECT1>FIEL</OBJECT1>
     <OBJ_NAME1>USER_NAME</OBJ_NAME1>
     <OBJECT2>FIEL</OBJECT2>
     <OBJ_NAME2>USER_NAME</OBJ_NAME2>
     <ID>&lt;element&gt; {http://tempuri.org/}userName &lt;message&gt; DBS_GetInvoicesByDateSoapIn http://tempuri.org/ http://tempuri.org/</ID>
     <IFR_TYPE>element</IFR_TYPE>
     <IFR_NAME>userName</IFR_NAME>
     <IFR_TAGTYP>E</IFR_TAGTYP>
     <IFR_MAXOCC>1</IFR_MAXOCC>
     <IFR_OPTNL>X</IFR_OPTNL>
     <IFR_QUALIF>X</IFR_QUALIF>
     <IFR_XSDTYP>string</IFR_XSDTYP>
     <IFR_SCALE>-2</IFR_SCALE>
     <R3_TYPE>FIEL</R3_TYPE>
     <R3_NAME>USER_NAME</R3_NAME>
     <R3_DATATYP>STRG</R3_DATATYP>
     <R3_SEQNUM>000001</R3_SEQNUM>
    </item>
    <item>
     <OBJECT>TABL</OBJECT>
     <OBJ_NAME>ZDBS_SEKDBS_GET_INVOICES_BY_D1</OBJ_NAME>
     <OBJECT1>FIEL</OBJECT1>
     <OBJ_NAME1>VALUE_END_DATE</OBJ_NAME1>
     <OBJECT2>FIEL</OBJECT2>
     <OBJ_NAME2>VALUE_END_DATE</OBJ_NAME2>
     <ID>&lt;element&gt; {http://tempuri.org/}valueEndDate &lt;message&gt; DBS_GetInvoicesByDateSoapIn http://tempuri.org/ http://tempuri.org/</ID>
     <IFR_TYPE>element</IFR_TYPE>
     <IFR_NAME>valueEndDate</IFR_NAME>
     <IFR_TAGTYP>E</IFR_TAGTYP>
     <IFR_MAXOCC>1</IFR_MAXOCC>
     <IFR_OPTNL>X</IFR_OPTNL>
     <IFR_QUALIF>X</IFR_QUALIF>
     <IFR_XSDTYP>string</IFR_XSDTYP>
     <IFR_SCALE>-2</IFR_SCALE>
     <R3_TYPE>FIEL</R3_TYPE>
     <R3_NAME>VALUE_END_DATE</R3_NAME>
     <R3_DATATYP>STRG</R3_DATATYP>
     <R3_SEQNUM>000008</R3_SEQNUM>
    </item>
    <item>
     <OBJECT>TABL</OBJECT>
     <OBJ_NAME>ZDBS_SEKDBS_GET_INVOICES_BY_D1</OBJ_NAME>
     <OBJECT1>FIEL</OBJECT1>
     <OBJ_NAME1>VALUE_START_DATE</OBJ_NAME1>
     <OBJECT2>FIEL</OBJECT2>
     <OBJ_NAME2>VALUE_START_DATE</OBJ_NAME2>
     <ID>&lt;element&gt; {http://tempuri.org/}valueStartDate &lt;message&gt; DBS_GetInvoicesByDateSoapIn http://tempuri.org/ http://tempuri.org/</ID>
     <IFR_TYPE>element</IFR_TYPE>
     <IFR_NAME>valueStartDate</IFR_NAME>
     <IFR_TAGTYP>E</IFR_TAGTYP>
     <IFR_MAXOCC>1</IFR_MAXOCC>
     <IFR_OPTNL>X</IFR_OPTNL>
     <IFR_QUALIF>X</IFR_QUALIF>
     <IFR_XSDTYP>string</IFR_XSDTYP>
     <IFR_SCALE>-2</IFR_SCALE>
     <R3_TYPE>FIEL</R3_TYPE>
     <R3_NAME>VALUE_START_DATE</R3_NAME>
     <R3_DATATYP>STRG</R3_DATATYP>
     <R3_SEQNUM>000007</R3_SEQNUM>
    </item>
    <item>
     <OBJECT>TABL</OBJECT>
     <OBJ_NAME>ZDBS_SEKDBS_GET_INVOICES_BY_D1</OBJ_NAME>
     <OBJECT1>TABL</OBJECT1>
     <OBJ_NAME1>ZDBS_SEKDBS_GET_INVOICES_BY_D1</OBJ_NAME1>
     <OBJECT2>TABL</OBJECT2>
     <OBJ_NAME2>ZDBS_SEKDBS_GET_INVOICES_BY_D1</OBJ_NAME2>
     <ID>&lt;message&gt; DBS_GetInvoicesByDateSoapIn http://tempuri.org/ http://tempuri.org/</ID>
     <IFR_TYPE>message</IFR_TYPE>
     <IFR_NAME>DBS_GetInvoicesByDateSoapIn</IFR_NAME>
     <IFR_SCALE>-2</IFR_SCALE>
     <R3_TYPE>TABL</R3_TYPE>
     <R3_NAME>ZDBS_SEKDBS_GET_INVOICES_BY_D1</R3_NAME>
     <R3_TEXT>Proxy Structure (generated)</R3_TEXT>
     <CATEGORY>ifmmessage</CATEGORY>
    </item>
   </PROXY_DATA>
  </asx:values>
 </asx:abap>
</abapGit>
