﻿<?xml version="1.0" encoding="utf-8"?>
<abapGit version="v1.0.0" serializer="LCL_OBJECT_SPRX" serializer_version="v1.0.0">
 <asx:abap xmlns:asx="http://www.sap.com/abapxml" version="1.0">
  <asx:values>
   <PROXY_HEADER>
    <item>
     <OBJECT>TABL</OBJECT>
     <OBJ_NAME>ZDBS_ISBBASE_FAULT_TYPE</OBJ_NAME>
     <OBJECT_M>TABL</OBJECT_M>
     <OBJ_NAME_M>ZDBS_ISBBASE_FAULT_TYPE</OBJ_NAME_M>
     <HASH_ID>93DCE63463992D03BBAC1BC97D155D93D1DA3859</HASH_ID>
     <ID>&lt;type&gt; BaseFaultType http://isbank.com/Technical/EA/Fault/Schema/V1 http://isbank.com/Technical/EA/Fault/Schema/V1</ID>
     <IFR_GLOBAL>X</IFR_GLOBAL>
     <IFR_TYPE>type</IFR_TYPE>
     <IFR_NAME>BaseFaultType</IFR_NAME>
     <IFR_NSPCE>http://isbank.com/Technical/EA/Fault/Schema/V1</IFR_NSPCE>
     <IFR_GNSPCE>http://isbank.com/Technical/EA/Fault/Schema/V1</IFR_GNSPCE>
     <GEN_VERS>0005</GEN_VERS>
     <PREFIX>ZDBS_ISB</PREFIX>
     <CATEGORY>ifmtypedef</CATEGORY>
     <GEN_APPL>WEBSERVICES</GEN_APPL>
     <X-ML_NSPCE>http://isbank.com/Technical/EA/Fault/Schema/V1</X-ML_NSPCE>
     <X-ML_NAME>BaseFaultType</X-ML_NAME>
    </item>
   </PROXY_HEADER>
   <PROXY_DATA>
    <item>
     <OBJECT>TABL</OBJECT>
     <OBJ_NAME>ZDBS_ISBBASE_FAULT_TYPE</OBJ_NAME>
     <OBJECT1>FIEL</OBJECT1>
     <OBJ_NAME1>ACTOR</OBJ_NAME1>
     <OBJECT2>FIEL</OBJECT2>
     <OBJ_NAME2>ACTOR</OBJ_NAME2>
     <ID>&lt;element&gt; actor &lt;type&gt; BaseFaultType http://isbank.com/Technical/EA/Fault/Schema/V1 http://isbank.com/Technical/EA/Fault/Schema/V1</ID>
     <IFR_TYPE>element</IFR_TYPE>
     <IFR_NAME>actor</IFR_NAME>
     <IFR_TEXT>
Initial point where exception has been caught while calling service provider.(ie: esb callling wsrr</IFR_TEXT>
     <IFR_TAGTYP>E</IFR_TAGTYP>
     <IFR_MAXOCC>1</IFR_MAXOCC>
     <IFR_OPTNL>X</IFR_OPTNL>
     <IFR_XSDTYP>string</IFR_XSDTYP>
     <IFR_SCALE>-2</IFR_SCALE>
     <R3_TYPE>FIEL</R3_TYPE>
     <R3_NAME>ACTOR</R3_NAME>
     <R3_TEXT>
Initial point where exception has been caught while calling</R3_TEXT>
     <R3_DATATYP>STRG</R3_DATATYP>
     <R3_SEQNUM>000006</R3_SEQNUM>
    </item>
    <item>
     <OBJECT>TABL</OBJECT>
     <OBJ_NAME>ZDBS_ISBBASE_FAULT_TYPE</OBJ_NAME>
     <OBJECT1>FIEL</OBJECT1>
     <OBJ_NAME1>CODE</OBJ_NAME1>
     <OBJECT2>FIEL</OBJECT2>
     <OBJ_NAME2>CODE</OBJ_NAME2>
     <ID>&lt;element&gt; code &lt;type&gt; BaseFaultType http://isbank.com/Technical/EA/Fault/Schema/V1 http://isbank.com/Technical/EA/Fault/Schema/V1</ID>
     <IFR_TYPE>element</IFR_TYPE>
     <IFR_NAME>code</IFR_NAME>
     <IFR_TEXT>A code for identifying fault</IFR_TEXT>
     <IFR_TAGTYP>E</IFR_TAGTYP>
     <IFR_MAXOCC>1</IFR_MAXOCC>
     <IFR_OPTNL>X</IFR_OPTNL>
     <IFR_XSDTYP>string</IFR_XSDTYP>
     <IFR_SCALE>-2</IFR_SCALE>
     <R3_TYPE>FIEL</R3_TYPE>
     <R3_NAME>CODE</R3_NAME>
     <R3_TEXT>A code for identifying fault</R3_TEXT>
     <R3_DATATYP>STRG</R3_DATATYP>
     <R3_SEQNUM>000001</R3_SEQNUM>
    </item>
    <item>
     <OBJECT>TABL</OBJECT>
     <OBJ_NAME>ZDBS_ISBBASE_FAULT_TYPE</OBJ_NAME>
     <OBJECT1>FIEL</OBJECT1>
     <OBJ_NAME1>DESCRIPTION</OBJ_NAME1>
     <OBJECT2>FIEL</OBJECT2>
     <OBJ_NAME2>DESCRIPTION</OBJ_NAME2>
     <ID>&lt;element&gt; description &lt;type&gt; BaseFaultType http://isbank.com/Technical/EA/Fault/Schema/V1 http://isbank.com/Technical/EA/Fault/Schema/V1</ID>
     <IFR_TYPE>element</IFR_TYPE>
     <IFR_NAME>description</IFR_NAME>
     <IFR_TEXT>A human readable explanation of the fault</IFR_TEXT>
     <IFR_TAGTYP>E</IFR_TAGTYP>
     <IFR_MAXOCC>1</IFR_MAXOCC>
     <IFR_OPTNL>X</IFR_OPTNL>
     <IFR_XSDTYP>string</IFR_XSDTYP>
     <IFR_SCALE>-2</IFR_SCALE>
     <R3_TYPE>FIEL</R3_TYPE>
     <R3_NAME>DESCRIPTION</R3_NAME>
     <R3_TEXT>A human readable explanation of the fault</R3_TEXT>
     <R3_DATATYP>STRG</R3_DATATYP>
     <R3_SEQNUM>000003</R3_SEQNUM>
    </item>
    <item>
     <OBJECT>TABL</OBJECT>
     <OBJ_NAME>ZDBS_ISBBASE_FAULT_TYPE</OBJ_NAME>
     <OBJECT1>FIEL</OBJECT1>
     <OBJ_NAME1>DETAIL</OBJ_NAME1>
     <OBJECT2>FIEL</OBJECT2>
     <OBJ_NAME2>DETAIL</OBJ_NAME2>
     <ID>&lt;element&gt; detail &lt;type&gt; BaseFaultType http://isbank.com/Technical/EA/Fault/Schema/V1 http://isbank.com/Technical/EA/Fault/Schema/V1</ID>
     <IFR_TYPE>element</IFR_TYPE>
     <IFR_NAME>detail</IFR_NAME>
     <IFR_TEXT>
Holds application specific error information related to the Body element
							</IFR_TEXT>
     <IFR_TAGTYP>E</IFR_TAGTYP>
     <IFR_MAXOCC>1</IFR_MAXOCC>
     <IFR_OPTNL>X</IFR_OPTNL>
     <IFR_XSDTYP>string</IFR_XSDTYP>
     <IFR_SCALE>-2</IFR_SCALE>
     <R3_TYPE>FIEL</R3_TYPE>
     <R3_NAME>DETAIL</R3_NAME>
     <R3_TEXT>
Holds application specific error information related to the</R3_TEXT>
     <R3_DATATYP>STRG</R3_DATATYP>
     <R3_SEQNUM>000004</R3_SEQNUM>
    </item>
    <item>
     <OBJECT>TABL</OBJECT>
     <OBJ_NAME>ZDBS_ISBBASE_FAULT_TYPE</OBJ_NAME>
     <OBJECT1>FIEL</OBJECT1>
     <OBJ_NAME1>PARAMETERS</OBJ_NAME1>
     <OBJECT2>FIEL</OBJECT2>
     <OBJ_NAME2>PARAMETERS</OBJ_NAME2>
     <OBJECT_R>TTYP</OBJECT_R>
     <OBJ_NAME_R>ZDBS_ISBSTRING_TAB</OBJ_NAME_R>
     <ID>&lt;element&gt; parameters &lt;type&gt; BaseFaultType http://isbank.com/Technical/EA/Fault/Schema/V1 http://isbank.com/Technical/EA/Fault/Schema/V1</ID>
     <IFR_TYPE>element</IFR_TYPE>
     <IFR_NAME>parameters</IFR_NAME>
     <IFR_TEXT>The parameters for the exception message.</IFR_TEXT>
     <IFR_TAGTYP>L</IFR_TAGTYP>
     <IFR_MAXOCC>65535</IFR_MAXOCC>
     <IFR_OPTNL>X</IFR_OPTNL>
     <IFR_SCALE>-2</IFR_SCALE>
     <R3_TYPE>FIEL</R3_TYPE>
     <R3_NAME>PARAMETERS</R3_NAME>
     <R3_TEXT>The parameters for the exception message.</R3_TEXT>
     <R3_SEQNUM>000008</R3_SEQNUM>
    </item>
    <item>
     <OBJECT>TABL</OBJECT>
     <OBJ_NAME>ZDBS_ISBBASE_FAULT_TYPE</OBJ_NAME>
     <OBJECT1>FIEL</OBJECT1>
     <OBJ_NAME1>SCREEN_CODE</OBJ_NAME1>
     <OBJECT2>FIEL</OBJECT2>
     <OBJ_NAME2>SCREEN_CODE</OBJ_NAME2>
     <ID>&lt;element&gt; screenCode &lt;type&gt; BaseFaultType http://isbank.com/Technical/EA/Fault/Schema/V1 http://isbank.com/Technical/EA/Fault/Schema/V1</ID>
     <IFR_TYPE>element</IFR_TYPE>
     <IFR_NAME>screenCode</IFR_NAME>
     <IFR_TEXT>
A simple code to screen possible complex code from users that may come from backend.
							</IFR_TEXT>
     <IFR_TAGTYP>E</IFR_TAGTYP>
     <IFR_MAXOCC>1</IFR_MAXOCC>
     <IFR_OPTNL>X</IFR_OPTNL>
     <IFR_XSDTYP>int</IFR_XSDTYP>
     <IFR_SCALE>-2</IFR_SCALE>
     <R3_TYPE>FIEL</R3_TYPE>
     <R3_NAME>SCREEN_CODE</R3_NAME>
     <R3_TEXT>
A simple code to screen possible complex code from users th</R3_TEXT>
     <R3_DATATYP>INT4</R3_DATATYP>
     <R3_SEQNUM>000002</R3_SEQNUM>
    </item>
    <item>
     <OBJECT>TABL</OBJECT>
     <OBJ_NAME>ZDBS_ISBBASE_FAULT_TYPE</OBJ_NAME>
     <OBJECT1>FIEL</OBJECT1>
     <OBJ_NAME1>SIID</OBJ_NAME1>
     <OBJECT2>FIEL</OBJECT2>
     <OBJ_NAME2>SIID</OBJ_NAME2>
     <ID>&lt;element&gt; SIID &lt;type&gt; BaseFaultType http://isbank.com/Technical/EA/Fault/Schema/V1 http://isbank.com/Technical/EA/Fault/Schema/V1</ID>
     <IFR_TYPE>element</IFR_TYPE>
     <IFR_NAME>SIID</IFR_NAME>
     <IFR_TEXT>The unique identifier of the service invocation.</IFR_TEXT>
     <IFR_TAGTYP>E</IFR_TAGTYP>
     <IFR_MAXOCC>1</IFR_MAXOCC>
     <IFR_OPTNL>X</IFR_OPTNL>
     <IFR_XSDTYP>string</IFR_XSDTYP>
     <IFR_SCALE>-2</IFR_SCALE>
     <R3_TYPE>FIEL</R3_TYPE>
     <R3_NAME>SIID</R3_NAME>
     <R3_TEXT>The unique identifier of the service invocation.</R3_TEXT>
     <R3_DATATYP>STRG</R3_DATATYP>
     <R3_SEQNUM>000005</R3_SEQNUM>
    </item>
    <item>
     <OBJECT>TABL</OBJECT>
     <OBJ_NAME>ZDBS_ISBBASE_FAULT_TYPE</OBJ_NAME>
     <OBJECT1>FIEL</OBJECT1>
     <OBJ_NAME1>SOURCE</OBJ_NAME1>
     <OBJECT2>FIEL</OBJECT2>
     <OBJ_NAME2>SOURCE</OBJ_NAME2>
     <ID>&lt;element&gt; source &lt;type&gt; BaseFaultType http://isbank.com/Technical/EA/Fault/Schema/V1 http://isbank.com/Technical/EA/Fault/Schema/V1</ID>
     <IFR_TYPE>element</IFR_TYPE>
     <IFR_NAME>source</IFR_NAME>
     <IFR_TEXT>
The point where exception is actually received for the first time. (ie: esb callling wsrr, esb is a</IFR_TEXT>
     <IFR_TAGTYP>E</IFR_TAGTYP>
     <IFR_MAXOCC>1</IFR_MAXOCC>
     <IFR_OPTNL>X</IFR_OPTNL>
     <IFR_XSDTYP>string</IFR_XSDTYP>
     <IFR_SCALE>-2</IFR_SCALE>
     <R3_TYPE>FIEL</R3_TYPE>
     <R3_NAME>SOURCE</R3_NAME>
     <R3_TEXT>
The point where exception is actually received for the firs</R3_TEXT>
     <R3_DATATYP>STRG</R3_DATATYP>
     <R3_SEQNUM>000007</R3_SEQNUM>
    </item>
    <item>
     <OBJECT>TABL</OBJECT>
     <OBJ_NAME>ZDBS_ISBBASE_FAULT_TYPE</OBJ_NAME>
     <OBJECT1>TABL</OBJECT1>
     <OBJ_NAME1>ZDBS_ISBBASE_FAULT_TYPE</OBJ_NAME1>
     <OBJECT2>TABL</OBJECT2>
     <OBJ_NAME2>ZDBS_ISBBASE_FAULT_TYPE</OBJ_NAME2>
     <ID>&lt;type&gt; BaseFaultType http://isbank.com/Technical/EA/Fault/Schema/V1 http://isbank.com/Technical/EA/Fault/Schema/V1</ID>
     <IFR_TYPE>type</IFR_TYPE>
     <IFR_NAME>BaseFaultType</IFR_NAME>
     <IFR_SCALE>-2</IFR_SCALE>
     <R3_TYPE>TABL</R3_TYPE>
     <R3_NAME>ZDBS_ISBBASE_FAULT_TYPE</R3_NAME>
     <R3_TEXT>Proxy Structure (generated)</R3_TEXT>
     <CATEGORY>ifmtypedef</CATEGORY>
    </item>
   </PROXY_DATA>
  </asx:values>
 </asx:abap>
</abapGit>
