﻿<?xml version="1.0" encoding="utf-8"?>
<abapGit version="v1.0.0" serializer="LCL_OBJECT_SPRX" serializer_version="v1.0.0">
 <asx:abap xmlns:asx="http://www.sap.com/abapxml" version="1.0">
  <asx:values>
   <PROXY_HEADER>
    <item>
     <OBJECT>TABL</OBJECT>
     <OBJ_NAME>ZDBS_ISBINVOICE</OBJ_NAME>
     <OBJECT_M>TABL</OBJECT_M>
     <OBJ_NAME_M>ZDBS_ISBINVOICE</OBJ_NAME_M>
     <HASH_ID>69F7E50F9C18DEC347AF8D6B3DB6D411B1DAD8B0</HASH_ID>
     <ID>&lt;type&gt; Invoice http://isbank.com/OpSvcs/PaymentMgmtProcessing/DDS/Core/Schema/V1 http://isbank.com/OpSvcs/PaymentMgmtProcessing/DDS/Core/Schema/V1</ID>
     <IFR_GLOBAL>X</IFR_GLOBAL>
     <IFR_TYPE>type</IFR_TYPE>
     <IFR_NAME>Invoice</IFR_NAME>
     <IFR_NSPCE>http://isbank.com/OpSvcs/PaymentMgmtProcessing/DDS/Core/Schema/V1</IFR_NSPCE>
     <IFR_GNSPCE>http://isbank.com/OpSvcs/PaymentMgmtProcessing/DDS/Core/Schema/V1</IFR_GNSPCE>
     <GEN_VERS>0005</GEN_VERS>
     <PREFIX>ZDBS_ISB</PREFIX>
     <CATEGORY>ifmtypedef</CATEGORY>
     <GEN_APPL>WEBSERVICES</GEN_APPL>
     <X-ML_NSPCE>http://isbank.com/OpSvcs/PaymentMgmtProcessing/DDS/Core/Schema/V1</X-ML_NSPCE>
     <X-ML_NAME>Invoice</X-ML_NAME>
    </item>
   </PROXY_HEADER>
   <PROXY_DATA>
    <item>
     <OBJECT>TABL</OBJECT>
     <OBJ_NAME>ZDBS_ISBINVOICE</OBJ_NAME>
     <OBJECT1>FIEL</OBJECT1>
     <OBJ_NAME1>COLLECTION_TYPE</OBJ_NAME1>
     <OBJECT2>FIEL</OBJECT2>
     <OBJ_NAME2>COLLECTION_TYPE</OBJ_NAME2>
     <ID>&lt;element&gt; {http://isbank.com/OpSvcs/PaymentMgmtProcessing/DDS/Core/Schema/V1}collectionType &lt;type&gt; Invoice http://isbank.com/OpSvcs/PaymentMgmtProcessing/DDS/Core/Schema/V1 http://isbank.com/OpSvcs/PaymentMgmtProcessing/DDS/Core/Schema/V1</ID>
     <IFR_TYPE>element</IFR_TYPE>
     <IFR_NAME>collectionType</IFR_NAME>
     <IFR_TEXT>Tahsilat türü [ H = Hemen | T = Talimatli ]</IFR_TEXT>
     <IFR_TAGTYP>E</IFR_TAGTYP>
     <IFR_MINOCC>1</IFR_MINOCC>
     <IFR_MAXOCC>1</IFR_MAXOCC>
     <IFR_QUALIF>X</IFR_QUALIF>
     <IFR_XSDTYP>string</IFR_XSDTYP>
     <IFR_SCALE>-2</IFR_SCALE>
     <R3_TYPE>FIEL</R3_TYPE>
     <R3_NAME>COLLECTION_TYPE</R3_NAME>
     <R3_TEXT>Tahsilat türü [ H = Hemen | T = Talimatli ]</R3_TEXT>
     <R3_DATATYP>STRG</R3_DATATYP>
     <R3_SEQNUM>000006</R3_SEQNUM>
    </item>
    <item>
     <OBJECT>TABL</OBJECT>
     <OBJ_NAME>ZDBS_ISBINVOICE</OBJ_NAME>
     <OBJECT1>FIEL</OBJECT1>
     <OBJ_NAME1>CORPORATE_CODE</OBJ_NAME1>
     <OBJECT2>FIEL</OBJECT2>
     <OBJ_NAME2>CORPORATE_CODE</OBJ_NAME2>
     <ID>&lt;element&gt; {http://isbank.com/OpSvcs/PaymentMgmtProcessing/DDS/Core/Schema/V1}corporateCode &lt;type&gt; Invoice http://isbank.com/OpSvcs/PaymentMgmtProcessing/DDS/Core/Schema/V1 http://isbank.com/OpSvcs/PaymentMgmtProcessing/DDS/Core/Schema/V1</ID>
     <IFR_TYPE>element</IFR_TYPE>
     <IFR_NAME>corporateCode</IFR_NAME>
     <IFR_TEXT>Kurum Kodu</IFR_TEXT>
     <IFR_TAGTYP>E</IFR_TAGTYP>
     <IFR_MINOCC>1</IFR_MINOCC>
     <IFR_MAXOCC>1</IFR_MAXOCC>
     <IFR_QUALIF>X</IFR_QUALIF>
     <IFR_XSDTYP>int</IFR_XSDTYP>
     <IFR_SCALE>-2</IFR_SCALE>
     <R3_TYPE>FIEL</R3_TYPE>
     <R3_NAME>CORPORATE_CODE</R3_NAME>
     <R3_TEXT>Kurum Kodu</R3_TEXT>
     <R3_DATATYP>INT4</R3_DATATYP>
     <R3_SEQNUM>000001</R3_SEQNUM>
    </item>
    <item>
     <OBJECT>TABL</OBJECT>
     <OBJ_NAME>ZDBS_ISBINVOICE</OBJ_NAME>
     <OBJECT1>FIEL</OBJECT1>
     <OBJ_NAME1>EXPLANATION</OBJ_NAME1>
     <OBJECT2>FIEL</OBJECT2>
     <OBJ_NAME2>EXPLANATION</OBJ_NAME2>
     <ID>&lt;element&gt; {http://isbank.com/OpSvcs/PaymentMgmtProcessing/DDS/Core/Schema/V1}explanation &lt;type&gt; Invoice http://isbank.com/OpSvcs/PaymentMgmtProcessing/DDS/Core/Schema/V1 http://isbank.com/OpSvcs/PaymentMgmtProcessing/DDS/Core/Schema/V1</ID>
     <IFR_TYPE>element</IFR_TYPE>
     <IFR_NAME>explanation</IFR_NAME>
     <IFR_TEXT>Aciklama</IFR_TEXT>
     <IFR_TAGTYP>E</IFR_TAGTYP>
     <IFR_MAXOCC>1</IFR_MAXOCC>
     <IFR_OPTNL>X</IFR_OPTNL>
     <IFR_QUALIF>X</IFR_QUALIF>
     <IFR_XSDTYP>string</IFR_XSDTYP>
     <IFR_SCALE>-2</IFR_SCALE>
     <R3_TYPE>FIEL</R3_TYPE>
     <R3_NAME>EXPLANATION</R3_NAME>
     <R3_TEXT>Aciklama</R3_TEXT>
     <R3_DATATYP>STRG</R3_DATATYP>
     <R3_SEQNUM>000010</R3_SEQNUM>
    </item>
    <item>
     <OBJECT>TABL</OBJECT>
     <OBJ_NAME>ZDBS_ISBINVOICE</OBJ_NAME>
     <OBJECT1>FIEL</OBJECT1>
     <OBJ_NAME1>EXTENSION</OBJ_NAME1>
     <OBJECT2>FIEL</OBJECT2>
     <OBJ_NAME2>EXTENSION</OBJ_NAME2>
     <OBJECT_R>TABL</OBJECT_R>
     <OBJ_NAME_R>ZDBS_ISBINVOICE_EXTENSION</OBJ_NAME_R>
     <ID>&lt;element&gt; {http://isbank.com/OpSvcs/PaymentMgmtProcessing/DDS/Core/Schema/V1}extension &lt;type&gt; Invoice http://isbank.com/OpSvcs/PaymentMgmtProcessing/DDS/Core/Schema/V1 http://isbank.com/OpSvcs/PaymentMgmtProcessing/DDS/Core/Schema/V1</ID>
     <IFR_TYPE>element</IFR_TYPE>
     <IFR_NAME>extension</IFR_NAME>
     <IFR_TEXT>Genisletilebilirlik icin ayrilmis alan</IFR_TEXT>
     <IFR_TAGTYP>E</IFR_TAGTYP>
     <IFR_MAXOCC>1</IFR_MAXOCC>
     <IFR_OPTNL>X</IFR_OPTNL>
     <IFR_QUALIF>X</IFR_QUALIF>
     <IFR_SCALE>-2</IFR_SCALE>
     <R3_TYPE>FIEL</R3_TYPE>
     <R3_NAME>EXTENSION</R3_NAME>
     <R3_TEXT>Genisletilebilirlik icin ayrilmis alan</R3_TEXT>
     <R3_SEQNUM>000011</R3_SEQNUM>
    </item>
    <item>
     <OBJECT>TABL</OBJECT>
     <OBJ_NAME>ZDBS_ISBINVOICE</OBJ_NAME>
     <OBJECT1>FIEL</OBJECT1>
     <OBJ_NAME1>EXTERNAL_REFERENCE</OBJ_NAME1>
     <OBJECT2>FIEL</OBJECT2>
     <OBJ_NAME2>EXTERNAL_REFERENCE</OBJ_NAME2>
     <ID>&lt;element&gt; {http://isbank.com/OpSvcs/PaymentMgmtProcessing/DDS/Core/Schema/V1}externalReference &lt;type&gt; Invoice http://isbank.com/OpSvcs/PaymentMgmtProcessing/DDS/Core/Schema/V1 http://isbank.com/OpSvcs/PaymentMgmtProcessing/DDS/Core/Schema/V1</ID>
     <IFR_TYPE>element</IFR_TYPE>
     <IFR_NAME>externalReference</IFR_NAME>
     <IFR_TEXT>Kurum referans bilgisi</IFR_TEXT>
     <IFR_TAGTYP>E</IFR_TAGTYP>
     <IFR_MAXOCC>1</IFR_MAXOCC>
     <IFR_OPTNL>X</IFR_OPTNL>
     <IFR_QUALIF>X</IFR_QUALIF>
     <IFR_XSDTYP>string</IFR_XSDTYP>
     <IFR_SCALE>-2</IFR_SCALE>
     <R3_TYPE>FIEL</R3_TYPE>
     <R3_NAME>EXTERNAL_REFERENCE</R3_NAME>
     <R3_TEXT>Kurum referans bilgisi</R3_TEXT>
     <R3_DATATYP>STRG</R3_DATATYP>
     <R3_SEQNUM>000009</R3_SEQNUM>
    </item>
    <item>
     <OBJECT>TABL</OBJECT>
     <OBJ_NAME>ZDBS_ISBINVOICE</OBJ_NAME>
     <OBJECT1>FIEL</OBJECT1>
     <OBJ_NAME1>INVOICE_AMOUNT</OBJ_NAME1>
     <OBJECT2>FIEL</OBJECT2>
     <OBJ_NAME2>INVOICE_AMOUNT</OBJ_NAME2>
     <OBJECT_R>TABL</OBJECT_R>
     <OBJ_NAME_R>ZDBS_ISBAMOUNT</OBJ_NAME_R>
     <ID>&lt;element&gt; {http://isbank.com/OpSvcs/PaymentMgmtProcessing/DDS/Core/Schema/V1}invoiceAmount &lt;type&gt; Invoice http://isbank.com/OpSvcs/PaymentMgmtProcessing/DDS/Core/Schema/V1 http://isbank.com/OpSvcs/PaymentMgmtProcessing/DDS/Core/Schema/V1</ID>
     <IFR_TYPE>element</IFR_TYPE>
     <IFR_NAME>invoiceAmount</IFR_NAME>
     <IFR_TEXT>Fatura tutari</IFR_TEXT>
     <IFR_TAGTYP>E</IFR_TAGTYP>
     <IFR_MINOCC>1</IFR_MINOCC>
     <IFR_MAXOCC>1</IFR_MAXOCC>
     <IFR_QUALIF>X</IFR_QUALIF>
     <IFR_SCALE>-2</IFR_SCALE>
     <R3_TYPE>FIEL</R3_TYPE>
     <R3_NAME>INVOICE_AMOUNT</R3_NAME>
     <R3_TEXT>Fatura tutari</R3_TEXT>
     <R3_SEQNUM>000005</R3_SEQNUM>
    </item>
    <item>
     <OBJECT>TABL</OBJECT>
     <OBJ_NAME>ZDBS_ISBINVOICE</OBJ_NAME>
     <OBJECT1>FIEL</OBJECT1>
     <OBJ_NAME1>INVOICE_AMOUNT_NONDISCOUNT</OBJ_NAME1>
     <OBJECT2>FIEL</OBJECT2>
     <OBJ_NAME2>INVOICE_AMOUNT_NONDISCOUNT</OBJ_NAME2>
     <OBJECT_R>TABL</OBJECT_R>
     <OBJ_NAME_R>ZDBS_ISBAMOUNT</OBJ_NAME_R>
     <ID>&lt;element&gt; {http://isbank.com/OpSvcs/PaymentMgmtProcessing/DDS/Core/Schema/V1}invoiceAmountNondiscount &lt;type&gt; Invoice http://isbank.com/OpSvcs/PaymentMgmtProcessing/DDS/Core/Schema/V1 http://isbank.com/OpSvcs/PaymentMgmtProcessing/DDS/Core/Schema/V1</ID>
     <IFR_TYPE>element</IFR_TYPE>
     <IFR_NAME>invoiceAmountNondiscount</IFR_NAME>
     <IFR_TAGTYP>E</IFR_TAGTYP>
     <IFR_MAXOCC>1</IFR_MAXOCC>
     <IFR_OPTNL>X</IFR_OPTNL>
     <IFR_QUALIF>X</IFR_QUALIF>
     <IFR_SCALE>-2</IFR_SCALE>
     <R3_TYPE>FIEL</R3_TYPE>
     <R3_NAME>INVOICE_AMOUNT_NONDISCOUNT</R3_NAME>
     <R3_SEQNUM>000012</R3_SEQNUM>
    </item>
    <item>
     <OBJECT>TABL</OBJECT>
     <OBJ_NAME>ZDBS_ISBINVOICE</OBJ_NAME>
     <OBJECT1>FIEL</OBJECT1>
     <OBJ_NAME1>INVOICE_DATE</OBJ_NAME1>
     <OBJECT2>FIEL</OBJECT2>
     <OBJ_NAME2>INVOICE_DATE</OBJ_NAME2>
     <ID>&lt;element&gt; {http://isbank.com/OpSvcs/PaymentMgmtProcessing/DDS/Core/Schema/V1}invoiceDate &lt;type&gt; Invoice http://isbank.com/OpSvcs/PaymentMgmtProcessing/DDS/Core/Schema/V1 http://isbank.com/OpSvcs/PaymentMgmtProcessing/DDS/Core/Schema/V1</ID>
     <IFR_TYPE>element</IFR_TYPE>
     <IFR_NAME>invoiceDate</IFR_NAME>
     <IFR_TEXT>Fatura kesme tarihi</IFR_TEXT>
     <IFR_TAGTYP>E</IFR_TAGTYP>
     <IFR_MAXOCC>1</IFR_MAXOCC>
     <IFR_OPTNL>X</IFR_OPTNL>
     <IFR_QUALIF>X</IFR_QUALIF>
     <IFR_XSDTYP>date</IFR_XSDTYP>
     <IFR_SCALE>-2</IFR_SCALE>
     <R3_TYPE>FIEL</R3_TYPE>
     <R3_NAME>INVOICE_DATE</R3_NAME>
     <R3_TEXT>Fatura kesme tarihi</R3_TEXT>
     <R3_DTREF>XSDDATE_D</R3_DTREF>
     <R3_SEQNUM>000007</R3_SEQNUM>
    </item>
    <item>
     <OBJECT>TABL</OBJECT>
     <OBJ_NAME>ZDBS_ISBINVOICE</OBJ_NAME>
     <OBJECT1>FIEL</OBJECT1>
     <OBJ_NAME1>INVOICE_NUMBER</OBJ_NAME1>
     <OBJECT2>FIEL</OBJECT2>
     <OBJ_NAME2>INVOICE_NUMBER</OBJ_NAME2>
     <ID>&lt;element&gt; {http://isbank.com/OpSvcs/PaymentMgmtProcessing/DDS/Core/Schema/V1}invoiceNumber &lt;type&gt; Invoice http://isbank.com/OpSvcs/PaymentMgmtProcessing/DDS/Core/Schema/V1 http://isbank.com/OpSvcs/PaymentMgmtProcessing/DDS/Core/Schema/V1</ID>
     <IFR_TYPE>element</IFR_TYPE>
     <IFR_NAME>invoiceNumber</IFR_NAME>
     <IFR_TEXT>Fatura Numarasi</IFR_TEXT>
     <IFR_TAGTYP>E</IFR_TAGTYP>
     <IFR_MINOCC>1</IFR_MINOCC>
     <IFR_MAXOCC>1</IFR_MAXOCC>
     <IFR_QUALIF>X</IFR_QUALIF>
     <IFR_XSDTYP>string</IFR_XSDTYP>
     <IFR_SCALE>-2</IFR_SCALE>
     <R3_TYPE>FIEL</R3_TYPE>
     <R3_NAME>INVOICE_NUMBER</R3_NAME>
     <R3_TEXT>Fatura Numarasi</R3_TEXT>
     <R3_DATATYP>STRG</R3_DATATYP>
     <R3_SEQNUM>000003</R3_SEQNUM>
    </item>
    <item>
     <OBJECT>TABL</OBJECT>
     <OBJ_NAME>ZDBS_ISBINVOICE</OBJ_NAME>
     <OBJECT1>FIEL</OBJECT1>
     <OBJ_NAME1>INVOICE_TYPE</OBJ_NAME1>
     <OBJECT2>FIEL</OBJECT2>
     <OBJ_NAME2>INVOICE_TYPE</OBJ_NAME2>
     <ID>&lt;element&gt; {http://isbank.com/OpSvcs/PaymentMgmtProcessing/DDS/Core/Schema/V1}invoiceType &lt;type&gt; Invoice http://isbank.com/OpSvcs/PaymentMgmtProcessing/DDS/Core/Schema/V1 http://isbank.com/OpSvcs/PaymentMgmtProcessing/DDS/Core/Schema/V1</ID>
     <IFR_TYPE>element</IFR_TYPE>
     <IFR_NAME>invoiceType</IFR_NAME>
     <IFR_TEXT>Fatura türü</IFR_TEXT>
     <IFR_TAGTYP>E</IFR_TAGTYP>
     <IFR_MAXOCC>1</IFR_MAXOCC>
     <IFR_OPTNL>X</IFR_OPTNL>
     <IFR_QUALIF>X</IFR_QUALIF>
     <IFR_XSDTYP>string</IFR_XSDTYP>
     <IFR_SCALE>-2</IFR_SCALE>
     <R3_TYPE>FIEL</R3_TYPE>
     <R3_NAME>INVOICE_TYPE</R3_NAME>
     <R3_TEXT>Fatura türü</R3_TEXT>
     <R3_DATATYP>STRG</R3_DATATYP>
     <R3_SEQNUM>000008</R3_SEQNUM>
    </item>
    <item>
     <OBJECT>TABL</OBJECT>
     <OBJ_NAME>ZDBS_ISBINVOICE</OBJ_NAME>
     <OBJECT1>FIEL</OBJECT1>
     <OBJ_NAME1>LAST_PAYMENT_DATE</OBJ_NAME1>
     <OBJECT2>FIEL</OBJECT2>
     <OBJ_NAME2>LAST_PAYMENT_DATE</OBJ_NAME2>
     <ID>&lt;element&gt; {http://isbank.com/OpSvcs/PaymentMgmtProcessing/DDS/Core/Schema/V1}lastPaymentDate &lt;type&gt; Invoice http://isbank.com/OpSvcs/PaymentMgmtProcessing/DDS/Core/Schema/V1 http://isbank.com/OpSvcs/PaymentMgmtProcessing/DDS/Core/Schema/V1</ID>
     <IFR_TYPE>element</IFR_TYPE>
     <IFR_NAME>lastPaymentDate</IFR_NAME>
     <IFR_TEXT>Fatura son ödeme tarihi</IFR_TEXT>
     <IFR_TAGTYP>E</IFR_TAGTYP>
     <IFR_MINOCC>1</IFR_MINOCC>
     <IFR_MAXOCC>1</IFR_MAXOCC>
     <IFR_QUALIF>X</IFR_QUALIF>
     <IFR_XSDTYP>date</IFR_XSDTYP>
     <IFR_SCALE>-2</IFR_SCALE>
     <R3_TYPE>FIEL</R3_TYPE>
     <R3_NAME>LAST_PAYMENT_DATE</R3_NAME>
     <R3_TEXT>Fatura son ödeme tarihi</R3_TEXT>
     <R3_DTREF>XSDDATE_D</R3_DTREF>
     <R3_SEQNUM>000004</R3_SEQNUM>
    </item>
    <item>
     <OBJECT>TABL</OBJECT>
     <OBJ_NAME>ZDBS_ISBINVOICE</OBJ_NAME>
     <OBJECT1>FIEL</OBJECT1>
     <OBJ_NAME1>SUBSCRIBER_CODE</OBJ_NAME1>
     <OBJECT2>FIEL</OBJECT2>
     <OBJ_NAME2>SUBSCRIBER_CODE</OBJ_NAME2>
     <ID>&lt;element&gt; {http://isbank.com/OpSvcs/PaymentMgmtProcessing/DDS/Core/Schema/V1}subscriberCode &lt;type&gt; Invoice http://isbank.com/OpSvcs/PaymentMgmtProcessing/DDS/Core/Schema/V1 http://isbank.com/OpSvcs/PaymentMgmtProcessing/DDS/Core/Schema/V1</ID>
     <IFR_TYPE>element</IFR_TYPE>
     <IFR_NAME>subscriberCode</IFR_NAME>
     <IFR_TEXT>Abone Kodu</IFR_TEXT>
     <IFR_TAGTYP>E</IFR_TAGTYP>
     <IFR_MINOCC>1</IFR_MINOCC>
     <IFR_MAXOCC>1</IFR_MAXOCC>
     <IFR_QUALIF>X</IFR_QUALIF>
     <IFR_XSDTYP>string</IFR_XSDTYP>
     <IFR_SCALE>-2</IFR_SCALE>
     <R3_TYPE>FIEL</R3_TYPE>
     <R3_NAME>SUBSCRIBER_CODE</R3_NAME>
     <R3_TEXT>Abone Kodu</R3_TEXT>
     <R3_DATATYP>STRG</R3_DATATYP>
     <R3_SEQNUM>000002</R3_SEQNUM>
    </item>
    <item>
     <OBJECT>TABL</OBJECT>
     <OBJ_NAME>ZDBS_ISBINVOICE</OBJ_NAME>
     <OBJECT1>TABL</OBJECT1>
     <OBJ_NAME1>ZDBS_ISBINVOICE</OBJ_NAME1>
     <OBJECT2>TABL</OBJECT2>
     <OBJ_NAME2>ZDBS_ISBINVOICE</OBJ_NAME2>
     <ID>&lt;type&gt; Invoice http://isbank.com/OpSvcs/PaymentMgmtProcessing/DDS/Core/Schema/V1 http://isbank.com/OpSvcs/PaymentMgmtProcessing/DDS/Core/Schema/V1</ID>
     <IFR_TYPE>type</IFR_TYPE>
     <IFR_NAME>Invoice</IFR_NAME>
     <IFR_TEXT>Fatura Nesnesi</IFR_TEXT>
     <IFR_SCALE>-2</IFR_SCALE>
     <R3_TYPE>TABL</R3_TYPE>
     <R3_NAME>ZDBS_ISBINVOICE</R3_NAME>
     <R3_TEXT>Fatura Nesnesi</R3_TEXT>
     <CATEGORY>ifmtypedef</CATEGORY>
    </item>
   </PROXY_DATA>
  </asx:values>
 </asx:abap>
</abapGit>
