﻿<?xml version="1.0" encoding="utf-8"?>
<abapGit version="v1.0.0" serializer="LCL_OBJECT_SPRX" serializer_version="v1.0.0">
 <asx:abap xmlns:asx="http://www.sap.com/abapxml" version="1.0">
  <asx:values>
   <PROXY_HEADER>
    <item>
     <OBJECT>TABL</OBJECT>
     <OBJ_NAME>ZDBS_AKBGUNLUK_TAHSILAT_SORGU1</OBJ_NAME>
     <OBJECT_M>TABL</OBJECT_M>
     <OBJ_NAME_M>ZDBS_AKBGUNLUK_TAHSILAT_SORGU1</OBJ_NAME_M>
     <HASH_ID>613AD2A3A81F20875E6A5A5780A09C2059B7E30E</HASH_ID>
     <ID>&lt;message&gt; GunlukTahsilatSorgulaSoapIn http://akbank.onlineBTS.org http://akbank.onlineBTS.org</ID>
     <IFR_GLOBAL>X</IFR_GLOBAL>
     <IFR_TYPE>message</IFR_TYPE>
     <IFR_NAME>GunlukTahsilatSorgulaSoapIn</IFR_NAME>
     <IFR_NSPCE>http://akbank.onlineBTS.org</IFR_NSPCE>
     <IFR_GNSPCE>http://akbank.onlineBTS.org</IFR_GNSPCE>
     <GEN_VERS>0006</GEN_VERS>
     <PREFIX>ZDBS_AKB</PREFIX>
     <CATEGORY>ifmmessage</CATEGORY>
     <GEN_APPL>WEBSERVICES</GEN_APPL>
     <X-ML_NSPCE>http://akbank.onlineBTS.org</X-ML_NSPCE>
     <X-ML_NAME>GunlukTahsilatSorgula</X-ML_NAME>
    </item>
   </PROXY_HEADER>
   <PROXY_DATA>
    <item>
     <OBJECT>TABL</OBJECT>
     <OBJ_NAME>ZDBS_AKBGUNLUK_TAHSILAT_SORGU1</OBJ_NAME>
     <OBJECT1>FIEL</OBJECT1>
     <OBJ_NAME1>QUERY_PARAMS</OBJ_NAME1>
     <OBJECT2>FIEL</OBJECT2>
     <OBJ_NAME2>QUERY_PARAMS</OBJ_NAME2>
     <OBJECT_R>TABL</OBJECT_R>
     <OBJ_NAME_R>ZDBS_AKBSGUNLUK_TAHSILAT_SORG1</OBJ_NAME_R>
     <ID>&lt;element&gt; {http://akbank.onlineBTS.org}queryParams &lt;message&gt; GunlukTahsilatSorgulaSoapIn http://akbank.onlineBTS.org http://akbank.onlineBTS.org</ID>
     <IFR_TYPE>element</IFR_TYPE>
     <IFR_NAME>queryParams</IFR_NAME>
     <IFR_TAGTYP>E</IFR_TAGTYP>
     <IFR_MINOCC>1</IFR_MINOCC>
     <IFR_MAXOCC>1</IFR_MAXOCC>
     <IFR_QUALIF>X</IFR_QUALIF>
     <IFR_SCALE>-2</IFR_SCALE>
     <R3_TYPE>FIEL</R3_TYPE>
     <R3_NAME>QUERY_PARAMS</R3_NAME>
     <R3_SEQNUM>000001</R3_SEQNUM>
    </item>
    <item>
     <OBJECT>TABL</OBJECT>
     <OBJ_NAME>ZDBS_AKBGUNLUK_TAHSILAT_SORGU1</OBJ_NAME>
     <OBJECT1>TABL</OBJECT1>
     <OBJ_NAME1>ZDBS_AKBGUNLUK_TAHSILAT_SORGU1</OBJ_NAME1>
     <OBJECT2>TABL</OBJECT2>
     <OBJ_NAME2>ZDBS_AKBGUNLUK_TAHSILAT_SORGU1</OBJ_NAME2>
     <ID>&lt;message&gt; GunlukTahsilatSorgulaSoapIn http://akbank.onlineBTS.org http://akbank.onlineBTS.org</ID>
     <IFR_TYPE>message</IFR_TYPE>
     <IFR_NAME>GunlukTahsilatSorgulaSoapIn</IFR_NAME>
     <IFR_SCALE>-2</IFR_SCALE>
     <R3_TYPE>TABL</R3_TYPE>
     <R3_NAME>ZDBS_AKBGUNLUK_TAHSILAT_SORGU1</R3_NAME>
     <R3_TEXT>Proxy Structure (generated)</R3_TEXT>
     <CATEGORY>ifmmessage</CATEGORY>
    </item>
   </PROXY_DATA>
  </asx:values>
 </asx:abap>
</abapGit>
