﻿<?xml version="1.0" encoding="utf-8"?>
<abapGit version="v1.0.0" serializer="LCL_OBJECT_SPRX" serializer_version="v1.0.0">
 <asx:abap xmlns:asx="http://www.sap.com/abapxml" version="1.0">
  <asx:values>
   <PROXY_HEADER>
    <item>
     <OBJECT>TABL</OBJECT>
     <OBJ_NAME>ZDBS_QNBLIMIT_SONUC</OBJ_NAME>
     <OBJECT_M>TABL</OBJECT_M>
     <OBJ_NAME_M>ZDBS_QNBLIMIT_SONUC</OBJ_NAME_M>
     <HASH_ID>A686222A226A6148F28C35B6BDAEC18D5F60DBCC</HASH_ID>
     <ID>&lt;type&gt; LimitSonuc http://limitsorgula.model.standartimpltype2.driver.maestro.ibtech.com/xsd http://limitsorgula.model.standartimpltype2.driver.maestro.ibtech.com/xsd</ID>
     <IFR_GLOBAL>X</IFR_GLOBAL>
     <IFR_TYPE>type</IFR_TYPE>
     <IFR_NAME>LimitSonuc</IFR_NAME>
     <IFR_NSPCE>http://limitsorgula.model.standartimpltype2.driver.maestro.ibtech.com/xsd</IFR_NSPCE>
     <IFR_GNSPCE>http://limitsorgula.model.standartimpltype2.driver.maestro.ibtech.com/xsd</IFR_GNSPCE>
     <GEN_VERS>0005</GEN_VERS>
     <PREFIX>ZDBS_QNB</PREFIX>
     <CATEGORY>ifmtypedef</CATEGORY>
     <GEN_APPL>WEBSERVICES</GEN_APPL>
     <X-ML_NSPCE>http://limitsorgula.model.standartimpltype2.driver.maestro.ibtech.com/xsd</X-ML_NSPCE>
     <X-ML_NAME>LimitSonuc</X-ML_NAME>
    </item>
   </PROXY_HEADER>
   <PROXY_DATA>
    <item>
     <OBJECT>TABL</OBJECT>
     <OBJ_NAME>ZDBS_QNBLIMIT_SONUC</OBJ_NAME>
     <OBJECT1>FIEL</OBJECT1>
     <OBJ_NAME1>BAYI_LIMITLIMI</OBJ_NAME1>
     <OBJECT2>FIEL</OBJECT2>
     <OBJ_NAME2>BAYI_LIMITLIMI</OBJ_NAME2>
     <ID>&lt;element&gt; bayiLimitlimi &lt;type&gt; LimitSonuc http://limitsorgula.model.standartimpltype2.driver.maestro.ibtech.com/xsd http://limitsorgula.model.standartimpltype2.driver.maestro.ibtech.com/xsd</ID>
     <IFR_TYPE>element</IFR_TYPE>
     <IFR_NAME>bayiLimitlimi</IFR_NAME>
     <IFR_TAGTYP>E</IFR_TAGTYP>
     <IFR_MAXOCC>1</IFR_MAXOCC>
     <IFR_OPTNL>X</IFR_OPTNL>
     <IFR_XSDTYP>boolean</IFR_XSDTYP>
     <IFR_SCALE>-2</IFR_SCALE>
     <R3_TYPE>FIEL</R3_TYPE>
     <R3_NAME>BAYI_LIMITLIMI</R3_NAME>
     <R3_DTREF>XSDBOOLEAN</R3_DTREF>
     <R3_SEQNUM>000001</R3_SEQNUM>
    </item>
    <item>
     <OBJECT>TABL</OBJECT>
     <OBJ_NAME>ZDBS_QNBLIMIT_SONUC</OBJ_NAME>
     <OBJECT1>FIEL</OBJECT1>
     <OBJ_NAME1>BAYI_REFERANS</OBJ_NAME1>
     <OBJECT2>FIEL</OBJECT2>
     <OBJ_NAME2>BAYI_REFERANS</OBJ_NAME2>
     <ID>&lt;element&gt; bayiReferans &lt;type&gt; LimitSonuc http://limitsorgula.model.standartimpltype2.driver.maestro.ibtech.com/xsd http://limitsorgula.model.standartimpltype2.driver.maestro.ibtech.com/xsd</ID>
     <IFR_TYPE>element</IFR_TYPE>
     <IFR_NAME>bayiReferans</IFR_NAME>
     <IFR_TAGTYP>E</IFR_TAGTYP>
     <IFR_MAXOCC>1</IFR_MAXOCC>
     <IFR_OPTNL>X</IFR_OPTNL>
     <IFR_XSDTYP>string</IFR_XSDTYP>
     <IFR_NILLABLE>X</IFR_NILLABLE>
     <IFR_SCALE>-2</IFR_SCALE>
     <R3_TYPE>FIEL</R3_TYPE>
     <R3_NAME>BAYI_REFERANS</R3_NAME>
     <R3_DATATYP>STRG</R3_DATATYP>
     <R3_SEQNUM>000002</R3_SEQNUM>
    </item>
    <item>
     <OBJECT>TABL</OBJECT>
     <OBJ_NAME>ZDBS_QNBLIMIT_SONUC</OBJ_NAME>
     <OBJECT1>FIEL</OBJECT1>
     <OBJ_NAME1>BAYI_SUBE_KODU</OBJ_NAME1>
     <OBJECT2>FIEL</OBJECT2>
     <OBJ_NAME2>BAYI_SUBE_KODU</OBJ_NAME2>
     <ID>&lt;element&gt; bayiSubeKodu &lt;type&gt; LimitSonuc http://limitsorgula.model.standartimpltype2.driver.maestro.ibtech.com/xsd http://limitsorgula.model.standartimpltype2.driver.maestro.ibtech.com/xsd</ID>
     <IFR_TYPE>element</IFR_TYPE>
     <IFR_NAME>bayiSubeKodu</IFR_NAME>
     <IFR_TAGTYP>E</IFR_TAGTYP>
     <IFR_MAXOCC>1</IFR_MAXOCC>
     <IFR_OPTNL>X</IFR_OPTNL>
     <IFR_XSDTYP>string</IFR_XSDTYP>
     <IFR_NILLABLE>X</IFR_NILLABLE>
     <IFR_SCALE>-2</IFR_SCALE>
     <R3_TYPE>FIEL</R3_TYPE>
     <R3_NAME>BAYI_SUBE_KODU</R3_NAME>
     <R3_DATATYP>STRG</R3_DATATYP>
     <R3_SEQNUM>000003</R3_SEQNUM>
    </item>
    <item>
     <OBJECT>TABL</OBJECT>
     <OBJ_NAME>ZDBS_QNBLIMIT_SONUC</OBJ_NAME>
     <OBJECT1>FIEL</OBJECT1>
     <OBJ_NAME1>BAYI_UNVANI</OBJ_NAME1>
     <OBJECT2>FIEL</OBJECT2>
     <OBJ_NAME2>BAYI_UNVANI</OBJ_NAME2>
     <ID>&lt;element&gt; bayiUnvani &lt;type&gt; LimitSonuc http://limitsorgula.model.standartimpltype2.driver.maestro.ibtech.com/xsd http://limitsorgula.model.standartimpltype2.driver.maestro.ibtech.com/xsd</ID>
     <IFR_TYPE>element</IFR_TYPE>
     <IFR_NAME>bayiUnvani</IFR_NAME>
     <IFR_TAGTYP>E</IFR_TAGTYP>
     <IFR_MAXOCC>1</IFR_MAXOCC>
     <IFR_OPTNL>X</IFR_OPTNL>
     <IFR_XSDTYP>string</IFR_XSDTYP>
     <IFR_NILLABLE>X</IFR_NILLABLE>
     <IFR_SCALE>-2</IFR_SCALE>
     <R3_TYPE>FIEL</R3_TYPE>
     <R3_NAME>BAYI_UNVANI</R3_NAME>
     <R3_DATATYP>STRG</R3_DATATYP>
     <R3_SEQNUM>000004</R3_SEQNUM>
    </item>
    <item>
     <OBJECT>TABL</OBJECT>
     <OBJ_NAME>ZDBS_QNBLIMIT_SONUC</OBJ_NAME>
     <OBJECT1>FIEL</OBJECT1>
     <OBJ_NAME1>BLOKAJSIZ_GAYRI_NAKDI_RISK</OBJ_NAME1>
     <OBJECT2>FIEL</OBJECT2>
     <OBJ_NAME2>BLOKAJSIZ_GAYRI_NAKDI_RISK</OBJ_NAME2>
     <ID>&lt;element&gt; blokajsizGayriNakdiRisk &lt;type&gt; LimitSonuc http://limitsorgula.model.standartimpltype2.driver.maestro.ibtech.com/xsd http://limitsorgula.model.standartimpltype2.driver.maestro.ibtech.com/xsd</ID>
     <IFR_TYPE>element</IFR_TYPE>
     <IFR_NAME>blokajsizGayriNakdiRisk</IFR_NAME>
     <IFR_TAGTYP>E</IFR_TAGTYP>
     <IFR_MAXOCC>1</IFR_MAXOCC>
     <IFR_OPTNL>X</IFR_OPTNL>
     <IFR_XSDTYP>decimal</IFR_XSDTYP>
     <IFR_NILLABLE>X</IFR_NILLABLE>
     <IFR_SCALE>-2</IFR_SCALE>
     <R3_TYPE>FIEL</R3_TYPE>
     <R3_NAME>BLOKAJSIZ_GAYRI_NAKDI_RISK</R3_NAME>
     <R3_DATATYP>STRG</R3_DATATYP>
     <R3_SEQNUM>000006</R3_SEQNUM>
    </item>
    <item>
     <OBJECT>TABL</OBJECT>
     <OBJ_NAME>ZDBS_QNBLIMIT_SONUC</OBJ_NAME>
     <OBJECT1>FIEL</OBJECT1>
     <OBJ_NAME1>BLOKAJ_TUTARI</OBJ_NAME1>
     <OBJECT2>FIEL</OBJECT2>
     <OBJ_NAME2>BLOKAJ_TUTARI</OBJ_NAME2>
     <ID>&lt;element&gt; blokajTutari &lt;type&gt; LimitSonuc http://limitsorgula.model.standartimpltype2.driver.maestro.ibtech.com/xsd http://limitsorgula.model.standartimpltype2.driver.maestro.ibtech.com/xsd</ID>
     <IFR_TYPE>element</IFR_TYPE>
     <IFR_NAME>blokajTutari</IFR_NAME>
     <IFR_TAGTYP>E</IFR_TAGTYP>
     <IFR_MAXOCC>1</IFR_MAXOCC>
     <IFR_OPTNL>X</IFR_OPTNL>
     <IFR_XSDTYP>decimal</IFR_XSDTYP>
     <IFR_NILLABLE>X</IFR_NILLABLE>
     <IFR_SCALE>-2</IFR_SCALE>
     <R3_TYPE>FIEL</R3_TYPE>
     <R3_NAME>BLOKAJ_TUTARI</R3_NAME>
     <R3_DATATYP>STRG</R3_DATATYP>
     <R3_SEQNUM>000005</R3_SEQNUM>
    </item>
    <item>
     <OBJECT>TABL</OBJECT>
     <OBJ_NAME>ZDBS_QNBLIMIT_SONUC</OBJ_NAME>
     <OBJECT1>FIEL</OBJECT1>
     <OBJ_NAME1>GARANTI_DISI_TUTAR</OBJ_NAME1>
     <OBJECT2>FIEL</OBJECT2>
     <OBJ_NAME2>GARANTI_DISI_TUTAR</OBJ_NAME2>
     <ID>&lt;element&gt; garantiDisiTutar &lt;type&gt; LimitSonuc http://limitsorgula.model.standartimpltype2.driver.maestro.ibtech.com/xsd http://limitsorgula.model.standartimpltype2.driver.maestro.ibtech.com/xsd</ID>
     <IFR_TYPE>element</IFR_TYPE>
     <IFR_NAME>garantiDisiTutar</IFR_NAME>
     <IFR_TAGTYP>E</IFR_TAGTYP>
     <IFR_MAXOCC>1</IFR_MAXOCC>
     <IFR_OPTNL>X</IFR_OPTNL>
     <IFR_XSDTYP>decimal</IFR_XSDTYP>
     <IFR_NILLABLE>X</IFR_NILLABLE>
     <IFR_SCALE>-2</IFR_SCALE>
     <R3_TYPE>FIEL</R3_TYPE>
     <R3_NAME>GARANTI_DISI_TUTAR</R3_NAME>
     <R3_DATATYP>STRG</R3_DATATYP>
     <R3_SEQNUM>000007</R3_SEQNUM>
    </item>
    <item>
     <OBJECT>TABL</OBJECT>
     <OBJ_NAME>ZDBS_QNBLIMIT_SONUC</OBJ_NAME>
     <OBJECT1>FIEL</OBJECT1>
     <OBJ_NAME1>GARANTI_ICI_TUTAR</OBJ_NAME1>
     <OBJECT2>FIEL</OBJECT2>
     <OBJ_NAME2>GARANTI_ICI_TUTAR</OBJ_NAME2>
     <ID>&lt;element&gt; garantiIciTutar &lt;type&gt; LimitSonuc http://limitsorgula.model.standartimpltype2.driver.maestro.ibtech.com/xsd http://limitsorgula.model.standartimpltype2.driver.maestro.ibtech.com/xsd</ID>
     <IFR_TYPE>element</IFR_TYPE>
     <IFR_NAME>garantiIciTutar</IFR_NAME>
     <IFR_TAGTYP>E</IFR_TAGTYP>
     <IFR_MAXOCC>1</IFR_MAXOCC>
     <IFR_OPTNL>X</IFR_OPTNL>
     <IFR_XSDTYP>decimal</IFR_XSDTYP>
     <IFR_NILLABLE>X</IFR_NILLABLE>
     <IFR_SCALE>-2</IFR_SCALE>
     <R3_TYPE>FIEL</R3_TYPE>
     <R3_NAME>GARANTI_ICI_TUTAR</R3_NAME>
     <R3_DATATYP>STRG</R3_DATATYP>
     <R3_SEQNUM>000008</R3_SEQNUM>
    </item>
    <item>
     <OBJECT>TABL</OBJECT>
     <OBJ_NAME>ZDBS_QNBLIMIT_SONUC</OBJ_NAME>
     <OBJECT1>FIEL</OBJECT1>
     <OBJ_NAME1>GAYRI_NAKDI_RISK</OBJ_NAME1>
     <OBJECT2>FIEL</OBJECT2>
     <OBJ_NAME2>GAYRI_NAKDI_RISK</OBJ_NAME2>
     <ID>&lt;element&gt; gayriNakdiRisk &lt;type&gt; LimitSonuc http://limitsorgula.model.standartimpltype2.driver.maestro.ibtech.com/xsd http://limitsorgula.model.standartimpltype2.driver.maestro.ibtech.com/xsd</ID>
     <IFR_TYPE>element</IFR_TYPE>
     <IFR_NAME>gayriNakdiRisk</IFR_NAME>
     <IFR_TAGTYP>E</IFR_TAGTYP>
     <IFR_MAXOCC>1</IFR_MAXOCC>
     <IFR_OPTNL>X</IFR_OPTNL>
     <IFR_XSDTYP>decimal</IFR_XSDTYP>
     <IFR_NILLABLE>X</IFR_NILLABLE>
     <IFR_SCALE>-2</IFR_SCALE>
     <R3_TYPE>FIEL</R3_TYPE>
     <R3_NAME>GAYRI_NAKDI_RISK</R3_NAME>
     <R3_DATATYP>STRG</R3_DATATYP>
     <R3_SEQNUM>000009</R3_SEQNUM>
    </item>
    <item>
     <OBJECT>TABL</OBJECT>
     <OBJ_NAME>ZDBS_QNBLIMIT_SONUC</OBJ_NAME>
     <OBJECT1>FIEL</OBJECT1>
     <OBJ_NAME1>HESAP_BAKIYE</OBJ_NAME1>
     <OBJECT2>FIEL</OBJECT2>
     <OBJ_NAME2>HESAP_BAKIYE</OBJ_NAME2>
     <ID>&lt;element&gt; hesapBakiye &lt;type&gt; LimitSonuc http://limitsorgula.model.standartimpltype2.driver.maestro.ibtech.com/xsd http://limitsorgula.model.standartimpltype2.driver.maestro.ibtech.com/xsd</ID>
     <IFR_TYPE>element</IFR_TYPE>
     <IFR_NAME>hesapBakiye</IFR_NAME>
     <IFR_TAGTYP>E</IFR_TAGTYP>
     <IFR_MAXOCC>1</IFR_MAXOCC>
     <IFR_OPTNL>X</IFR_OPTNL>
     <IFR_XSDTYP>decimal</IFR_XSDTYP>
     <IFR_NILLABLE>X</IFR_NILLABLE>
     <IFR_SCALE>-2</IFR_SCALE>
     <R3_TYPE>FIEL</R3_TYPE>
     <R3_NAME>HESAP_BAKIYE</R3_NAME>
     <R3_DATATYP>STRG</R3_DATATYP>
     <R3_SEQNUM>000010</R3_SEQNUM>
    </item>
    <item>
     <OBJECT>TABL</OBJECT>
     <OBJ_NAME>ZDBS_QNBLIMIT_SONUC</OBJ_NAME>
     <OBJECT1>FIEL</OBJECT1>
     <OBJ_NAME1>KULLANILABILIR_LIMIT</OBJ_NAME1>
     <OBJECT2>FIEL</OBJECT2>
     <OBJ_NAME2>KULLANILABILIR_LIMIT</OBJ_NAME2>
     <ID>&lt;element&gt; kullanilabilirLimit &lt;type&gt; LimitSonuc http://limitsorgula.model.standartimpltype2.driver.maestro.ibtech.com/xsd http://limitsorgula.model.standartimpltype2.driver.maestro.ibtech.com/xsd</ID>
     <IFR_TYPE>element</IFR_TYPE>
     <IFR_NAME>kullanilabilirLimit</IFR_NAME>
     <IFR_TAGTYP>E</IFR_TAGTYP>
     <IFR_MAXOCC>1</IFR_MAXOCC>
     <IFR_OPTNL>X</IFR_OPTNL>
     <IFR_XSDTYP>decimal</IFR_XSDTYP>
     <IFR_NILLABLE>X</IFR_NILLABLE>
     <IFR_SCALE>-2</IFR_SCALE>
     <R3_TYPE>FIEL</R3_TYPE>
     <R3_NAME>KULLANILABILIR_LIMIT</R3_NAME>
     <R3_DATATYP>STRG</R3_DATATYP>
     <R3_SEQNUM>000011</R3_SEQNUM>
    </item>
    <item>
     <OBJECT>TABL</OBJECT>
     <OBJ_NAME>ZDBS_QNBLIMIT_SONUC</OBJ_NAME>
     <OBJECT1>FIEL</OBJECT1>
     <OBJ_NAME1>LIMIT</OBJ_NAME1>
     <OBJECT2>FIEL</OBJECT2>
     <OBJ_NAME2>LIMIT</OBJ_NAME2>
     <ID>&lt;element&gt; limit &lt;type&gt; LimitSonuc http://limitsorgula.model.standartimpltype2.driver.maestro.ibtech.com/xsd http://limitsorgula.model.standartimpltype2.driver.maestro.ibtech.com/xsd</ID>
     <IFR_TYPE>element</IFR_TYPE>
     <IFR_NAME>limit</IFR_NAME>
     <IFR_TAGTYP>E</IFR_TAGTYP>
     <IFR_MAXOCC>1</IFR_MAXOCC>
     <IFR_OPTNL>X</IFR_OPTNL>
     <IFR_XSDTYP>decimal</IFR_XSDTYP>
     <IFR_NILLABLE>X</IFR_NILLABLE>
     <IFR_SCALE>-2</IFR_SCALE>
     <R3_TYPE>FIEL</R3_TYPE>
     <R3_NAME>LIMIT</R3_NAME>
     <R3_DATATYP>STRG</R3_DATATYP>
     <R3_SEQNUM>000012</R3_SEQNUM>
    </item>
    <item>
     <OBJECT>TABL</OBJECT>
     <OBJ_NAME>ZDBS_QNBLIMIT_SONUC</OBJ_NAME>
     <OBJECT1>FIEL</OBJECT1>
     <OBJ_NAME1>NAKDI_RISK</OBJ_NAME1>
     <OBJECT2>FIEL</OBJECT2>
     <OBJ_NAME2>NAKDI_RISK</OBJ_NAME2>
     <ID>&lt;element&gt; nakdiRisk &lt;type&gt; LimitSonuc http://limitsorgula.model.standartimpltype2.driver.maestro.ibtech.com/xsd http://limitsorgula.model.standartimpltype2.driver.maestro.ibtech.com/xsd</ID>
     <IFR_TYPE>element</IFR_TYPE>
     <IFR_NAME>nakdiRisk</IFR_NAME>
     <IFR_TAGTYP>E</IFR_TAGTYP>
     <IFR_MAXOCC>1</IFR_MAXOCC>
     <IFR_OPTNL>X</IFR_OPTNL>
     <IFR_XSDTYP>decimal</IFR_XSDTYP>
     <IFR_NILLABLE>X</IFR_NILLABLE>
     <IFR_SCALE>-2</IFR_SCALE>
     <R3_TYPE>FIEL</R3_TYPE>
     <R3_NAME>NAKDI_RISK</R3_NAME>
     <R3_DATATYP>STRG</R3_DATATYP>
     <R3_SEQNUM>000013</R3_SEQNUM>
    </item>
    <item>
     <OBJECT>TABL</OBJECT>
     <OBJ_NAME>ZDBS_QNBLIMIT_SONUC</OBJ_NAME>
     <OBJECT1>FIEL</OBJECT1>
     <OBJ_NAME1>TOPLAM_BEKLEYEN_FATURA_ADEDI</OBJ_NAME1>
     <OBJECT2>FIEL</OBJECT2>
     <OBJ_NAME2>TOPLAM_BEKLEYEN_FATURA_ADEDI</OBJ_NAME2>
     <ID>&lt;element&gt; toplamBekleyenFaturaAdedi &lt;type&gt; LimitSonuc http://limitsorgula.model.standartimpltype2.driver.maestro.ibtech.com/xsd http://limitsorgula.model.standartimpltype2.driver.maestro.ibtech.com/xsd</ID>
     <IFR_TYPE>element</IFR_TYPE>
     <IFR_NAME>toplamBekleyenFaturaAdedi</IFR_NAME>
     <IFR_TAGTYP>E</IFR_TAGTYP>
     <IFR_MAXOCC>1</IFR_MAXOCC>
     <IFR_OPTNL>X</IFR_OPTNL>
     <IFR_XSDTYP>int</IFR_XSDTYP>
     <IFR_SCALE>-2</IFR_SCALE>
     <R3_TYPE>FIEL</R3_TYPE>
     <R3_NAME>TOPLAM_BEKLEYEN_FATURA_ADEDI</R3_NAME>
     <R3_DATATYP>INT4</R3_DATATYP>
     <R3_SEQNUM>000014</R3_SEQNUM>
    </item>
    <item>
     <OBJECT>TABL</OBJECT>
     <OBJ_NAME>ZDBS_QNBLIMIT_SONUC</OBJ_NAME>
     <OBJECT1>FIEL</OBJECT1>
     <OBJ_NAME1>TOPLAM_BEKLEYEN_FATURA_TUTARI</OBJ_NAME1>
     <OBJECT2>FIEL</OBJECT2>
     <OBJ_NAME2>TOPLAM_BEKLEYEN_FATURA_TUTARI</OBJ_NAME2>
     <ID>&lt;element&gt; toplamBekleyenFaturaTutari &lt;type&gt; LimitSonuc http://limitsorgula.model.standartimpltype2.driver.maestro.ibtech.com/xsd http://limitsorgula.model.standartimpltype2.driver.maestro.ibtech.com/xsd</ID>
     <IFR_TYPE>element</IFR_TYPE>
     <IFR_NAME>toplamBekleyenFaturaTutari</IFR_NAME>
     <IFR_TAGTYP>E</IFR_TAGTYP>
     <IFR_MAXOCC>1</IFR_MAXOCC>
     <IFR_OPTNL>X</IFR_OPTNL>
     <IFR_XSDTYP>decimal</IFR_XSDTYP>
     <IFR_NILLABLE>X</IFR_NILLABLE>
     <IFR_SCALE>-2</IFR_SCALE>
     <R3_TYPE>FIEL</R3_TYPE>
     <R3_NAME>TOPLAM_BEKLEYEN_FATURA_TUTARI</R3_NAME>
     <R3_DATATYP>STRG</R3_DATATYP>
     <R3_SEQNUM>000015</R3_SEQNUM>
    </item>
    <item>
     <OBJECT>TABL</OBJECT>
     <OBJ_NAME>ZDBS_QNBLIMIT_SONUC</OBJ_NAME>
     <OBJECT1>TABL</OBJECT1>
     <OBJ_NAME1>ZDBS_QNBLIMIT_SONUC</OBJ_NAME1>
     <OBJECT2>TABL</OBJECT2>
     <OBJ_NAME2>ZDBS_QNBLIMIT_SONUC</OBJ_NAME2>
     <ID>&lt;type&gt; LimitSonuc http://limitsorgula.model.standartimpltype2.driver.maestro.ibtech.com/xsd http://limitsorgula.model.standartimpltype2.driver.maestro.ibtech.com/xsd</ID>
     <IFR_TYPE>type</IFR_TYPE>
     <IFR_NAME>LimitSonuc</IFR_NAME>
     <IFR_SCALE>-2</IFR_SCALE>
     <R3_TYPE>TABL</R3_TYPE>
     <R3_NAME>ZDBS_QNBLIMIT_SONUC</R3_NAME>
     <R3_TEXT>Proxy Structure (generated)</R3_TEXT>
     <CATEGORY>ifmtypedef</CATEGORY>
    </item>
   </PROXY_DATA>
  </asx:values>
 </asx:abap>
</abapGit>
