﻿<?xml version="1.0" encoding="utf-8"?>
<abapGit version="v1.0.0" serializer="LCL_OBJECT_SPRX" serializer_version="v1.0.0">
 <asx:abap xmlns:asx="http://www.sap.com/abapxml" version="1.0">
  <asx:values>
   <PROXY_HEADER>
    <item>
     <OBJECT>TABL</OBJECT>
     <OBJ_NAME>ZDBS_AKBSFATURA_SORGULA_OUT</OBJ_NAME>
     <OBJECT_M>TABL</OBJECT_M>
     <OBJ_NAME_M>ZDBS_AKBSFATURA_SORGULA_OUT</OBJ_NAME_M>
     <HASH_ID>1B2803CE0CA1925B8118DBADA194BEE5FBEE1413</HASH_ID>
     <ID>&lt;type&gt; SFaturaSorgulaOut http://akbank.onlineBTS.org http://akbank.onlineBTS.org</ID>
     <IFR_GLOBAL>X</IFR_GLOBAL>
     <IFR_TYPE>type</IFR_TYPE>
     <IFR_NAME>SFaturaSorgulaOut</IFR_NAME>
     <IFR_NSPCE>http://akbank.onlineBTS.org</IFR_NSPCE>
     <IFR_GNSPCE>http://akbank.onlineBTS.org</IFR_GNSPCE>
     <GEN_VERS>0005</GEN_VERS>
     <PREFIX>ZDBS_AKB</PREFIX>
     <CATEGORY>ifmtypedef</CATEGORY>
     <GEN_APPL>WEBSERVICES</GEN_APPL>
     <X-ML_NSPCE>http://akbank.onlineBTS.org</X-ML_NSPCE>
     <X-ML_NAME>SFaturaSorgulaOut</X-ML_NAME>
    </item>
   </PROXY_HEADER>
   <PROXY_DATA>
    <item>
     <OBJECT>TABL</OBJECT>
     <OBJ_NAME>ZDBS_AKBSFATURA_SORGULA_OUT</OBJ_NAME>
     <OBJECT1>FIEL</OBJECT1>
     <OBJ_NAME1>ABONE_NO</OBJ_NAME1>
     <OBJECT2>FIEL</OBJECT2>
     <OBJ_NAME2>ABONE_NO</OBJ_NAME2>
     <ID>&lt;element&gt; {http://akbank.onlineBTS.org}AboneNo &lt;type&gt; SFaturaSorgulaOut http://akbank.onlineBTS.org http://akbank.onlineBTS.org</ID>
     <IFR_TYPE>element</IFR_TYPE>
     <IFR_NAME>AboneNo</IFR_NAME>
     <IFR_TAGTYP>E</IFR_TAGTYP>
     <IFR_MAXOCC>1</IFR_MAXOCC>
     <IFR_OPTNL>X</IFR_OPTNL>
     <IFR_QUALIF>X</IFR_QUALIF>
     <IFR_XSDTYP>string</IFR_XSDTYP>
     <IFR_SCALE>-2</IFR_SCALE>
     <R3_TYPE>FIEL</R3_TYPE>
     <R3_NAME>ABONE_NO</R3_NAME>
     <R3_DATATYP>STRG</R3_DATATYP>
     <R3_SEQNUM>000003</R3_SEQNUM>
    </item>
    <item>
     <OBJECT>TABL</OBJECT>
     <OBJ_NAME>ZDBS_AKBSFATURA_SORGULA_OUT</OBJ_NAME>
     <OBJECT1>FIEL</OBJECT1>
     <OBJ_NAME1>BORC_TUTARI</OBJ_NAME1>
     <OBJECT2>FIEL</OBJECT2>
     <OBJ_NAME2>BORC_TUTARI</OBJ_NAME2>
     <ID>&lt;element&gt; {http://akbank.onlineBTS.org}BorcTutari &lt;type&gt; SFaturaSorgulaOut http://akbank.onlineBTS.org http://akbank.onlineBTS.org</ID>
     <IFR_TYPE>element</IFR_TYPE>
     <IFR_NAME>BorcTutari</IFR_NAME>
     <IFR_TAGTYP>E</IFR_TAGTYP>
     <IFR_MAXOCC>1</IFR_MAXOCC>
     <IFR_OPTNL>X</IFR_OPTNL>
     <IFR_QUALIF>X</IFR_QUALIF>
     <IFR_XSDTYP>string</IFR_XSDTYP>
     <IFR_SCALE>-2</IFR_SCALE>
     <R3_TYPE>FIEL</R3_TYPE>
     <R3_NAME>BORC_TUTARI</R3_NAME>
     <R3_DATATYP>STRG</R3_DATATYP>
     <R3_SEQNUM>000008</R3_SEQNUM>
    </item>
    <item>
     <OBJECT>TABL</OBJECT>
     <OBJ_NAME>ZDBS_AKBSFATURA_SORGULA_OUT</OBJ_NAME>
     <OBJECT1>FIEL</OBJECT1>
     <OBJ_NAME1>DURUM_ACIKLAMA</OBJ_NAME1>
     <OBJECT2>FIEL</OBJECT2>
     <OBJ_NAME2>DURUM_ACIKLAMA</OBJ_NAME2>
     <ID>&lt;element&gt; {http://akbank.onlineBTS.org}DurumAciklama &lt;type&gt; SFaturaSorgulaOut http://akbank.onlineBTS.org http://akbank.onlineBTS.org</ID>
     <IFR_TYPE>element</IFR_TYPE>
     <IFR_NAME>DurumAciklama</IFR_NAME>
     <IFR_TAGTYP>E</IFR_TAGTYP>
     <IFR_MAXOCC>1</IFR_MAXOCC>
     <IFR_OPTNL>X</IFR_OPTNL>
     <IFR_QUALIF>X</IFR_QUALIF>
     <IFR_XSDTYP>string</IFR_XSDTYP>
     <IFR_SCALE>-2</IFR_SCALE>
     <R3_TYPE>FIEL</R3_TYPE>
     <R3_NAME>DURUM_ACIKLAMA</R3_NAME>
     <R3_DATATYP>STRG</R3_DATATYP>
     <R3_SEQNUM>000002</R3_SEQNUM>
    </item>
    <item>
     <OBJECT>TABL</OBJECT>
     <OBJ_NAME>ZDBS_AKBSFATURA_SORGULA_OUT</OBJ_NAME>
     <OBJECT1>FIEL</OBJECT1>
     <OBJ_NAME1>DURUM_KODU</OBJ_NAME1>
     <OBJECT2>FIEL</OBJECT2>
     <OBJ_NAME2>DURUM_KODU</OBJ_NAME2>
     <ID>&lt;element&gt; {http://akbank.onlineBTS.org}DurumKodu &lt;type&gt; SFaturaSorgulaOut http://akbank.onlineBTS.org http://akbank.onlineBTS.org</ID>
     <IFR_TYPE>element</IFR_TYPE>
     <IFR_NAME>DurumKodu</IFR_NAME>
     <IFR_TAGTYP>E</IFR_TAGTYP>
     <IFR_MAXOCC>1</IFR_MAXOCC>
     <IFR_OPTNL>X</IFR_OPTNL>
     <IFR_QUALIF>X</IFR_QUALIF>
     <IFR_XSDTYP>string</IFR_XSDTYP>
     <IFR_SCALE>-2</IFR_SCALE>
     <R3_TYPE>FIEL</R3_TYPE>
     <R3_NAME>DURUM_KODU</R3_NAME>
     <R3_DATATYP>STRG</R3_DATATYP>
     <R3_SEQNUM>000001</R3_SEQNUM>
    </item>
    <item>
     <OBJECT>TABL</OBJECT>
     <OBJ_NAME>ZDBS_AKBSFATURA_SORGULA_OUT</OBJ_NAME>
     <OBJECT1>FIEL</OBJECT1>
     <OBJ_NAME1>FATURA_NO</OBJ_NAME1>
     <OBJECT2>FIEL</OBJECT2>
     <OBJ_NAME2>FATURA_NO</OBJ_NAME2>
     <ID>&lt;element&gt; {http://akbank.onlineBTS.org}FaturaNo &lt;type&gt; SFaturaSorgulaOut http://akbank.onlineBTS.org http://akbank.onlineBTS.org</ID>
     <IFR_TYPE>element</IFR_TYPE>
     <IFR_NAME>FaturaNo</IFR_NAME>
     <IFR_TAGTYP>E</IFR_TAGTYP>
     <IFR_MAXOCC>1</IFR_MAXOCC>
     <IFR_OPTNL>X</IFR_OPTNL>
     <IFR_QUALIF>X</IFR_QUALIF>
     <IFR_XSDTYP>string</IFR_XSDTYP>
     <IFR_SCALE>-2</IFR_SCALE>
     <R3_TYPE>FIEL</R3_TYPE>
     <R3_NAME>FATURA_NO</R3_NAME>
     <R3_DATATYP>STRG</R3_DATATYP>
     <R3_SEQNUM>000004</R3_SEQNUM>
    </item>
    <item>
     <OBJECT>TABL</OBJECT>
     <OBJ_NAME>ZDBS_AKBSFATURA_SORGULA_OUT</OBJ_NAME>
     <OBJECT1>FIEL</OBJECT1>
     <OBJ_NAME1>ISLEM_ZAMANI</OBJ_NAME1>
     <OBJECT2>FIEL</OBJECT2>
     <OBJ_NAME2>ISLEM_ZAMANI</OBJ_NAME2>
     <ID>&lt;element&gt; {http://akbank.onlineBTS.org}IslemZamanı &lt;type&gt; SFaturaSorgulaOut http://akbank.onlineBTS.org http://akbank.onlineBTS.org</ID>
     <IFR_TYPE>element</IFR_TYPE>
     <IFR_NAME>IslemZamanı</IFR_NAME>
     <IFR_TAGTYP>E</IFR_TAGTYP>
     <IFR_MAXOCC>1</IFR_MAXOCC>
     <IFR_OPTNL>X</IFR_OPTNL>
     <IFR_QUALIF>X</IFR_QUALIF>
     <IFR_XSDTYP>string</IFR_XSDTYP>
     <IFR_SCALE>-2</IFR_SCALE>
     <R3_TYPE>FIEL</R3_TYPE>
     <R3_NAME>ISLEM_ZAMANI</R3_NAME>
     <R3_DATATYP>STRG</R3_DATATYP>
     <R3_SEQNUM>000010</R3_SEQNUM>
    </item>
    <item>
     <OBJECT>TABL</OBJECT>
     <OBJ_NAME>ZDBS_AKBSFATURA_SORGULA_OUT</OBJ_NAME>
     <OBJECT1>FIEL</OBJECT1>
     <OBJ_NAME1>ODEME_TARIHI</OBJ_NAME1>
     <OBJECT2>FIEL</OBJECT2>
     <OBJ_NAME2>ODEME_TARIHI</OBJ_NAME2>
     <ID>&lt;element&gt; {http://akbank.onlineBTS.org}OdemeTarihi &lt;type&gt; SFaturaSorgulaOut http://akbank.onlineBTS.org http://akbank.onlineBTS.org</ID>
     <IFR_TYPE>element</IFR_TYPE>
     <IFR_NAME>OdemeTarihi</IFR_NAME>
     <IFR_TAGTYP>E</IFR_TAGTYP>
     <IFR_MAXOCC>1</IFR_MAXOCC>
     <IFR_OPTNL>X</IFR_OPTNL>
     <IFR_QUALIF>X</IFR_QUALIF>
     <IFR_XSDTYP>string</IFR_XSDTYP>
     <IFR_SCALE>-2</IFR_SCALE>
     <R3_TYPE>FIEL</R3_TYPE>
     <R3_NAME>ODEME_TARIHI</R3_NAME>
     <R3_DATATYP>STRG</R3_DATATYP>
     <R3_SEQNUM>000007</R3_SEQNUM>
    </item>
    <item>
     <OBJECT>TABL</OBJECT>
     <OBJ_NAME>ZDBS_AKBSFATURA_SORGULA_OUT</OBJ_NAME>
     <OBJECT1>FIEL</OBJECT1>
     <OBJ_NAME1>ODENEN_TUTAR</OBJ_NAME1>
     <OBJECT2>FIEL</OBJECT2>
     <OBJ_NAME2>ODENEN_TUTAR</OBJ_NAME2>
     <ID>&lt;element&gt; {http://akbank.onlineBTS.org}OdenenTutar &lt;type&gt; SFaturaSorgulaOut http://akbank.onlineBTS.org http://akbank.onlineBTS.org</ID>
     <IFR_TYPE>element</IFR_TYPE>
     <IFR_NAME>OdenenTutar</IFR_NAME>
     <IFR_TAGTYP>E</IFR_TAGTYP>
     <IFR_MAXOCC>1</IFR_MAXOCC>
     <IFR_OPTNL>X</IFR_OPTNL>
     <IFR_QUALIF>X</IFR_QUALIF>
     <IFR_XSDTYP>string</IFR_XSDTYP>
     <IFR_SCALE>-2</IFR_SCALE>
     <R3_TYPE>FIEL</R3_TYPE>
     <R3_NAME>ODENEN_TUTAR</R3_NAME>
     <R3_DATATYP>STRG</R3_DATATYP>
     <R3_SEQNUM>000009</R3_SEQNUM>
    </item>
    <item>
     <OBJECT>TABL</OBJECT>
     <OBJ_NAME>ZDBS_AKBSFATURA_SORGULA_OUT</OBJ_NAME>
     <OBJECT1>FIEL</OBJECT1>
     <OBJ_NAME1>SON_ODEME_TARIHI</OBJ_NAME1>
     <OBJECT2>FIEL</OBJECT2>
     <OBJ_NAME2>SON_ODEME_TARIHI</OBJ_NAME2>
     <ID>&lt;element&gt; {http://akbank.onlineBTS.org}SonOdemeTarihi &lt;type&gt; SFaturaSorgulaOut http://akbank.onlineBTS.org http://akbank.onlineBTS.org</ID>
     <IFR_TYPE>element</IFR_TYPE>
     <IFR_NAME>SonOdemeTarihi</IFR_NAME>
     <IFR_TAGTYP>E</IFR_TAGTYP>
     <IFR_MAXOCC>1</IFR_MAXOCC>
     <IFR_OPTNL>X</IFR_OPTNL>
     <IFR_QUALIF>X</IFR_QUALIF>
     <IFR_XSDTYP>string</IFR_XSDTYP>
     <IFR_SCALE>-2</IFR_SCALE>
     <R3_TYPE>FIEL</R3_TYPE>
     <R3_NAME>SON_ODEME_TARIHI</R3_NAME>
     <R3_DATATYP>STRG</R3_DATATYP>
     <R3_SEQNUM>000006</R3_SEQNUM>
    </item>
    <item>
     <OBJECT>TABL</OBJECT>
     <OBJ_NAME>ZDBS_AKBSFATURA_SORGULA_OUT</OBJ_NAME>
     <OBJECT1>FIEL</OBJECT1>
     <OBJ_NAME1>YUKLEME_TARIHI</OBJ_NAME1>
     <OBJECT2>FIEL</OBJECT2>
     <OBJ_NAME2>YUKLEME_TARIHI</OBJ_NAME2>
     <ID>&lt;element&gt; {http://akbank.onlineBTS.org}YuklemeTarihi &lt;type&gt; SFaturaSorgulaOut http://akbank.onlineBTS.org http://akbank.onlineBTS.org</ID>
     <IFR_TYPE>element</IFR_TYPE>
     <IFR_NAME>YuklemeTarihi</IFR_NAME>
     <IFR_TAGTYP>E</IFR_TAGTYP>
     <IFR_MAXOCC>1</IFR_MAXOCC>
     <IFR_OPTNL>X</IFR_OPTNL>
     <IFR_QUALIF>X</IFR_QUALIF>
     <IFR_XSDTYP>string</IFR_XSDTYP>
     <IFR_SCALE>-2</IFR_SCALE>
     <R3_TYPE>FIEL</R3_TYPE>
     <R3_NAME>YUKLEME_TARIHI</R3_NAME>
     <R3_DATATYP>STRG</R3_DATATYP>
     <R3_SEQNUM>000005</R3_SEQNUM>
    </item>
    <item>
     <OBJECT>TABL</OBJECT>
     <OBJ_NAME>ZDBS_AKBSFATURA_SORGULA_OUT</OBJ_NAME>
     <OBJECT1>TABL</OBJECT1>
     <OBJ_NAME1>ZDBS_AKBSFATURA_SORGULA_OUT</OBJ_NAME1>
     <OBJECT2>TABL</OBJECT2>
     <OBJ_NAME2>ZDBS_AKBSFATURA_SORGULA_OUT</OBJ_NAME2>
     <ID>&lt;type&gt; SFaturaSorgulaOut http://akbank.onlineBTS.org http://akbank.onlineBTS.org</ID>
     <IFR_TYPE>type</IFR_TYPE>
     <IFR_NAME>SFaturaSorgulaOut</IFR_NAME>
     <IFR_SCALE>-2</IFR_SCALE>
     <R3_TYPE>TABL</R3_TYPE>
     <R3_NAME>ZDBS_AKBSFATURA_SORGULA_OUT</R3_NAME>
     <R3_TEXT>Proxy Structure (generated)</R3_TEXT>
     <CATEGORY>ifmtypedef</CATEGORY>
    </item>
   </PROXY_DATA>
  </asx:values>
 </asx:abap>
</abapGit>
