﻿<?xml version="1.0" encoding="utf-8"?>
<abapGit version="v1.0.0" serializer="LCL_OBJECT_SPRX" serializer_version="v1.0.0">
 <asx:abap xmlns:asx="http://www.sap.com/abapxml" version="1.0">
  <asx:values>
   <PROXY_HEADER>
    <item>
     <OBJECT>TABL</OBJECT>
     <OBJ_NAME>ZDBS_QNBFATURA_IPTAL_RESPONSE</OBJ_NAME>
     <OBJECT_M>TABL</OBJECT_M>
     <OBJ_NAME_M>ZDBS_QNBFATURA_IPTAL_RESPONSE</OBJ_NAME_M>
     <HASH_ID>0EA4363CCCEE3EC662A1E52FA03F686DB51695A3</HASH_ID>
     <ID>&lt;message&gt; faturaIptalResponse http://nanopetdbs.driver.maestro.ibtech.com http://nanopetdbs.driver.maestro.ibtech.com</ID>
     <IFR_GLOBAL>X</IFR_GLOBAL>
     <IFR_TYPE>message</IFR_TYPE>
     <IFR_NAME>faturaIptalResponse</IFR_NAME>
     <IFR_NSPCE>http://nanopetdbs.driver.maestro.ibtech.com</IFR_NSPCE>
     <IFR_GNSPCE>http://nanopetdbs.driver.maestro.ibtech.com</IFR_GNSPCE>
     <GEN_VERS>0006</GEN_VERS>
     <PREFIX>ZDBS_QNB</PREFIX>
     <CATEGORY>ifmmessage</CATEGORY>
     <GEN_APPL>WEBSERVICES</GEN_APPL>
     <X-ML_NSPCE>http://nanopetdbs.driver.maestro.ibtech.com</X-ML_NSPCE>
     <X-ML_NAME>faturaIptalResponse</X-ML_NAME>
    </item>
   </PROXY_HEADER>
   <PROXY_DATA>
    <item>
     <OBJECT>TABL</OBJECT>
     <OBJ_NAME>ZDBS_QNBFATURA_IPTAL_RESPONSE</OBJ_NAME>
     <OBJECT1>FIEL</OBJECT1>
     <OBJ_NAME1>RETURN</OBJ_NAME1>
     <OBJECT2>FIEL</OBJECT2>
     <OBJ_NAME2>RETURN</OBJ_NAME2>
     <OBJECT_R>TABL</OBJECT_R>
     <OBJ_NAME_R>ZDBS_QNBFATURA_ISLEM_SIT2RESPO</OBJ_NAME_R>
     <ID>&lt;element&gt; return &lt;message&gt; faturaIptalResponse http://nanopetdbs.driver.maestro.ibtech.com http://nanopetdbs.driver.maestro.ibtech.com</ID>
     <IFR_TYPE>element</IFR_TYPE>
     <IFR_NAME>return</IFR_NAME>
     <IFR_TAGTYP>E</IFR_TAGTYP>
     <IFR_MAXOCC>1</IFR_MAXOCC>
     <IFR_OPTNL>X</IFR_OPTNL>
     <IFR_NILLABLE>X</IFR_NILLABLE>
     <IFR_SCALE>-2</IFR_SCALE>
     <R3_TYPE>FIEL</R3_TYPE>
     <R3_NAME>RETURN</R3_NAME>
     <R3_SEQNUM>000001</R3_SEQNUM>
    </item>
    <item>
     <OBJECT>TABL</OBJECT>
     <OBJ_NAME>ZDBS_QNBFATURA_IPTAL_RESPONSE</OBJ_NAME>
     <OBJECT1>TABL</OBJECT1>
     <OBJ_NAME1>ZDBS_QNBFATURA_IPTAL_RESPONSE</OBJ_NAME1>
     <OBJECT2>TABL</OBJECT2>
     <OBJ_NAME2>ZDBS_QNBFATURA_IPTAL_RESPONSE</OBJ_NAME2>
     <ID>&lt;message&gt; faturaIptalResponse http://nanopetdbs.driver.maestro.ibtech.com http://nanopetdbs.driver.maestro.ibtech.com</ID>
     <IFR_TYPE>message</IFR_TYPE>
     <IFR_NAME>faturaIptalResponse</IFR_NAME>
     <IFR_SCALE>-2</IFR_SCALE>
     <R3_TYPE>TABL</R3_TYPE>
     <R3_NAME>ZDBS_QNBFATURA_IPTAL_RESPONSE</R3_NAME>
     <R3_TEXT>Proxy Structure (generated)</R3_TEXT>
     <CATEGORY>ifmmessage</CATEGORY>
    </item>
   </PROXY_DATA>
  </asx:values>
 </asx:abap>
</abapGit>
