﻿<?xml version="1.0" encoding="utf-8"?>
<abapGit version="v1.0.0" serializer="LCL_OBJECT_SPRX" serializer_version="v1.0.0">
 <asx:abap xmlns:asx="http://www.sap.com/abapxml" version="1.0">
  <asx:values>
   <PROXY_HEADER>
    <item>
     <OBJECT>TABL</OBJECT>
     <OBJ_NAME>ZDBS_SEKTO_SEND_RECORDS_AND_TR</OBJ_NAME>
     <OBJECT_M>TABL</OBJECT_M>
     <OBJ_NAME_M>ZDBS_SEKTO_SEND_RECORDS_AND_TR</OBJ_NAME_M>
     <HASH_ID>53CA1934AF1C421618FFC419332403568F7A48C2</HASH_ID>
     <ID>&lt;message&gt; TO_SendRecordsAndTransferInstantlySoapOut http://tempuri.org/ http://tempuri.org/</ID>
     <IFR_GLOBAL>X</IFR_GLOBAL>
     <IFR_TYPE>message</IFR_TYPE>
     <IFR_NAME>TO_SendRecordsAndTransferInstantlySoapOut</IFR_NAME>
     <IFR_NSPCE>http://tempuri.org/</IFR_NSPCE>
     <IFR_GNSPCE>http://tempuri.org/</IFR_GNSPCE>
     <GEN_VERS>0006</GEN_VERS>
     <PREFIX>ZDBS_SEK</PREFIX>
     <CATEGORY>ifmmessage</CATEGORY>
     <GEN_APPL>WEBSERVICES</GEN_APPL>
     <X-ML_NSPCE>http://tempuri.org/</X-ML_NSPCE>
     <X-ML_NAME>TO_SendRecordsAndTransferInstantlyResponse</X-ML_NAME>
    </item>
   </PROXY_HEADER>
   <PROXY_DATA>
    <item>
     <OBJECT>TABL</OBJECT>
     <OBJ_NAME>ZDBS_SEKTO_SEND_RECORDS_AND_TR</OBJ_NAME>
     <OBJECT1>FIEL</OBJECT1>
     <OBJ_NAME1>TO_SEND_RECORDS_AND_TRANSFER_I</OBJ_NAME1>
     <OBJECT2>FIEL</OBJECT2>
     <OBJ_NAME2>TO_SEND_RECORDS_AND_TRANSFER_I</OBJ_NAME2>
     <ID>&lt;element&gt; {http://tempuri.org/}TO_SendRecordsAndTransferInstantlyResult &lt;message&gt; TO_SendRecordsAndTransferInstantlySoapOut http://tempuri.org/ http://tempuri.org/</ID>
     <IFR_TYPE>element</IFR_TYPE>
     <IFR_NAME>TO_SendRecordsAndTransferInstantlyResult</IFR_NAME>
     <IFR_TAGTYP>E</IFR_TAGTYP>
     <IFR_MAXOCC>1</IFR_MAXOCC>
     <IFR_OPTNL>X</IFR_OPTNL>
     <IFR_QUALIF>X</IFR_QUALIF>
     <IFR_SCALE>-2</IFR_SCALE>
     <R3_TYPE>FIEL</R3_TYPE>
     <R3_NAME>TO_SEND_RECORDS_AND_TRANSFER_I</R3_NAME>
     <R3_DTREF>XSDANY</R3_DTREF>
     <R3_SEQNUM>000001</R3_SEQNUM>
    </item>
    <item>
     <OBJECT>TABL</OBJECT>
     <OBJ_NAME>ZDBS_SEKTO_SEND_RECORDS_AND_TR</OBJ_NAME>
     <OBJECT1>TABL</OBJECT1>
     <OBJ_NAME1>ZDBS_SEKTO_SEND_RECORDS_AND_TR</OBJ_NAME1>
     <OBJECT2>TABL</OBJECT2>
     <OBJ_NAME2>ZDBS_SEKTO_SEND_RECORDS_AND_TR</OBJ_NAME2>
     <ID>&lt;message&gt; TO_SendRecordsAndTransferInstantlySoapOut http://tempuri.org/ http://tempuri.org/</ID>
     <IFR_TYPE>message</IFR_TYPE>
     <IFR_NAME>TO_SendRecordsAndTransferInstantlySoapOut</IFR_NAME>
     <IFR_SCALE>-2</IFR_SCALE>
     <R3_TYPE>TABL</R3_TYPE>
     <R3_NAME>ZDBS_SEKTO_SEND_RECORDS_AND_TR</R3_NAME>
     <R3_TEXT>Proxy Structure (generated)</R3_TEXT>
     <CATEGORY>ifmmessage</CATEGORY>
    </item>
   </PROXY_DATA>
  </asx:values>
 </asx:abap>
</abapGit>
