﻿<?xml version="1.0" encoding="utf-8"?>
<abapGit version="v1.0.0" serializer="LCL_OBJECT_SPRX" serializer_version="v1.0.0">
 <asx:abap xmlns:asx="http://www.sap.com/abapxml" version="1.0">
  <asx:values>
   <PROXY_HEADER>
    <item>
     <OBJECT>TABL</OBJECT>
     <OBJ_NAME>ZDBS_QNBFATURA_SORGULA_SIT2RES</OBJ_NAME>
     <OBJECT_M>TABL</OBJECT_M>
     <OBJ_NAME_M>ZDBS_QNBFATURA_SORGULA_SIT2RES</OBJ_NAME_M>
     <HASH_ID>4BD4CAA851210B678D4C3C9A3619F6B159C62D88</HASH_ID>
     <ID>&lt;type&gt; FaturaSorgulaSIT2Result http://akibetsorgula.model.standartimpltype2.driver.maestro.ibtech.com/xsd http://akibetsorgula.model.standartimpltype2.driver.maestro.ibtech.com/xsd</ID>
     <IFR_GLOBAL>X</IFR_GLOBAL>
     <IFR_TYPE>type</IFR_TYPE>
     <IFR_NAME>FaturaSorgulaSIT2Result</IFR_NAME>
     <IFR_NSPCE>http://akibetsorgula.model.standartimpltype2.driver.maestro.ibtech.com/xsd</IFR_NSPCE>
     <IFR_GNSPCE>http://akibetsorgula.model.standartimpltype2.driver.maestro.ibtech.com/xsd</IFR_GNSPCE>
     <GEN_VERS>0005</GEN_VERS>
     <PREFIX>ZDBS_QNB</PREFIX>
     <CATEGORY>ifmtypedef</CATEGORY>
     <GEN_APPL>WEBSERVICES</GEN_APPL>
     <X-ML_NSPCE>http://akibetsorgula.model.standartimpltype2.driver.maestro.ibtech.com/xsd</X-ML_NSPCE>
     <X-ML_NAME>FaturaSorgulaSIT2Result</X-ML_NAME>
    </item>
   </PROXY_HEADER>
   <PROXY_DATA>
    <item>
     <OBJECT>TABL</OBJECT>
     <OBJ_NAME>ZDBS_QNBFATURA_SORGULA_SIT2RES</OBJ_NAME>
     <OBJECT1>FIEL</OBJECT1>
     <OBJ_NAME1>BAYI_REFERANS</OBJ_NAME1>
     <OBJECT2>FIEL</OBJECT2>
     <OBJ_NAME2>BAYI_REFERANS</OBJ_NAME2>
     <ID>&lt;element&gt; bayiReferans &lt;type&gt; FaturaSorgulaSIT2Result http://akibetsorgula.model.standartimpltype2.driver.maestro.ibtech.com/xsd http://akibetsorgula.model.standartimpltype2.driver.maestro.ibtech.com/xsd</ID>
     <IFR_TYPE>element</IFR_TYPE>
     <IFR_NAME>bayiReferans</IFR_NAME>
     <IFR_TAGTYP>E</IFR_TAGTYP>
     <IFR_MAXOCC>1</IFR_MAXOCC>
     <IFR_OPTNL>X</IFR_OPTNL>
     <IFR_XSDTYP>string</IFR_XSDTYP>
     <IFR_NILLABLE>X</IFR_NILLABLE>
     <IFR_SCALE>-2</IFR_SCALE>
     <R3_TYPE>FIEL</R3_TYPE>
     <R3_NAME>BAYI_REFERANS</R3_NAME>
     <R3_DATATYP>STRG</R3_DATATYP>
     <R3_SEQNUM>000001</R3_SEQNUM>
    </item>
    <item>
     <OBJECT>TABL</OBJECT>
     <OBJ_NAME>ZDBS_QNBFATURA_SORGULA_SIT2RES</OBJ_NAME>
     <OBJECT1>FIEL</OBJECT1>
     <OBJ_NAME1>BAYI_UNVANI</OBJ_NAME1>
     <OBJECT2>FIEL</OBJECT2>
     <OBJ_NAME2>BAYI_UNVANI</OBJ_NAME2>
     <ID>&lt;element&gt; bayiUnvani &lt;type&gt; FaturaSorgulaSIT2Result http://akibetsorgula.model.standartimpltype2.driver.maestro.ibtech.com/xsd http://akibetsorgula.model.standartimpltype2.driver.maestro.ibtech.com/xsd</ID>
     <IFR_TYPE>element</IFR_TYPE>
     <IFR_NAME>bayiUnvani</IFR_NAME>
     <IFR_TAGTYP>E</IFR_TAGTYP>
     <IFR_MAXOCC>1</IFR_MAXOCC>
     <IFR_OPTNL>X</IFR_OPTNL>
     <IFR_XSDTYP>string</IFR_XSDTYP>
     <IFR_NILLABLE>X</IFR_NILLABLE>
     <IFR_SCALE>-2</IFR_SCALE>
     <R3_TYPE>FIEL</R3_TYPE>
     <R3_NAME>BAYI_UNVANI</R3_NAME>
     <R3_DATATYP>STRG</R3_DATATYP>
     <R3_SEQNUM>000002</R3_SEQNUM>
    </item>
    <item>
     <OBJECT>TABL</OBJECT>
     <OBJ_NAME>ZDBS_QNBFATURA_SORGULA_SIT2RES</OBJ_NAME>
     <OBJECT1>FIEL</OBJECT1>
     <OBJ_NAME1>BLOKAJ_KODU</OBJ_NAME1>
     <OBJECT2>FIEL</OBJECT2>
     <OBJ_NAME2>BLOKAJ_KODU</OBJ_NAME2>
     <ID>&lt;element&gt; blokajKodu &lt;type&gt; FaturaSorgulaSIT2Result http://akibetsorgula.model.standartimpltype2.driver.maestro.ibtech.com/xsd http://akibetsorgula.model.standartimpltype2.driver.maestro.ibtech.com/xsd</ID>
     <IFR_TYPE>element</IFR_TYPE>
     <IFR_NAME>blokajKodu</IFR_NAME>
     <IFR_TAGTYP>E</IFR_TAGTYP>
     <IFR_MAXOCC>1</IFR_MAXOCC>
     <IFR_OPTNL>X</IFR_OPTNL>
     <IFR_XSDTYP>string</IFR_XSDTYP>
     <IFR_NILLABLE>X</IFR_NILLABLE>
     <IFR_SCALE>-2</IFR_SCALE>
     <R3_TYPE>FIEL</R3_TYPE>
     <R3_NAME>BLOKAJ_KODU</R3_NAME>
     <R3_DATATYP>STRG</R3_DATATYP>
     <R3_SEQNUM>000003</R3_SEQNUM>
    </item>
    <item>
     <OBJECT>TABL</OBJECT>
     <OBJ_NAME>ZDBS_QNBFATURA_SORGULA_SIT2RES</OBJ_NAME>
     <OBJECT1>FIEL</OBJECT1>
     <OBJ_NAME1>DOVIZ_KODU</OBJ_NAME1>
     <OBJECT2>FIEL</OBJECT2>
     <OBJ_NAME2>DOVIZ_KODU</OBJ_NAME2>
     <ID>&lt;element&gt; dovizKodu &lt;type&gt; FaturaSorgulaSIT2Result http://akibetsorgula.model.standartimpltype2.driver.maestro.ibtech.com/xsd http://akibetsorgula.model.standartimpltype2.driver.maestro.ibtech.com/xsd</ID>
     <IFR_TYPE>element</IFR_TYPE>
     <IFR_NAME>dovizKodu</IFR_NAME>
     <IFR_TAGTYP>E</IFR_TAGTYP>
     <IFR_MAXOCC>1</IFR_MAXOCC>
     <IFR_OPTNL>X</IFR_OPTNL>
     <IFR_XSDTYP>string</IFR_XSDTYP>
     <IFR_NILLABLE>X</IFR_NILLABLE>
     <IFR_SCALE>-2</IFR_SCALE>
     <R3_TYPE>FIEL</R3_TYPE>
     <R3_NAME>DOVIZ_KODU</R3_NAME>
     <R3_DATATYP>STRG</R3_DATATYP>
     <R3_SEQNUM>000004</R3_SEQNUM>
    </item>
    <item>
     <OBJECT>TABL</OBJECT>
     <OBJ_NAME>ZDBS_QNBFATURA_SORGULA_SIT2RES</OBJ_NAME>
     <OBJECT1>FIEL</OBJECT1>
     <OBJ_NAME1>FATURA_NO</OBJ_NAME1>
     <OBJECT2>FIEL</OBJECT2>
     <OBJ_NAME2>FATURA_NO</OBJ_NAME2>
     <ID>&lt;element&gt; faturaNo &lt;type&gt; FaturaSorgulaSIT2Result http://akibetsorgula.model.standartimpltype2.driver.maestro.ibtech.com/xsd http://akibetsorgula.model.standartimpltype2.driver.maestro.ibtech.com/xsd</ID>
     <IFR_TYPE>element</IFR_TYPE>
     <IFR_NAME>faturaNo</IFR_NAME>
     <IFR_TAGTYP>E</IFR_TAGTYP>
     <IFR_MAXOCC>1</IFR_MAXOCC>
     <IFR_OPTNL>X</IFR_OPTNL>
     <IFR_XSDTYP>string</IFR_XSDTYP>
     <IFR_NILLABLE>X</IFR_NILLABLE>
     <IFR_SCALE>-2</IFR_SCALE>
     <R3_TYPE>FIEL</R3_TYPE>
     <R3_NAME>FATURA_NO</R3_NAME>
     <R3_DATATYP>STRG</R3_DATATYP>
     <R3_SEQNUM>000005</R3_SEQNUM>
    </item>
    <item>
     <OBJECT>TABL</OBJECT>
     <OBJ_NAME>ZDBS_QNBFATURA_SORGULA_SIT2RES</OBJ_NAME>
     <OBJECT1>FIEL</OBJECT1>
     <OBJ_NAME1>FATURA_TUTARI</OBJ_NAME1>
     <OBJECT2>FIEL</OBJECT2>
     <OBJ_NAME2>FATURA_TUTARI</OBJ_NAME2>
     <ID>&lt;element&gt; faturaTutari &lt;type&gt; FaturaSorgulaSIT2Result http://akibetsorgula.model.standartimpltype2.driver.maestro.ibtech.com/xsd http://akibetsorgula.model.standartimpltype2.driver.maestro.ibtech.com/xsd</ID>
     <IFR_TYPE>element</IFR_TYPE>
     <IFR_NAME>faturaTutari</IFR_NAME>
     <IFR_TAGTYP>E</IFR_TAGTYP>
     <IFR_MAXOCC>1</IFR_MAXOCC>
     <IFR_OPTNL>X</IFR_OPTNL>
     <IFR_XSDTYP>decimal</IFR_XSDTYP>
     <IFR_NILLABLE>X</IFR_NILLABLE>
     <IFR_SCALE>-2</IFR_SCALE>
     <R3_TYPE>FIEL</R3_TYPE>
     <R3_NAME>FATURA_TUTARI</R3_NAME>
     <R3_DATATYP>STRG</R3_DATATYP>
     <R3_SEQNUM>000006</R3_SEQNUM>
    </item>
    <item>
     <OBJECT>TABL</OBJECT>
     <OBJ_NAME>ZDBS_QNBFATURA_SORGULA_SIT2RES</OBJ_NAME>
     <OBJECT1>FIEL</OBJECT1>
     <OBJ_NAME1>FATURA_YUKLEME_TARIHI</OBJ_NAME1>
     <OBJECT2>FIEL</OBJECT2>
     <OBJ_NAME2>FATURA_YUKLEME_TARIHI</OBJ_NAME2>
     <ID>&lt;element&gt; faturaYuklemeTarihi &lt;type&gt; FaturaSorgulaSIT2Result http://akibetsorgula.model.standartimpltype2.driver.maestro.ibtech.com/xsd http://akibetsorgula.model.standartimpltype2.driver.maestro.ibtech.com/xsd</ID>
     <IFR_TYPE>element</IFR_TYPE>
     <IFR_NAME>faturaYuklemeTarihi</IFR_NAME>
     <IFR_TAGTYP>E</IFR_TAGTYP>
     <IFR_MAXOCC>1</IFR_MAXOCC>
     <IFR_OPTNL>X</IFR_OPTNL>
     <IFR_XSDTYP>date</IFR_XSDTYP>
     <IFR_NILLABLE>X</IFR_NILLABLE>
     <IFR_SCALE>-2</IFR_SCALE>
     <R3_TYPE>FIEL</R3_TYPE>
     <R3_NAME>FATURA_YUKLEME_TARIHI</R3_NAME>
     <R3_DTREF>XSDDATE_D</R3_DTREF>
     <R3_SEQNUM>000007</R3_SEQNUM>
    </item>
    <item>
     <OBJECT>TABL</OBJECT>
     <OBJ_NAME>ZDBS_QNBFATURA_SORGULA_SIT2RES</OBJ_NAME>
     <OBJECT1>FIEL</OBJECT1>
     <OBJ_NAME1>GARANTI_DISI_TUTAR</OBJ_NAME1>
     <OBJECT2>FIEL</OBJECT2>
     <OBJ_NAME2>GARANTI_DISI_TUTAR</OBJ_NAME2>
     <ID>&lt;element&gt; garantiDisiTutar &lt;type&gt; FaturaSorgulaSIT2Result http://akibetsorgula.model.standartimpltype2.driver.maestro.ibtech.com/xsd http://akibetsorgula.model.standartimpltype2.driver.maestro.ibtech.com/xsd</ID>
     <IFR_TYPE>element</IFR_TYPE>
     <IFR_NAME>garantiDisiTutar</IFR_NAME>
     <IFR_TAGTYP>E</IFR_TAGTYP>
     <IFR_MAXOCC>1</IFR_MAXOCC>
     <IFR_OPTNL>X</IFR_OPTNL>
     <IFR_XSDTYP>decimal</IFR_XSDTYP>
     <IFR_NILLABLE>X</IFR_NILLABLE>
     <IFR_SCALE>-2</IFR_SCALE>
     <R3_TYPE>FIEL</R3_TYPE>
     <R3_NAME>GARANTI_DISI_TUTAR</R3_NAME>
     <R3_DATATYP>STRG</R3_DATATYP>
     <R3_SEQNUM>000008</R3_SEQNUM>
    </item>
    <item>
     <OBJECT>TABL</OBJECT>
     <OBJ_NAME>ZDBS_QNBFATURA_SORGULA_SIT2RES</OBJ_NAME>
     <OBJECT1>FIEL</OBJECT1>
     <OBJ_NAME1>GARANTI_ICI_TUTAR</OBJ_NAME1>
     <OBJECT2>FIEL</OBJECT2>
     <OBJ_NAME2>GARANTI_ICI_TUTAR</OBJ_NAME2>
     <ID>&lt;element&gt; garantiIciTutar &lt;type&gt; FaturaSorgulaSIT2Result http://akibetsorgula.model.standartimpltype2.driver.maestro.ibtech.com/xsd http://akibetsorgula.model.standartimpltype2.driver.maestro.ibtech.com/xsd</ID>
     <IFR_TYPE>element</IFR_TYPE>
     <IFR_NAME>garantiIciTutar</IFR_NAME>
     <IFR_TAGTYP>E</IFR_TAGTYP>
     <IFR_MAXOCC>1</IFR_MAXOCC>
     <IFR_OPTNL>X</IFR_OPTNL>
     <IFR_XSDTYP>decimal</IFR_XSDTYP>
     <IFR_NILLABLE>X</IFR_NILLABLE>
     <IFR_SCALE>-2</IFR_SCALE>
     <R3_TYPE>FIEL</R3_TYPE>
     <R3_NAME>GARANTI_ICI_TUTAR</R3_NAME>
     <R3_DATATYP>STRG</R3_DATATYP>
     <R3_SEQNUM>000009</R3_SEQNUM>
    </item>
    <item>
     <OBJECT>TABL</OBJECT>
     <OBJ_NAME>ZDBS_QNBFATURA_SORGULA_SIT2RES</OBJ_NAME>
     <OBJECT1>FIEL</OBJECT1>
     <OBJ_NAME1>ODEME_STATUSU</OBJ_NAME1>
     <OBJECT2>FIEL</OBJECT2>
     <OBJ_NAME2>ODEME_STATUSU</OBJ_NAME2>
     <ID>&lt;element&gt; odemeStatusu &lt;type&gt; FaturaSorgulaSIT2Result http://akibetsorgula.model.standartimpltype2.driver.maestro.ibtech.com/xsd http://akibetsorgula.model.standartimpltype2.driver.maestro.ibtech.com/xsd</ID>
     <IFR_TYPE>element</IFR_TYPE>
     <IFR_NAME>odemeStatusu</IFR_NAME>
     <IFR_TAGTYP>E</IFR_TAGTYP>
     <IFR_MAXOCC>1</IFR_MAXOCC>
     <IFR_OPTNL>X</IFR_OPTNL>
     <IFR_XSDTYP>string</IFR_XSDTYP>
     <IFR_NILLABLE>X</IFR_NILLABLE>
     <IFR_SCALE>-2</IFR_SCALE>
     <R3_TYPE>FIEL</R3_TYPE>
     <R3_NAME>ODEME_STATUSU</R3_NAME>
     <R3_DATATYP>STRG</R3_DATATYP>
     <R3_SEQNUM>000010</R3_SEQNUM>
    </item>
    <item>
     <OBJECT>TABL</OBJECT>
     <OBJ_NAME>ZDBS_QNBFATURA_SORGULA_SIT2RES</OBJ_NAME>
     <OBJECT1>FIEL</OBJECT1>
     <OBJ_NAME1>SON_ODEME_TARIHI</OBJ_NAME1>
     <OBJECT2>FIEL</OBJECT2>
     <OBJ_NAME2>SON_ODEME_TARIHI</OBJ_NAME2>
     <ID>&lt;element&gt; sonOdemeTarihi &lt;type&gt; FaturaSorgulaSIT2Result http://akibetsorgula.model.standartimpltype2.driver.maestro.ibtech.com/xsd http://akibetsorgula.model.standartimpltype2.driver.maestro.ibtech.com/xsd</ID>
     <IFR_TYPE>element</IFR_TYPE>
     <IFR_NAME>sonOdemeTarihi</IFR_NAME>
     <IFR_TAGTYP>E</IFR_TAGTYP>
     <IFR_MAXOCC>1</IFR_MAXOCC>
     <IFR_OPTNL>X</IFR_OPTNL>
     <IFR_XSDTYP>date</IFR_XSDTYP>
     <IFR_NILLABLE>X</IFR_NILLABLE>
     <IFR_SCALE>-2</IFR_SCALE>
     <R3_TYPE>FIEL</R3_TYPE>
     <R3_NAME>SON_ODEME_TARIHI</R3_NAME>
     <R3_DTREF>XSDDATE_D</R3_DTREF>
     <R3_SEQNUM>000011</R3_SEQNUM>
    </item>
    <item>
     <OBJECT>TABL</OBJECT>
     <OBJ_NAME>ZDBS_QNBFATURA_SORGULA_SIT2RES</OBJ_NAME>
     <OBJECT1>FIEL</OBJECT1>
     <OBJ_NAME1>TAHAKKUK_TIPI</OBJ_NAME1>
     <OBJECT2>FIEL</OBJECT2>
     <OBJ_NAME2>TAHAKKUK_TIPI</OBJ_NAME2>
     <ID>&lt;element&gt; tahakkukTipi &lt;type&gt; FaturaSorgulaSIT2Result http://akibetsorgula.model.standartimpltype2.driver.maestro.ibtech.com/xsd http://akibetsorgula.model.standartimpltype2.driver.maestro.ibtech.com/xsd</ID>
     <IFR_TYPE>element</IFR_TYPE>
     <IFR_NAME>tahakkukTipi</IFR_NAME>
     <IFR_TAGTYP>E</IFR_TAGTYP>
     <IFR_MAXOCC>1</IFR_MAXOCC>
     <IFR_OPTNL>X</IFR_OPTNL>
     <IFR_XSDTYP>string</IFR_XSDTYP>
     <IFR_NILLABLE>X</IFR_NILLABLE>
     <IFR_SCALE>-2</IFR_SCALE>
     <R3_TYPE>FIEL</R3_TYPE>
     <R3_NAME>TAHAKKUK_TIPI</R3_NAME>
     <R3_DATATYP>STRG</R3_DATATYP>
     <R3_SEQNUM>000012</R3_SEQNUM>
    </item>
    <item>
     <OBJECT>TABL</OBJECT>
     <OBJ_NAME>ZDBS_QNBFATURA_SORGULA_SIT2RES</OBJ_NAME>
     <OBJECT1>FIEL</OBJECT1>
     <OBJ_NAME1>TAHSILAT_TARIHI</OBJ_NAME1>
     <OBJECT2>FIEL</OBJECT2>
     <OBJ_NAME2>TAHSILAT_TARIHI</OBJ_NAME2>
     <ID>&lt;element&gt; tahsilatTarihi &lt;type&gt; FaturaSorgulaSIT2Result http://akibetsorgula.model.standartimpltype2.driver.maestro.ibtech.com/xsd http://akibetsorgula.model.standartimpltype2.driver.maestro.ibtech.com/xsd</ID>
     <IFR_TYPE>element</IFR_TYPE>
     <IFR_NAME>tahsilatTarihi</IFR_NAME>
     <IFR_TAGTYP>E</IFR_TAGTYP>
     <IFR_MAXOCC>1</IFR_MAXOCC>
     <IFR_OPTNL>X</IFR_OPTNL>
     <IFR_XSDTYP>date</IFR_XSDTYP>
     <IFR_NILLABLE>X</IFR_NILLABLE>
     <IFR_SCALE>-2</IFR_SCALE>
     <R3_TYPE>FIEL</R3_TYPE>
     <R3_NAME>TAHSILAT_TARIHI</R3_NAME>
     <R3_DTREF>XSDDATE_D</R3_DTREF>
     <R3_SEQNUM>000013</R3_SEQNUM>
    </item>
    <item>
     <OBJECT>TABL</OBJECT>
     <OBJ_NAME>ZDBS_QNBFATURA_SORGULA_SIT2RES</OBJ_NAME>
     <OBJECT1>FIEL</OBJECT1>
     <OBJ_NAME1>TAHSILAT_TUTARI</OBJ_NAME1>
     <OBJECT2>FIEL</OBJECT2>
     <OBJ_NAME2>TAHSILAT_TUTARI</OBJ_NAME2>
     <ID>&lt;element&gt; tahsilatTutari &lt;type&gt; FaturaSorgulaSIT2Result http://akibetsorgula.model.standartimpltype2.driver.maestro.ibtech.com/xsd http://akibetsorgula.model.standartimpltype2.driver.maestro.ibtech.com/xsd</ID>
     <IFR_TYPE>element</IFR_TYPE>
     <IFR_NAME>tahsilatTutari</IFR_NAME>
     <IFR_TAGTYP>E</IFR_TAGTYP>
     <IFR_MAXOCC>1</IFR_MAXOCC>
     <IFR_OPTNL>X</IFR_OPTNL>
     <IFR_XSDTYP>decimal</IFR_XSDTYP>
     <IFR_NILLABLE>X</IFR_NILLABLE>
     <IFR_SCALE>-2</IFR_SCALE>
     <R3_TYPE>FIEL</R3_TYPE>
     <R3_NAME>TAHSILAT_TUTARI</R3_NAME>
     <R3_DATATYP>STRG</R3_DATATYP>
     <R3_SEQNUM>000014</R3_SEQNUM>
    </item>
    <item>
     <OBJECT>TABL</OBJECT>
     <OBJ_NAME>ZDBS_QNBFATURA_SORGULA_SIT2RES</OBJ_NAME>
     <OBJECT1>TABL</OBJECT1>
     <OBJ_NAME1>ZDBS_QNBFATURA_SORGULA_SIT2RES</OBJ_NAME1>
     <OBJECT2>TABL</OBJECT2>
     <OBJ_NAME2>ZDBS_QNBFATURA_SORGULA_SIT2RES</OBJ_NAME2>
     <ID>&lt;type&gt; FaturaSorgulaSIT2Result http://akibetsorgula.model.standartimpltype2.driver.maestro.ibtech.com/xsd http://akibetsorgula.model.standartimpltype2.driver.maestro.ibtech.com/xsd</ID>
     <IFR_TYPE>type</IFR_TYPE>
     <IFR_NAME>FaturaSorgulaSIT2Result</IFR_NAME>
     <IFR_SCALE>-2</IFR_SCALE>
     <R3_TYPE>TABL</R3_TYPE>
     <R3_NAME>ZDBS_QNBFATURA_SORGULA_SIT2RES</R3_NAME>
     <R3_TEXT>Proxy Structure (generated)</R3_TEXT>
     <CATEGORY>ifmtypedef</CATEGORY>
    </item>
   </PROXY_DATA>
  </asx:values>
 </asx:abap>
</abapGit>
