﻿<?xml version="1.0" encoding="utf-8"?>
<abapGit version="v1.0.0" serializer="LCL_OBJECT_SPRX" serializer_version="v1.0.0">
 <asx:abap xmlns:asx="http://www.sap.com/abapxml" version="1.0">
  <asx:values>
   <PROXY_HEADER>
    <item>
     <OBJECT>TABL</OBJECT>
     <OBJ_NAME>ZDBS_GRNINVOICE_INFO_TYPE</OBJ_NAME>
     <OBJECT_M>TABL</OBJECT_M>
     <OBJ_NAME_M>ZDBS_GRNINVOICE_INFO_TYPE</OBJ_NAME_M>
     <HASH_ID>0D03E0DA0E7705312E4A8592624E71B591E24863</HASH_ID>
     <ID>&lt;type&gt; InvoiceInfoType PaymentService PaymentService</ID>
     <IFR_GLOBAL>X</IFR_GLOBAL>
     <IFR_TYPE>type</IFR_TYPE>
     <IFR_NAME>InvoiceInfoType</IFR_NAME>
     <IFR_NSPCE>PaymentService</IFR_NSPCE>
     <IFR_GNSPCE>PaymentService</IFR_GNSPCE>
     <GEN_VERS>0005</GEN_VERS>
     <PREFIX>ZDBS_GRN</PREFIX>
     <CATEGORY>ifmtypedef</CATEGORY>
     <GEN_APPL>WEBSERVICES</GEN_APPL>
     <X-ML_NSPCE>PaymentService</X-ML_NSPCE>
     <X-ML_NAME>InvoiceInfoType</X-ML_NAME>
    </item>
   </PROXY_HEADER>
   <PROXY_DATA>
    <item>
     <OBJECT>TABL</OBJECT>
     <OBJ_NAME>ZDBS_GRNINVOICE_INFO_TYPE</OBJ_NAME>
     <OBJECT1>FIEL</OBJECT1>
     <OBJ_NAME1>AMOUNT</OBJ_NAME1>
     <OBJECT2>FIEL</OBJECT2>
     <OBJ_NAME2>AMOUNT</OBJ_NAME2>
     <OBJECT_R>DTEL</OBJECT_R>
     <OBJ_NAME_R>ZDBS_GRNAMOUNT_TYPE</OBJ_NAME_R>
     <ID>&lt;element&gt; {PaymentService}Amount &lt;type&gt; InvoiceInfoType PaymentService PaymentService</ID>
     <IFR_TYPE>element</IFR_TYPE>
     <IFR_NAME>Amount</IFR_NAME>
     <IFR_TAGTYP>E</IFR_TAGTYP>
     <IFR_MINOCC>1</IFR_MINOCC>
     <IFR_MAXOCC>1</IFR_MAXOCC>
     <IFR_QUALIF>X</IFR_QUALIF>
     <IFR_SCALE>-2</IFR_SCALE>
     <R3_TYPE>FIEL</R3_TYPE>
     <R3_NAME>AMOUNT</R3_NAME>
     <R3_SEQNUM>000010</R3_SEQNUM>
    </item>
    <item>
     <OBJECT>TABL</OBJECT>
     <OBJ_NAME>ZDBS_GRNINVOICE_INFO_TYPE</OBJ_NAME>
     <OBJECT1>FIEL</OBJECT1>
     <OBJ_NAME1>CONTRACT_ID</OBJ_NAME1>
     <OBJECT2>FIEL</OBJECT2>
     <OBJ_NAME2>CONTRACT_ID</OBJ_NAME2>
     <OBJECT_R>DTEL</OBJECT_R>
     <OBJ_NAME_R>ZDBS_GRNA30TYPE</OBJ_NAME_R>
     <ID>&lt;element&gt; {PaymentService}ContractID &lt;type&gt; InvoiceInfoType PaymentService PaymentService</ID>
     <IFR_TYPE>element</IFR_TYPE>
     <IFR_NAME>ContractID</IFR_NAME>
     <IFR_TAGTYP>E</IFR_TAGTYP>
     <IFR_MINOCC>1</IFR_MINOCC>
     <IFR_MAXOCC>1</IFR_MAXOCC>
     <IFR_QUALIF>X</IFR_QUALIF>
     <IFR_SCALE>-2</IFR_SCALE>
     <R3_TYPE>FIEL</R3_TYPE>
     <R3_NAME>CONTRACT_ID</R3_NAME>
     <R3_SEQNUM>000005</R3_SEQNUM>
    </item>
    <item>
     <OBJECT>TABL</OBJECT>
     <OBJ_NAME>ZDBS_GRNINVOICE_INFO_TYPE</OBJ_NAME>
     <OBJECT1>FIEL</OBJECT1>
     <OBJ_NAME1>CREDIT_CONTRACT_ID</OBJ_NAME1>
     <OBJECT2>FIEL</OBJECT2>
     <OBJ_NAME2>CREDIT_CONTRACT_ID</OBJ_NAME2>
     <OBJECT_R>DTEL</OBJECT_R>
     <OBJ_NAME_R>ZDBS_GRNA30TYPE</OBJ_NAME_R>
     <ID>&lt;element&gt; {PaymentService}CreditContractID &lt;type&gt; InvoiceInfoType PaymentService PaymentService</ID>
     <IFR_TYPE>element</IFR_TYPE>
     <IFR_NAME>CreditContractID</IFR_NAME>
     <IFR_TAGTYP>E</IFR_TAGTYP>
     <IFR_MAXOCC>1</IFR_MAXOCC>
     <IFR_OPTNL>X</IFR_OPTNL>
     <IFR_QUALIF>X</IFR_QUALIF>
     <IFR_SCALE>-2</IFR_SCALE>
     <R3_TYPE>FIEL</R3_TYPE>
     <R3_NAME>CREDIT_CONTRACT_ID</R3_NAME>
     <R3_SEQNUM>000013</R3_SEQNUM>
    </item>
    <item>
     <OBJECT>TABL</OBJECT>
     <OBJ_NAME>ZDBS_GRNINVOICE_INFO_TYPE</OBJ_NAME>
     <OBJECT1>FIEL</OBJECT1>
     <OBJ_NAME1>CURR_CODE</OBJ_NAME1>
     <OBJECT2>FIEL</OBJECT2>
     <OBJ_NAME2>CURR_CODE</OBJ_NAME2>
     <OBJECT_R>DTEL</OBJECT_R>
     <OBJ_NAME_R>ZDBS_GRNA3TYPE</OBJ_NAME_R>
     <ID>&lt;element&gt; {PaymentService}CurrCode &lt;type&gt; InvoiceInfoType PaymentService PaymentService</ID>
     <IFR_TYPE>element</IFR_TYPE>
     <IFR_NAME>CurrCode</IFR_NAME>
     <IFR_TAGTYP>E</IFR_TAGTYP>
     <IFR_MINOCC>1</IFR_MINOCC>
     <IFR_MAXOCC>1</IFR_MAXOCC>
     <IFR_QUALIF>X</IFR_QUALIF>
     <IFR_SCALE>-2</IFR_SCALE>
     <R3_TYPE>FIEL</R3_TYPE>
     <R3_NAME>CURR_CODE</R3_NAME>
     <R3_SEQNUM>000011</R3_SEQNUM>
    </item>
    <item>
     <OBJECT>TABL</OBJECT>
     <OBJ_NAME>ZDBS_GRNINVOICE_INFO_TYPE</OBJ_NAME>
     <OBJECT1>FIEL</OBJECT1>
     <OBJ_NAME1>DUE_DATE</OBJ_NAME1>
     <OBJECT2>FIEL</OBJECT2>
     <OBJ_NAME2>DUE_DATE</OBJ_NAME2>
     <OBJECT_R>DTEL</OBJECT_R>
     <OBJ_NAME_R>ZDBS_GRNDATE_TYPE</OBJ_NAME_R>
     <ID>&lt;element&gt; {PaymentService}DueDate &lt;type&gt; InvoiceInfoType PaymentService PaymentService</ID>
     <IFR_TYPE>element</IFR_TYPE>
     <IFR_NAME>DueDate</IFR_NAME>
     <IFR_TAGTYP>E</IFR_TAGTYP>
     <IFR_MINOCC>1</IFR_MINOCC>
     <IFR_MAXOCC>1</IFR_MAXOCC>
     <IFR_QUALIF>X</IFR_QUALIF>
     <IFR_SCALE>-2</IFR_SCALE>
     <R3_TYPE>FIEL</R3_TYPE>
     <R3_NAME>DUE_DATE</R3_NAME>
     <R3_SEQNUM>000009</R3_SEQNUM>
    </item>
    <item>
     <OBJECT>TABL</OBJECT>
     <OBJ_NAME>ZDBS_GRNINVOICE_INFO_TYPE</OBJ_NAME>
     <OBJECT1>FIEL</OBJECT1>
     <OBJ_NAME1>INVOICE_DATE</OBJ_NAME1>
     <OBJECT2>FIEL</OBJECT2>
     <OBJ_NAME2>INVOICE_DATE</OBJ_NAME2>
     <OBJECT_R>DTEL</OBJECT_R>
     <OBJ_NAME_R>ZDBS_GRNDATE_TYPE</OBJ_NAME_R>
     <ID>&lt;element&gt; {PaymentService}InvoiceDate &lt;type&gt; InvoiceInfoType PaymentService PaymentService</ID>
     <IFR_TYPE>element</IFR_TYPE>
     <IFR_NAME>InvoiceDate</IFR_NAME>
     <IFR_TAGTYP>E</IFR_TAGTYP>
     <IFR_MINOCC>1</IFR_MINOCC>
     <IFR_MAXOCC>1</IFR_MAXOCC>
     <IFR_QUALIF>X</IFR_QUALIF>
     <IFR_SCALE>-2</IFR_SCALE>
     <R3_TYPE>FIEL</R3_TYPE>
     <R3_NAME>INVOICE_DATE</R3_NAME>
     <R3_SEQNUM>000008</R3_SEQNUM>
    </item>
    <item>
     <OBJECT>TABL</OBJECT>
     <OBJ_NAME>ZDBS_GRNINVOICE_INFO_TYPE</OBJ_NAME>
     <OBJECT1>FIEL</OBJECT1>
     <OBJ_NAME1>INVOICE_NUMBER</OBJ_NAME1>
     <OBJECT2>FIEL</OBJECT2>
     <OBJ_NAME2>INVOICE_NUMBER</OBJ_NAME2>
     <OBJECT_R>DTEL</OBJECT_R>
     <OBJ_NAME_R>ZDBS_GRNA19TYPE</OBJ_NAME_R>
     <ID>&lt;element&gt; {PaymentService}InvoiceNumber &lt;type&gt; InvoiceInfoType PaymentService PaymentService</ID>
     <IFR_TYPE>element</IFR_TYPE>
     <IFR_NAME>InvoiceNumber</IFR_NAME>
     <IFR_TAGTYP>E</IFR_TAGTYP>
     <IFR_MINOCC>1</IFR_MINOCC>
     <IFR_MAXOCC>1</IFR_MAXOCC>
     <IFR_QUALIF>X</IFR_QUALIF>
     <IFR_SCALE>-2</IFR_SCALE>
     <R3_TYPE>FIEL</R3_TYPE>
     <R3_NAME>INVOICE_NUMBER</R3_NAME>
     <R3_SEQNUM>000007</R3_SEQNUM>
    </item>
    <item>
     <OBJECT>TABL</OBJECT>
     <OBJ_NAME>ZDBS_GRNINVOICE_INFO_TYPE</OBJ_NAME>
     <OBJECT1>FIEL</OBJECT1>
     <OBJ_NAME1>INVOICE_TYPE</OBJ_NAME1>
     <OBJECT2>FIEL</OBJECT2>
     <OBJ_NAME2>INVOICE_TYPE</OBJ_NAME2>
     <OBJECT_R>DTEL</OBJECT_R>
     <OBJ_NAME_R>ZDBS_GRNA1TYPE</OBJ_NAME_R>
     <ID>&lt;element&gt; {PaymentService}InvoiceType &lt;type&gt; InvoiceInfoType PaymentService PaymentService</ID>
     <IFR_TYPE>element</IFR_TYPE>
     <IFR_NAME>InvoiceType</IFR_NAME>
     <IFR_TAGTYP>E</IFR_TAGTYP>
     <IFR_MINOCC>1</IFR_MINOCC>
     <IFR_MAXOCC>1</IFR_MAXOCC>
     <IFR_QUALIF>X</IFR_QUALIF>
     <IFR_SCALE>-2</IFR_SCALE>
     <R3_TYPE>FIEL</R3_TYPE>
     <R3_NAME>INVOICE_TYPE</R3_NAME>
     <R3_SEQNUM>000006</R3_SEQNUM>
    </item>
    <item>
     <OBJECT>TABL</OBJECT>
     <OBJ_NAME>ZDBS_GRNINVOICE_INFO_TYPE</OBJ_NAME>
     <OBJECT1>FIEL</OBJECT1>
     <OBJ_NAME1>NAME</OBJ_NAME1>
     <OBJECT2>FIEL</OBJECT2>
     <OBJ_NAME2>NAME</OBJ_NAME2>
     <OBJECT_R>DTEL</OBJECT_R>
     <OBJ_NAME_R>ZDBS_GRNA30TYPE</OBJ_NAME_R>
     <ID>&lt;element&gt; {PaymentService}Name &lt;type&gt; InvoiceInfoType PaymentService PaymentService</ID>
     <IFR_TYPE>element</IFR_TYPE>
     <IFR_NAME>Name</IFR_NAME>
     <IFR_TAGTYP>E</IFR_TAGTYP>
     <IFR_MAXOCC>1</IFR_MAXOCC>
     <IFR_OPTNL>X</IFR_OPTNL>
     <IFR_QUALIF>X</IFR_QUALIF>
     <IFR_SCALE>-2</IFR_SCALE>
     <R3_TYPE>FIEL</R3_TYPE>
     <R3_NAME>NAME</R3_NAME>
     <R3_SEQNUM>000012</R3_SEQNUM>
    </item>
    <item>
     <OBJECT>TABL</OBJECT>
     <OBJ_NAME>ZDBS_GRNINVOICE_INFO_TYPE</OBJ_NAME>
     <OBJECT1>FIEL</OBJECT1>
     <OBJ_NAME1>OPERATION</OBJ_NAME1>
     <OBJECT2>FIEL</OBJECT2>
     <OBJ_NAME2>OPERATION</OBJ_NAME2>
     <OBJECT_R>DTEL</OBJECT_R>
     <OBJ_NAME_R>ZDBS_GRNOPERATION_TYPE_TYPE</OBJ_NAME_R>
     <ID>&lt;element&gt; {PaymentService}Operation &lt;type&gt; InvoiceInfoType PaymentService PaymentService</ID>
     <IFR_TYPE>element</IFR_TYPE>
     <IFR_NAME>Operation</IFR_NAME>
     <IFR_TAGTYP>E</IFR_TAGTYP>
     <IFR_MINOCC>1</IFR_MINOCC>
     <IFR_MAXOCC>1</IFR_MAXOCC>
     <IFR_QUALIF>X</IFR_QUALIF>
     <IFR_SCALE>-2</IFR_SCALE>
     <R3_TYPE>FIEL</R3_TYPE>
     <R3_NAME>OPERATION</R3_NAME>
     <R3_SEQNUM>000001</R3_SEQNUM>
    </item>
    <item>
     <OBJECT>TABL</OBJECT>
     <OBJ_NAME>ZDBS_GRNINVOICE_INFO_TYPE</OBJ_NAME>
     <OBJECT1>FIEL</OBJECT1>
     <OBJ_NAME1>REGION_CODE</OBJ_NAME1>
     <OBJECT2>FIEL</OBJECT2>
     <OBJ_NAME2>REGION_CODE</OBJ_NAME2>
     <OBJECT_R>DTEL</OBJECT_R>
     <OBJ_NAME_R>ZDBS_GRNA20TYPE</OBJ_NAME_R>
     <ID>&lt;element&gt; {PaymentService}RegionCode &lt;type&gt; InvoiceInfoType PaymentService PaymentService</ID>
     <IFR_TYPE>element</IFR_TYPE>
     <IFR_NAME>RegionCode</IFR_NAME>
     <IFR_TAGTYP>E</IFR_TAGTYP>
     <IFR_MAXOCC>1</IFR_MAXOCC>
     <IFR_OPTNL>X</IFR_OPTNL>
     <IFR_QUALIF>X</IFR_QUALIF>
     <IFR_SCALE>-2</IFR_SCALE>
     <R3_TYPE>FIEL</R3_TYPE>
     <R3_NAME>REGION_CODE</R3_NAME>
     <R3_SEQNUM>000002</R3_SEQNUM>
    </item>
    <item>
     <OBJECT>TABL</OBJECT>
     <OBJ_NAME>ZDBS_GRNINVOICE_INFO_TYPE</OBJ_NAME>
     <OBJECT1>FIEL</OBJECT1>
     <OBJ_NAME1>TRF_TYPE</OBJ_NAME1>
     <OBJECT2>FIEL</OBJECT2>
     <OBJ_NAME2>TRF_TYPE</OBJ_NAME2>
     <OBJECT_R>DTEL</OBJECT_R>
     <OBJ_NAME_R>ZDBS_GRNTRF_TYPE_TYPE</OBJ_NAME_R>
     <ID>&lt;element&gt; {PaymentService}TrfType &lt;type&gt; InvoiceInfoType PaymentService PaymentService</ID>
     <IFR_TYPE>element</IFR_TYPE>
     <IFR_NAME>TrfType</IFR_NAME>
     <IFR_TAGTYP>E</IFR_TAGTYP>
     <IFR_MINOCC>1</IFR_MINOCC>
     <IFR_MAXOCC>1</IFR_MAXOCC>
     <IFR_QUALIF>X</IFR_QUALIF>
     <IFR_SCALE>-2</IFR_SCALE>
     <R3_TYPE>FIEL</R3_TYPE>
     <R3_NAME>TRF_TYPE</R3_NAME>
     <R3_SEQNUM>000004</R3_SEQNUM>
    </item>
    <item>
     <OBJECT>TABL</OBJECT>
     <OBJ_NAME>ZDBS_GRNINVOICE_INFO_TYPE</OBJ_NAME>
     <OBJECT1>FIEL</OBJECT1>
     <OBJ_NAME1>TRF_UNIQUE_ID</OBJ_NAME1>
     <OBJECT2>FIEL</OBJECT2>
     <OBJ_NAME2>TRF_UNIQUE_ID</OBJ_NAME2>
     <OBJECT_R>DTEL</OBJECT_R>
     <OBJ_NAME_R>ZDBS_GRNA24TYPE</OBJ_NAME_R>
     <ID>&lt;element&gt; {PaymentService}TrfUniqueID &lt;type&gt; InvoiceInfoType PaymentService PaymentService</ID>
     <IFR_TYPE>element</IFR_TYPE>
     <IFR_NAME>TrfUniqueID</IFR_NAME>
     <IFR_TAGTYP>E</IFR_TAGTYP>
     <IFR_MINOCC>1</IFR_MINOCC>
     <IFR_MAXOCC>1</IFR_MAXOCC>
     <IFR_QUALIF>X</IFR_QUALIF>
     <IFR_SCALE>-2</IFR_SCALE>
     <R3_TYPE>FIEL</R3_TYPE>
     <R3_NAME>TRF_UNIQUE_ID</R3_NAME>
     <R3_SEQNUM>000003</R3_SEQNUM>
    </item>
    <item>
     <OBJECT>TABL</OBJECT>
     <OBJ_NAME>ZDBS_GRNINVOICE_INFO_TYPE</OBJ_NAME>
     <OBJECT1>TABL</OBJECT1>
     <OBJ_NAME1>ZDBS_GRNINVOICE_INFO_TYPE</OBJ_NAME1>
     <OBJECT2>TABL</OBJECT2>
     <OBJ_NAME2>ZDBS_GRNINVOICE_INFO_TYPE</OBJ_NAME2>
     <ID>&lt;type&gt; InvoiceInfoType PaymentService PaymentService</ID>
     <IFR_TYPE>type</IFR_TYPE>
     <IFR_NAME>InvoiceInfoType</IFR_NAME>
     <IFR_SCALE>-2</IFR_SCALE>
     <R3_TYPE>TABL</R3_TYPE>
     <R3_NAME>ZDBS_GRNINVOICE_INFO_TYPE</R3_NAME>
     <R3_TEXT>Proxy Structure (generated)</R3_TEXT>
     <CATEGORY>ifmtypedef</CATEGORY>
    </item>
   </PROXY_DATA>
  </asx:values>
 </asx:abap>
</abapGit>
