﻿<?xml version="1.0" encoding="utf-8"?>
<abapGit version="v1.0.0" serializer="LCL_OBJECT_SPRX" serializer_version="v1.0.0">
 <asx:abap xmlns:asx="http://www.sap.com/abapxml" version="1.0">
  <asx:values>
   <PROXY_HEADER>
    <item>
     <OBJECT>TABL</OBJECT>
     <OBJ_NAME>ZDBS_TEBTEBDBSFATURA_AKIBET_S2</OBJ_NAME>
     <OBJECT_M>TABL</OBJECT_M>
     <OBJ_NAME_M>ZDBS_TEBTEBDBSFATURA_AKIBET_S2</OBJ_NAME_M>
     <HASH_ID>032C0F31D8498CCD89C457ED0778C592AD3A68D8</HASH_ID>
     <ID>&lt;type&gt; TEBDBSFaturaAkibetSorguTopluSonuc http://com.teb.tebdbs/ http://com.teb.tebdbs/</ID>
     <IFR_GLOBAL>X</IFR_GLOBAL>
     <IFR_TYPE>type</IFR_TYPE>
     <IFR_NAME>TEBDBSFaturaAkibetSorguTopluSonuc</IFR_NAME>
     <IFR_NSPCE>http://com.teb.tebdbs/</IFR_NSPCE>
     <IFR_GNSPCE>http://com.teb.tebdbs/</IFR_GNSPCE>
     <GEN_VERS>0005</GEN_VERS>
     <PREFIX>ZDBS_TEB</PREFIX>
     <CATEGORY>ifmtypedef</CATEGORY>
     <GEN_APPL>WEBSERVICES</GEN_APPL>
     <X-ML_NSPCE>http://com.teb.tebdbs/</X-ML_NSPCE>
     <X-ML_NAME>TEBDBSFaturaAkibetSorguTopluSonuc</X-ML_NAME>
    </item>
   </PROXY_HEADER>
   <PROXY_DATA>
    <item>
     <OBJECT>TABL</OBJECT>
     <OBJ_NAME>ZDBS_TEBTEBDBSFATURA_AKIBET_S2</OBJ_NAME>
     <OBJECT1>FIEL</OBJECT1>
     <OBJ_NAME1>CEVAP_ACK</OBJ_NAME1>
     <OBJECT2>FIEL</OBJECT2>
     <OBJ_NAME2>CEVAP_ACK</OBJ_NAME2>
     <ID>&lt;element&gt; {http://com.teb.tebdbs/}cevapAck &lt;type&gt; TEBDBSFaturaAkibetSorguTopluSonuc http://com.teb.tebdbs/ http://com.teb.tebdbs/</ID>
     <IFR_TYPE>element</IFR_TYPE>
     <IFR_NAME>cevapAck</IFR_NAME>
     <IFR_TAGTYP>E</IFR_TAGTYP>
     <IFR_MINOCC>1</IFR_MINOCC>
     <IFR_MAXOCC>1</IFR_MAXOCC>
     <IFR_QUALIF>X</IFR_QUALIF>
     <IFR_XSDTYP>string</IFR_XSDTYP>
     <IFR_NILLABLE>X</IFR_NILLABLE>
     <IFR_SCALE>-2</IFR_SCALE>
     <R3_TYPE>FIEL</R3_TYPE>
     <R3_NAME>CEVAP_ACK</R3_NAME>
     <R3_DATATYP>STRG</R3_DATATYP>
     <R3_SEQNUM>000002</R3_SEQNUM>
    </item>
    <item>
     <OBJECT>TABL</OBJECT>
     <OBJ_NAME>ZDBS_TEBTEBDBSFATURA_AKIBET_S2</OBJ_NAME>
     <OBJECT1>FIEL</OBJECT1>
     <OBJ_NAME1>CEVAP_KOD</OBJ_NAME1>
     <OBJECT2>FIEL</OBJECT2>
     <OBJ_NAME2>CEVAP_KOD</OBJ_NAME2>
     <ID>&lt;element&gt; {http://com.teb.tebdbs/}cevapKod &lt;type&gt; TEBDBSFaturaAkibetSorguTopluSonuc http://com.teb.tebdbs/ http://com.teb.tebdbs/</ID>
     <IFR_TYPE>element</IFR_TYPE>
     <IFR_NAME>cevapKod</IFR_NAME>
     <IFR_TAGTYP>E</IFR_TAGTYP>
     <IFR_MINOCC>1</IFR_MINOCC>
     <IFR_MAXOCC>1</IFR_MAXOCC>
     <IFR_QUALIF>X</IFR_QUALIF>
     <IFR_XSDTYP>string</IFR_XSDTYP>
     <IFR_NILLABLE>X</IFR_NILLABLE>
     <IFR_SCALE>-2</IFR_SCALE>
     <R3_TYPE>FIEL</R3_TYPE>
     <R3_NAME>CEVAP_KOD</R3_NAME>
     <R3_DATATYP>STRG</R3_DATATYP>
     <R3_SEQNUM>000001</R3_SEQNUM>
    </item>
    <item>
     <OBJECT>TABL</OBJECT>
     <OBJ_NAME>ZDBS_TEBTEBDBSFATURA_AKIBET_S2</OBJ_NAME>
     <OBJECT1>FIEL</OBJECT1>
     <OBJ_NAME1>FATURA_LISTE</OBJ_NAME1>
     <OBJECT2>FIEL</OBJECT2>
     <OBJ_NAME2>FATURA_LISTE</OBJ_NAME2>
     <OBJECT_R>TTYP</OBJECT_R>
     <OBJ_NAME_R>ZDBS_TEBDBSFATURA_LISTE_TAB</OBJ_NAME_R>
     <ID>&lt;element&gt; {http://com.teb.tebdbs/}faturaListe &lt;type&gt; TEBDBSFaturaAkibetSorguTopluSonuc http://com.teb.tebdbs/ http://com.teb.tebdbs/</ID>
     <IFR_TYPE>element</IFR_TYPE>
     <IFR_NAME>faturaListe</IFR_NAME>
     <IFR_TAGTYP>L</IFR_TAGTYP>
     <IFR_MAXOCC>65535</IFR_MAXOCC>
     <IFR_OPTNL>X</IFR_OPTNL>
     <IFR_QUALIF>X</IFR_QUALIF>
     <IFR_NILLABLE>X</IFR_NILLABLE>
     <IFR_SCALE>-2</IFR_SCALE>
     <R3_TYPE>FIEL</R3_TYPE>
     <R3_NAME>FATURA_LISTE</R3_NAME>
     <R3_SEQNUM>000003</R3_SEQNUM>
    </item>
    <item>
     <OBJECT>TABL</OBJECT>
     <OBJ_NAME>ZDBS_TEBTEBDBSFATURA_AKIBET_S2</OBJ_NAME>
     <OBJECT1>TABL</OBJECT1>
     <OBJ_NAME1>ZDBS_TEBTEBDBSFATURA_AKIBET_S2</OBJ_NAME1>
     <OBJECT2>TABL</OBJECT2>
     <OBJ_NAME2>ZDBS_TEBTEBDBSFATURA_AKIBET_S2</OBJ_NAME2>
     <ID>&lt;type&gt; TEBDBSFaturaAkibetSorguTopluSonuc http://com.teb.tebdbs/ http://com.teb.tebdbs/</ID>
     <IFR_TYPE>type</IFR_TYPE>
     <IFR_NAME>TEBDBSFaturaAkibetSorguTopluSonuc</IFR_NAME>
     <IFR_SCALE>-2</IFR_SCALE>
     <R3_TYPE>TABL</R3_TYPE>
     <R3_NAME>ZDBS_TEBTEBDBSFATURA_AKIBET_S2</R3_NAME>
     <R3_TEXT>Proxy Structure (generated)</R3_TEXT>
     <CATEGORY>ifmtypedef</CATEGORY>
    </item>
   </PROXY_DATA>
  </asx:values>
 </asx:abap>
</abapGit>
