﻿<?xml version="1.0" encoding="utf-8"?>
<abapGit version="v1.0.0" serializer="LCL_OBJECT_SPRX" serializer_version="v1.0.0">
 <asx:abap xmlns:asx="http://www.sap.com/abapxml" version="1.0">
  <asx:values>
   <PROXY_HEADER>
    <item>
     <OBJECT>TABL</OBJECT>
     <OBJ_NAME>ZDBS_ISBINVOICE_KEY</OBJ_NAME>
     <OBJECT_M>TABL</OBJECT_M>
     <OBJ_NAME_M>ZDBS_ISBINVOICE_KEY</OBJ_NAME_M>
     <HASH_ID>8AB086323634B1F3D814D3B4B4BE7FAB6584E5D2</HASH_ID>
     <ID>&lt;type&gt; InvoiceKey http://isbank.com/OpSvcs/PaymentMgmtProcessing/DDS/Core/Schema/V1 http://isbank.com/OpSvcs/PaymentMgmtProcessing/DDS/Core/Schema/V1</ID>
     <IFR_GLOBAL>X</IFR_GLOBAL>
     <IFR_TYPE>type</IFR_TYPE>
     <IFR_NAME>InvoiceKey</IFR_NAME>
     <IFR_NSPCE>http://isbank.com/OpSvcs/PaymentMgmtProcessing/DDS/Core/Schema/V1</IFR_NSPCE>
     <IFR_GNSPCE>http://isbank.com/OpSvcs/PaymentMgmtProcessing/DDS/Core/Schema/V1</IFR_GNSPCE>
     <GEN_VERS>0005</GEN_VERS>
     <PREFIX>ZDBS_ISB</PREFIX>
     <CATEGORY>ifmtypedef</CATEGORY>
     <GEN_APPL>WEBSERVICES</GEN_APPL>
     <X-ML_NSPCE>http://isbank.com/OpSvcs/PaymentMgmtProcessing/DDS/Core/Schema/V1</X-ML_NSPCE>
     <X-ML_NAME>InvoiceKey</X-ML_NAME>
    </item>
   </PROXY_HEADER>
   <PROXY_DATA>
    <item>
     <OBJECT>TABL</OBJECT>
     <OBJ_NAME>ZDBS_ISBINVOICE_KEY</OBJ_NAME>
     <OBJECT1>FIEL</OBJECT1>
     <OBJ_NAME1>CORPORATE_CODE</OBJ_NAME1>
     <OBJECT2>FIEL</OBJECT2>
     <OBJ_NAME2>CORPORATE_CODE</OBJ_NAME2>
     <ID>&lt;element&gt; {http://isbank.com/OpSvcs/PaymentMgmtProcessing/DDS/Core/Schema/V1}corporateCode &lt;type&gt; InvoiceKey http://isbank.com/OpSvcs/PaymentMgmtProcessing/DDS/Core/Schema/V1 http://isbank.com/OpSvcs/PaymentMgmtProcessing/DDS/Core/Schema/V1</ID>
     <IFR_TYPE>element</IFR_TYPE>
     <IFR_NAME>corporateCode</IFR_NAME>
     <IFR_TAGTYP>E</IFR_TAGTYP>
     <IFR_MINOCC>1</IFR_MINOCC>
     <IFR_MAXOCC>1</IFR_MAXOCC>
     <IFR_QUALIF>X</IFR_QUALIF>
     <IFR_XSDTYP>int</IFR_XSDTYP>
     <IFR_SCALE>-2</IFR_SCALE>
     <R3_TYPE>FIEL</R3_TYPE>
     <R3_NAME>CORPORATE_CODE</R3_NAME>
     <R3_DATATYP>INT4</R3_DATATYP>
     <R3_SEQNUM>000001</R3_SEQNUM>
    </item>
    <item>
     <OBJECT>TABL</OBJECT>
     <OBJ_NAME>ZDBS_ISBINVOICE_KEY</OBJ_NAME>
     <OBJECT1>FIEL</OBJECT1>
     <OBJ_NAME1>INVOICE_NUMBER</OBJ_NAME1>
     <OBJECT2>FIEL</OBJECT2>
     <OBJ_NAME2>INVOICE_NUMBER</OBJ_NAME2>
     <ID>&lt;element&gt; {http://isbank.com/OpSvcs/PaymentMgmtProcessing/DDS/Core/Schema/V1}invoiceNumber &lt;type&gt; InvoiceKey http://isbank.com/OpSvcs/PaymentMgmtProcessing/DDS/Core/Schema/V1 http://isbank.com/OpSvcs/PaymentMgmtProcessing/DDS/Core/Schema/V1</ID>
     <IFR_TYPE>element</IFR_TYPE>
     <IFR_NAME>invoiceNumber</IFR_NAME>
     <IFR_TEXT>Fatura numarasi</IFR_TEXT>
     <IFR_TAGTYP>E</IFR_TAGTYP>
     <IFR_MINOCC>1</IFR_MINOCC>
     <IFR_MAXOCC>1</IFR_MAXOCC>
     <IFR_QUALIF>X</IFR_QUALIF>
     <IFR_XSDTYP>string</IFR_XSDTYP>
     <IFR_SCALE>-2</IFR_SCALE>
     <R3_TYPE>FIEL</R3_TYPE>
     <R3_NAME>INVOICE_NUMBER</R3_NAME>
     <R3_TEXT>Fatura numarasi</R3_TEXT>
     <R3_DATATYP>STRG</R3_DATATYP>
     <R3_SEQNUM>000003</R3_SEQNUM>
    </item>
    <item>
     <OBJECT>TABL</OBJECT>
     <OBJ_NAME>ZDBS_ISBINVOICE_KEY</OBJ_NAME>
     <OBJECT1>FIEL</OBJECT1>
     <OBJ_NAME1>LAST_PAYMENT_DATE</OBJ_NAME1>
     <OBJECT2>FIEL</OBJECT2>
     <OBJ_NAME2>LAST_PAYMENT_DATE</OBJ_NAME2>
     <ID>&lt;element&gt; {http://isbank.com/OpSvcs/PaymentMgmtProcessing/DDS/Core/Schema/V1}lastPaymentDate &lt;type&gt; InvoiceKey http://isbank.com/OpSvcs/PaymentMgmtProcessing/DDS/Core/Schema/V1 http://isbank.com/OpSvcs/PaymentMgmtProcessing/DDS/Core/Schema/V1</ID>
     <IFR_TYPE>element</IFR_TYPE>
     <IFR_NAME>lastPaymentDate</IFR_NAME>
     <IFR_TEXT>Fatura son ödeme tarihi</IFR_TEXT>
     <IFR_TAGTYP>E</IFR_TAGTYP>
     <IFR_MINOCC>1</IFR_MINOCC>
     <IFR_MAXOCC>1</IFR_MAXOCC>
     <IFR_QUALIF>X</IFR_QUALIF>
     <IFR_XSDTYP>date</IFR_XSDTYP>
     <IFR_SCALE>-2</IFR_SCALE>
     <R3_TYPE>FIEL</R3_TYPE>
     <R3_NAME>LAST_PAYMENT_DATE</R3_NAME>
     <R3_TEXT>Fatura son ödeme tarihi</R3_TEXT>
     <R3_DTREF>XSDDATE_D</R3_DTREF>
     <R3_SEQNUM>000004</R3_SEQNUM>
    </item>
    <item>
     <OBJECT>TABL</OBJECT>
     <OBJ_NAME>ZDBS_ISBINVOICE_KEY</OBJ_NAME>
     <OBJECT1>FIEL</OBJECT1>
     <OBJ_NAME1>SUBSCRIBER_CODE</OBJ_NAME1>
     <OBJECT2>FIEL</OBJECT2>
     <OBJ_NAME2>SUBSCRIBER_CODE</OBJ_NAME2>
     <ID>&lt;element&gt; {http://isbank.com/OpSvcs/PaymentMgmtProcessing/DDS/Core/Schema/V1}subscriberCode &lt;type&gt; InvoiceKey http://isbank.com/OpSvcs/PaymentMgmtProcessing/DDS/Core/Schema/V1 http://isbank.com/OpSvcs/PaymentMgmtProcessing/DDS/Core/Schema/V1</ID>
     <IFR_TYPE>element</IFR_TYPE>
     <IFR_NAME>subscriberCode</IFR_NAME>
     <IFR_TEXT>Abone kodu</IFR_TEXT>
     <IFR_TAGTYP>E</IFR_TAGTYP>
     <IFR_MINOCC>1</IFR_MINOCC>
     <IFR_MAXOCC>1</IFR_MAXOCC>
     <IFR_QUALIF>X</IFR_QUALIF>
     <IFR_XSDTYP>string</IFR_XSDTYP>
     <IFR_SCALE>-2</IFR_SCALE>
     <R3_TYPE>FIEL</R3_TYPE>
     <R3_NAME>SUBSCRIBER_CODE</R3_NAME>
     <R3_TEXT>Abone kodu</R3_TEXT>
     <R3_DATATYP>STRG</R3_DATATYP>
     <R3_SEQNUM>000002</R3_SEQNUM>
    </item>
    <item>
     <OBJECT>TABL</OBJECT>
     <OBJ_NAME>ZDBS_ISBINVOICE_KEY</OBJ_NAME>
     <OBJECT1>TABL</OBJECT1>
     <OBJ_NAME1>ZDBS_ISBINVOICE_KEY</OBJ_NAME1>
     <OBJECT2>TABL</OBJECT2>
     <OBJ_NAME2>ZDBS_ISBINVOICE_KEY</OBJ_NAME2>
     <ID>&lt;type&gt; InvoiceKey http://isbank.com/OpSvcs/PaymentMgmtProcessing/DDS/Core/Schema/V1 http://isbank.com/OpSvcs/PaymentMgmtProcessing/DDS/Core/Schema/V1</ID>
     <IFR_TYPE>type</IFR_TYPE>
     <IFR_NAME>InvoiceKey</IFR_NAME>
     <IFR_TEXT>Fatura anahtar bilgisi</IFR_TEXT>
     <IFR_SCALE>-2</IFR_SCALE>
     <R3_TYPE>TABL</R3_TYPE>
     <R3_NAME>ZDBS_ISBINVOICE_KEY</R3_NAME>
     <R3_TEXT>Fatura anahtar bilgisi</R3_TEXT>
     <CATEGORY>ifmtypedef</CATEGORY>
    </item>
   </PROXY_DATA>
  </asx:values>
 </asx:abap>
</abapGit>
