﻿<?xml version="1.0" encoding="utf-8"?>
<abapGit version="v1.0.0" serializer="LCL_OBJECT_SPRX" serializer_version="v1.0.0">
 <asx:abap xmlns:asx="http://www.sap.com/abapxml" version="1.0">
  <asx:values>
   <PROXY_HEADER>
    <item>
     <OBJECT>TABL</OBJECT>
     <OBJ_NAME>ZDBS_ISBUPDATE_INVOICE_REQUEST</OBJ_NAME>
     <OBJECT_M>TABL</OBJECT_M>
     <OBJ_NAME_M>ZDBS_ISBUPDATE_INVOICE_REQUEST</OBJ_NAME_M>
     <HASH_ID>7EB15D8E498FAA293E5EAB3BE1E06D4BA1BB4656</HASH_ID>
     <ID>&lt;message&gt; updateInvoiceRequestMsg http://isbank.com/OpSvcs/PaymentMgmtProcessing/DDS/DDSGeneric/Service/V1 http://isbank.com/OpSvcs/PaymentMgmtProcessing/DDS/DDSGeneric/Service/V1</ID>
     <IFR_GLOBAL>X</IFR_GLOBAL>
     <IFR_TYPE>message</IFR_TYPE>
     <IFR_NAME>updateInvoiceRequestMsg</IFR_NAME>
     <IFR_NSPCE>http://isbank.com/OpSvcs/PaymentMgmtProcessing/DDS/DDSGeneric/Service/V1</IFR_NSPCE>
     <IFR_GNSPCE>http://isbank.com/OpSvcs/PaymentMgmtProcessing/DDS/DDSGeneric/Service/V1</IFR_GNSPCE>
     <GEN_VERS>0006</GEN_VERS>
     <PREFIX>ZDBS_ISB</PREFIX>
     <CATEGORY>ifmmessage</CATEGORY>
     <GEN_APPL>WEBSERVICES</GEN_APPL>
     <X-ML_NSPCE>http://isbank.com/OpSvcs/PaymentMgmtProcessing/DDS/DDSGeneric/Service/V1</X-ML_NSPCE>
     <X-ML_NAME>updateInvoice</X-ML_NAME>
    </item>
   </PROXY_HEADER>
   <PROXY_DATA>
    <item>
     <OBJECT>TABL</OBJECT>
     <OBJ_NAME>ZDBS_ISBUPDATE_INVOICE_REQUEST</OBJ_NAME>
     <OBJECT1>FIEL</OBJECT1>
     <OBJ_NAME1>UPDATE_INVOICE_PARAMETERS</OBJ_NAME1>
     <OBJECT2>FIEL</OBJECT2>
     <OBJ_NAME2>UPDATE_INVOICE_PARAMETERS</OBJ_NAME2>
     <OBJECT_R>TABL</OBJECT_R>
     <OBJ_NAME_R>ZDBS_ISBUPDATE_INVOICE</OBJ_NAME_R>
     <ID>&lt;part&gt; updateInvoiceParameters &lt;message&gt; updateInvoiceRequestMsg http://isbank.com/OpSvcs/PaymentMgmtProcessing/DDS/DDSGeneric/Service/V1 http://isbank.com/OpSvcs/PaymentMgmtProcessing/DDS/DDSGeneric/Service/V1</ID>
     <IFR_TYPE>part</IFR_TYPE>
     <IFR_NAME>updateInvoiceParameters</IFR_NAME>
     <IFR_SCALE>-2</IFR_SCALE>
     <R3_TYPE>FIEL</R3_TYPE>
     <R3_NAME>UPDATE_INVOICE_PARAMETERS</R3_NAME>
     <R3_SEQNUM>000001</R3_SEQNUM>
    </item>
    <item>
     <OBJECT>TABL</OBJECT>
     <OBJ_NAME>ZDBS_ISBUPDATE_INVOICE_REQUEST</OBJ_NAME>
     <OBJECT1>TABL</OBJECT1>
     <OBJ_NAME1>ZDBS_ISBUPDATE_INVOICE_REQUEST</OBJ_NAME1>
     <OBJECT2>TABL</OBJECT2>
     <OBJ_NAME2>ZDBS_ISBUPDATE_INVOICE_REQUEST</OBJ_NAME2>
     <ID>&lt;message&gt; updateInvoiceRequestMsg http://isbank.com/OpSvcs/PaymentMgmtProcessing/DDS/DDSGeneric/Service/V1 http://isbank.com/OpSvcs/PaymentMgmtProcessing/DDS/DDSGeneric/Service/V1</ID>
     <IFR_TYPE>message</IFR_TYPE>
     <IFR_NAME>updateInvoiceRequestMsg</IFR_NAME>
     <IFR_SCALE>-2</IFR_SCALE>
     <R3_TYPE>TABL</R3_TYPE>
     <R3_NAME>ZDBS_ISBUPDATE_INVOICE_REQUEST</R3_NAME>
     <R3_TEXT>Proxy Structure (generated)</R3_TEXT>
     <CATEGORY>ifmmessage</CATEGORY>
    </item>
   </PROXY_DATA>
  </asx:values>
 </asx:abap>
</abapGit>
