﻿<?xml version="1.0" encoding="utf-8"?>
<abapGit version="v1.0.0" serializer="LCL_OBJECT_SPRX" serializer_version="v1.0.0">
 <asx:abap xmlns:asx="http://www.sap.com/abapxml" version="1.0">
  <asx:values>
   <PROXY_HEADER>
    <item>
     <OBJECT>TABL</OBJECT>
     <OBJ_NAME>ZDBS_ISBCREATE_INVOICE_RESPON1</OBJ_NAME>
     <OBJECT_M>TABL</OBJECT_M>
     <OBJ_NAME_M>ZDBS_ISBCREATE_INVOICE_RESPON1</OBJ_NAME_M>
     <HASH_ID>7B53EC180B43BE26439CF1A698C71669C3722B9F</HASH_ID>
     <ID>&lt;type&gt; CreateInvoiceResponse http://isbank.com/OpSvcs/PaymentMgmtProcessing/DDS/DDSGeneric/Service/V1 http://isbank.com/OpSvcs/PaymentMgmtProcessing/DDS/DDSGeneric/Service/V1</ID>
     <IFR_GLOBAL>X</IFR_GLOBAL>
     <IFR_TYPE>type</IFR_TYPE>
     <IFR_NAME>CreateInvoiceResponse</IFR_NAME>
     <IFR_NSPCE>http://isbank.com/OpSvcs/PaymentMgmtProcessing/DDS/DDSGeneric/Service/V1</IFR_NSPCE>
     <IFR_GNSPCE>http://isbank.com/OpSvcs/PaymentMgmtProcessing/DDS/DDSGeneric/Service/V1</IFR_GNSPCE>
     <GEN_VERS>0005</GEN_VERS>
     <PREFIX>ZDBS_ISB</PREFIX>
     <CATEGORY>ifmtypedef</CATEGORY>
     <GEN_APPL>WEBSERVICES</GEN_APPL>
     <X-ML_NSPCE>http://isbank.com/OpSvcs/PaymentMgmtProcessing/DDS/DDSGeneric/Service/V1</X-ML_NSPCE>
     <X-ML_NAME>CreateInvoiceResponse</X-ML_NAME>
    </item>
   </PROXY_HEADER>
   <PROXY_DATA>
    <item>
     <OBJECT>TABL</OBJECT>
     <OBJ_NAME>ZDBS_ISBCREATE_INVOICE_RESPON1</OBJ_NAME>
     <OBJECT1>FIEL</OBJECT1>
     <OBJ_NAME1>CREATE_INVOICE_RESPONSE_DTO</OBJ_NAME1>
     <OBJECT2>FIEL</OBJECT2>
     <OBJ_NAME2>CREATE_INVOICE_RESPONSE_DTO</OBJ_NAME2>
     <OBJECT_R>TABL</OBJECT_R>
     <OBJ_NAME_R>ZDBS_ISBCREATE_INVOICE_RESPONS</OBJ_NAME_R>
     <ID>&lt;element&gt; {http://isbank.com/OpSvcs/PaymentMgmtProcessing/DDS/DDSGeneric/Service/V1}CreateInvoiceResponseDTO &lt;type&gt; CreateInvoiceResponse http://isbank.com/OpSvcs/PaymentMgmtProcessing/DDS/DDSGeneric/Service/V1 http://isbank.com/OpSvcs/PaymentMgmtProcessing/DDS/DDSGeneric/Service/V1</ID>
     <IFR_TYPE>element</IFR_TYPE>
     <IFR_NAME>CreateInvoiceResponseDTO</IFR_NAME>
     <IFR_TAGTYP>E</IFR_TAGTYP>
     <IFR_MINOCC>1</IFR_MINOCC>
     <IFR_MAXOCC>1</IFR_MAXOCC>
     <IFR_QUALIF>X</IFR_QUALIF>
     <IFR_SCALE>-2</IFR_SCALE>
     <R3_TYPE>FIEL</R3_TYPE>
     <R3_NAME>CREATE_INVOICE_RESPONSE_DTO</R3_NAME>
     <R3_SEQNUM>000001</R3_SEQNUM>
    </item>
    <item>
     <OBJECT>TABL</OBJECT>
     <OBJ_NAME>ZDBS_ISBCREATE_INVOICE_RESPON1</OBJ_NAME>
     <OBJECT1>TABL</OBJECT1>
     <OBJ_NAME1>ZDBS_ISBCREATE_INVOICE_RESPON1</OBJ_NAME1>
     <OBJECT2>TABL</OBJECT2>
     <OBJ_NAME2>ZDBS_ISBCREATE_INVOICE_RESPON1</OBJ_NAME2>
     <ID>&lt;type&gt; CreateInvoiceResponse http://isbank.com/OpSvcs/PaymentMgmtProcessing/DDS/DDSGeneric/Service/V1 http://isbank.com/OpSvcs/PaymentMgmtProcessing/DDS/DDSGeneric/Service/V1</ID>
     <IFR_TYPE>type</IFR_TYPE>
     <IFR_NAME>CreateInvoiceResponse</IFR_NAME>
     <IFR_SCALE>-2</IFR_SCALE>
     <R3_TYPE>TABL</R3_TYPE>
     <R3_NAME>ZDBS_ISBCREATE_INVOICE_RESPON1</R3_NAME>
     <R3_TEXT>Proxy Structure (generated)</R3_TEXT>
     <CATEGORY>ifmtypedef</CATEGORY>
    </item>
   </PROXY_DATA>
  </asx:values>
 </asx:abap>
</abapGit>
