﻿<?xml version="1.0" encoding="utf-8"?>
<abapGit version="v1.0.0" serializer="LCL_OBJECT_SPRX" serializer_version="v1.0.0">
 <asx:abap xmlns:asx="http://www.sap.com/abapxml" version="1.0">
  <asx:values>
   <PROXY_HEADER>
    <item>
     <OBJECT>TABL</OBJECT>
     <OBJ_NAME>ZDBS_ISBBUSINESS_FAULT_TYPE</OBJ_NAME>
     <OBJECT_M>TABL</OBJECT_M>
     <OBJ_NAME_M>ZDBS_ISBBUSINESS_FAULT_TYPE</OBJ_NAME_M>
     <HASH_ID>E3F94B0F1A27EEACE187B5AA98AFEFBE0D85C585</HASH_ID>
     <ID>&lt;type&gt; BusinessFaultType http://isbank.com/Technical/EA/Fault/Schema/V1 http://isbank.com/Technical/EA/Fault/Schema/V1</ID>
     <IFR_GLOBAL>X</IFR_GLOBAL>
     <IFR_TYPE>type</IFR_TYPE>
     <IFR_NAME>BusinessFaultType</IFR_NAME>
     <IFR_NSPCE>http://isbank.com/Technical/EA/Fault/Schema/V1</IFR_NSPCE>
     <IFR_GNSPCE>http://isbank.com/Technical/EA/Fault/Schema/V1</IFR_GNSPCE>
     <GEN_VERS>0005</GEN_VERS>
     <PREFIX>ZDBS_ISB</PREFIX>
     <CATEGORY>ifmtypedef</CATEGORY>
     <GEN_APPL>WEBSERVICES</GEN_APPL>
     <X-ML_NSPCE>http://isbank.com/Technical/EA/Fault/Schema/V1</X-ML_NSPCE>
     <X-ML_NAME>BusinessFaultType</X-ML_NAME>
    </item>
   </PROXY_HEADER>
   <PROXY_DATA>
    <item>
     <OBJECT>TABL</OBJECT>
     <OBJ_NAME>ZDBS_ISBBUSINESS_FAULT_TYPE</OBJ_NAME>
     <OBJECT1>FIEL</OBJECT1>
     <OBJ_NAME1>BASE</OBJ_NAME1>
     <OBJECT2>FIEL</OBJECT2>
     <OBJ_NAME2>BASE</OBJ_NAME2>
     <OBJECT_R>TABL</OBJECT_R>
     <OBJ_NAME_R>ZDBS_ISBBASE_FAULT_TYPE</OBJ_NAME_R>
     <ID>&lt;extension&gt; base &lt;type&gt; BusinessFaultType http://isbank.com/Technical/EA/Fault/Schema/V1 http://isbank.com/Technical/EA/Fault/Schema/V1</ID>
     <IFR_TYPE>extension</IFR_TYPE>
     <IFR_NAME>base</IFR_NAME>
     <IFR_SCALE>-2</IFR_SCALE>
     <R3_TYPE>FIEL</R3_TYPE>
     <R3_NAME>BASE</R3_NAME>
     <R3_SEQNUM>000001</R3_SEQNUM>
    </item>
    <item>
     <OBJECT>TABL</OBJECT>
     <OBJ_NAME>ZDBS_ISBBUSINESS_FAULT_TYPE</OBJ_NAME>
     <OBJECT1>TABL</OBJECT1>
     <OBJ_NAME1>ZDBS_ISBBUSINESS_FAULT_TYPE</OBJ_NAME1>
     <OBJECT2>TABL</OBJECT2>
     <OBJ_NAME2>ZDBS_ISBBUSINESS_FAULT_TYPE</OBJ_NAME2>
     <ID>&lt;type&gt; BusinessFaultType http://isbank.com/Technical/EA/Fault/Schema/V1 http://isbank.com/Technical/EA/Fault/Schema/V1</ID>
     <IFR_TYPE>type</IFR_TYPE>
     <IFR_NAME>BusinessFaultType</IFR_NAME>
     <IFR_SCALE>-2</IFR_SCALE>
     <R3_TYPE>TABL</R3_TYPE>
     <R3_NAME>ZDBS_ISBBUSINESS_FAULT_TYPE</R3_NAME>
     <R3_TEXT>Proxy Structure (generated)</R3_TEXT>
     <CATEGORY>ifmtypedef</CATEGORY>
    </item>
   </PROXY_DATA>
  </asx:values>
 </asx:abap>
</abapGit>
