﻿<?xml version="1.0" encoding="utf-8"?>
<abapGit version="v1.0.0" serializer="LCL_OBJECT_SPRX" serializer_version="v1.0.0">
 <asx:abap xmlns:asx="http://www.sap.com/abapxml" version="1.0">
  <asx:values>
   <PROXY_HEADER>
    <item>
     <OBJECT>TABL</OBJECT>
     <OBJ_NAME>ZDBS_QNBFATURA_YUKLE_STI2REQUE</OBJ_NAME>
     <OBJECT_M>TABL</OBJECT_M>
     <OBJ_NAME_M>ZDBS_QNBFATURA_YUKLE_STI2REQUE</OBJ_NAME_M>
     <HASH_ID>10A7CA015780B3BC721CD9034F29557F94C95CCC</HASH_ID>
     <ID>&lt;type&gt; FaturaYukleSTI2Request http://faturayukle.model.standartimpltype2.driver.maestro.ibtech.com/xsd http://faturayukle.model.standartimpltype2.driver.maestro.ibtech.com/xsd</ID>
     <IFR_GLOBAL>X</IFR_GLOBAL>
     <IFR_TYPE>type</IFR_TYPE>
     <IFR_NAME>FaturaYukleSTI2Request</IFR_NAME>
     <IFR_NSPCE>http://faturayukle.model.standartimpltype2.driver.maestro.ibtech.com/xsd</IFR_NSPCE>
     <IFR_GNSPCE>http://faturayukle.model.standartimpltype2.driver.maestro.ibtech.com/xsd</IFR_GNSPCE>
     <GEN_VERS>0005</GEN_VERS>
     <PREFIX>ZDBS_QNB</PREFIX>
     <CATEGORY>ifmtypedef</CATEGORY>
     <GEN_APPL>WEBSERVICES</GEN_APPL>
     <X-ML_NSPCE>http://faturayukle.model.standartimpltype2.driver.maestro.ibtech.com/xsd</X-ML_NSPCE>
     <X-ML_NAME>FaturaYukleSTI2Request</X-ML_NAME>
    </item>
   </PROXY_HEADER>
   <PROXY_DATA>
    <item>
     <OBJECT>TABL</OBJECT>
     <OBJ_NAME>ZDBS_QNBFATURA_YUKLE_STI2REQUE</OBJ_NAME>
     <OBJECT1>FIEL</OBJECT1>
     <OBJ_NAME1>BAYI_REFERANS</OBJ_NAME1>
     <OBJECT2>FIEL</OBJECT2>
     <OBJ_NAME2>BAYI_REFERANS</OBJ_NAME2>
     <ID>&lt;element&gt; bayiReferans &lt;type&gt; FaturaYukleSTI2Request http://faturayukle.model.standartimpltype2.driver.maestro.ibtech.com/xsd http://faturayukle.model.standartimpltype2.driver.maestro.ibtech.com/xsd</ID>
     <IFR_TYPE>element</IFR_TYPE>
     <IFR_NAME>bayiReferans</IFR_NAME>
     <IFR_TAGTYP>E</IFR_TAGTYP>
     <IFR_MAXOCC>1</IFR_MAXOCC>
     <IFR_OPTNL>X</IFR_OPTNL>
     <IFR_XSDTYP>string</IFR_XSDTYP>
     <IFR_NILLABLE>X</IFR_NILLABLE>
     <IFR_SCALE>-2</IFR_SCALE>
     <R3_TYPE>FIEL</R3_TYPE>
     <R3_NAME>BAYI_REFERANS</R3_NAME>
     <R3_DATATYP>STRG</R3_DATATYP>
     <R3_SEQNUM>000001</R3_SEQNUM>
    </item>
    <item>
     <OBJECT>TABL</OBJECT>
     <OBJ_NAME>ZDBS_QNBFATURA_YUKLE_STI2REQUE</OBJ_NAME>
     <OBJECT1>FIEL</OBJECT1>
     <OBJ_NAME1>DOVIZ_KODU</OBJ_NAME1>
     <OBJECT2>FIEL</OBJECT2>
     <OBJ_NAME2>DOVIZ_KODU</OBJ_NAME2>
     <ID>&lt;element&gt; dovizKodu &lt;type&gt; FaturaYukleSTI2Request http://faturayukle.model.standartimpltype2.driver.maestro.ibtech.com/xsd http://faturayukle.model.standartimpltype2.driver.maestro.ibtech.com/xsd</ID>
     <IFR_TYPE>element</IFR_TYPE>
     <IFR_NAME>dovizKodu</IFR_NAME>
     <IFR_TAGTYP>E</IFR_TAGTYP>
     <IFR_MAXOCC>1</IFR_MAXOCC>
     <IFR_OPTNL>X</IFR_OPTNL>
     <IFR_XSDTYP>string</IFR_XSDTYP>
     <IFR_NILLABLE>X</IFR_NILLABLE>
     <IFR_SCALE>-2</IFR_SCALE>
     <R3_TYPE>FIEL</R3_TYPE>
     <R3_NAME>DOVIZ_KODU</R3_NAME>
     <R3_DATATYP>STRG</R3_DATATYP>
     <R3_SEQNUM>000002</R3_SEQNUM>
    </item>
    <item>
     <OBJECT>TABL</OBJECT>
     <OBJ_NAME>ZDBS_QNBFATURA_YUKLE_STI2REQUE</OBJ_NAME>
     <OBJECT1>FIEL</OBJECT1>
     <OBJ_NAME1>FATURA_NO</OBJ_NAME1>
     <OBJECT2>FIEL</OBJECT2>
     <OBJ_NAME2>FATURA_NO</OBJ_NAME2>
     <ID>&lt;element&gt; faturaNo &lt;type&gt; FaturaYukleSTI2Request http://faturayukle.model.standartimpltype2.driver.maestro.ibtech.com/xsd http://faturayukle.model.standartimpltype2.driver.maestro.ibtech.com/xsd</ID>
     <IFR_TYPE>element</IFR_TYPE>
     <IFR_NAME>faturaNo</IFR_NAME>
     <IFR_TAGTYP>E</IFR_TAGTYP>
     <IFR_MAXOCC>1</IFR_MAXOCC>
     <IFR_OPTNL>X</IFR_OPTNL>
     <IFR_XSDTYP>string</IFR_XSDTYP>
     <IFR_NILLABLE>X</IFR_NILLABLE>
     <IFR_SCALE>-2</IFR_SCALE>
     <R3_TYPE>FIEL</R3_TYPE>
     <R3_NAME>FATURA_NO</R3_NAME>
     <R3_DATATYP>STRG</R3_DATATYP>
     <R3_SEQNUM>000003</R3_SEQNUM>
    </item>
    <item>
     <OBJECT>TABL</OBJECT>
     <OBJ_NAME>ZDBS_QNBFATURA_YUKLE_STI2REQUE</OBJ_NAME>
     <OBJECT1>FIEL</OBJECT1>
     <OBJ_NAME1>FATURA_TUTARI</OBJ_NAME1>
     <OBJECT2>FIEL</OBJECT2>
     <OBJ_NAME2>FATURA_TUTARI</OBJ_NAME2>
     <ID>&lt;element&gt; faturaTutari &lt;type&gt; FaturaYukleSTI2Request http://faturayukle.model.standartimpltype2.driver.maestro.ibtech.com/xsd http://faturayukle.model.standartimpltype2.driver.maestro.ibtech.com/xsd</ID>
     <IFR_TYPE>element</IFR_TYPE>
     <IFR_NAME>faturaTutari</IFR_NAME>
     <IFR_TAGTYP>E</IFR_TAGTYP>
     <IFR_MAXOCC>1</IFR_MAXOCC>
     <IFR_OPTNL>X</IFR_OPTNL>
     <IFR_XSDTYP>decimal</IFR_XSDTYP>
     <IFR_NILLABLE>X</IFR_NILLABLE>
     <IFR_SCALE>-2</IFR_SCALE>
     <R3_TYPE>FIEL</R3_TYPE>
     <R3_NAME>FATURA_TUTARI</R3_NAME>
     <R3_DATATYP>STRG</R3_DATATYP>
     <R3_SEQNUM>000004</R3_SEQNUM>
    </item>
    <item>
     <OBJECT>TABL</OBJECT>
     <OBJ_NAME>ZDBS_QNBFATURA_YUKLE_STI2REQUE</OBJ_NAME>
     <OBJECT1>FIEL</OBJECT1>
     <OBJ_NAME1>PASSWORD</OBJ_NAME1>
     <OBJECT2>FIEL</OBJECT2>
     <OBJ_NAME2>PASSWORD</OBJ_NAME2>
     <ID>&lt;element&gt; password &lt;type&gt; FaturaYukleSTI2Request http://faturayukle.model.standartimpltype2.driver.maestro.ibtech.com/xsd http://faturayukle.model.standartimpltype2.driver.maestro.ibtech.com/xsd</ID>
     <IFR_TYPE>element</IFR_TYPE>
     <IFR_NAME>password</IFR_NAME>
     <IFR_TAGTYP>E</IFR_TAGTYP>
     <IFR_MAXOCC>1</IFR_MAXOCC>
     <IFR_OPTNL>X</IFR_OPTNL>
     <IFR_XSDTYP>string</IFR_XSDTYP>
     <IFR_NILLABLE>X</IFR_NILLABLE>
     <IFR_SCALE>-2</IFR_SCALE>
     <R3_TYPE>FIEL</R3_TYPE>
     <R3_NAME>PASSWORD</R3_NAME>
     <R3_DATATYP>STRG</R3_DATATYP>
     <R3_SEQNUM>000005</R3_SEQNUM>
    </item>
    <item>
     <OBJECT>TABL</OBJECT>
     <OBJ_NAME>ZDBS_QNBFATURA_YUKLE_STI2REQUE</OBJ_NAME>
     <OBJECT1>FIEL</OBJECT1>
     <OBJ_NAME1>TAHAKKUK_TARIHI</OBJ_NAME1>
     <OBJECT2>FIEL</OBJECT2>
     <OBJ_NAME2>TAHAKKUK_TARIHI</OBJ_NAME2>
     <ID>&lt;element&gt; tahakkukTarihi &lt;type&gt; FaturaYukleSTI2Request http://faturayukle.model.standartimpltype2.driver.maestro.ibtech.com/xsd http://faturayukle.model.standartimpltype2.driver.maestro.ibtech.com/xsd</ID>
     <IFR_TYPE>element</IFR_TYPE>
     <IFR_NAME>tahakkukTarihi</IFR_NAME>
     <IFR_TAGTYP>E</IFR_TAGTYP>
     <IFR_MAXOCC>1</IFR_MAXOCC>
     <IFR_OPTNL>X</IFR_OPTNL>
     <IFR_XSDTYP>string</IFR_XSDTYP>
     <IFR_NILLABLE>X</IFR_NILLABLE>
     <IFR_SCALE>-2</IFR_SCALE>
     <R3_TYPE>FIEL</R3_TYPE>
     <R3_NAME>TAHAKKUK_TARIHI</R3_NAME>
     <R3_DATATYP>STRG</R3_DATATYP>
     <R3_SEQNUM>000006</R3_SEQNUM>
    </item>
    <item>
     <OBJECT>TABL</OBJECT>
     <OBJ_NAME>ZDBS_QNBFATURA_YUKLE_STI2REQUE</OBJ_NAME>
     <OBJECT1>FIEL</OBJECT1>
     <OBJ_NAME1>USER_NAME</OBJ_NAME1>
     <OBJECT2>FIEL</OBJECT2>
     <OBJ_NAME2>USER_NAME</OBJ_NAME2>
     <ID>&lt;element&gt; userName &lt;type&gt; FaturaYukleSTI2Request http://faturayukle.model.standartimpltype2.driver.maestro.ibtech.com/xsd http://faturayukle.model.standartimpltype2.driver.maestro.ibtech.com/xsd</ID>
     <IFR_TYPE>element</IFR_TYPE>
     <IFR_NAME>userName</IFR_NAME>
     <IFR_TAGTYP>E</IFR_TAGTYP>
     <IFR_MAXOCC>1</IFR_MAXOCC>
     <IFR_OPTNL>X</IFR_OPTNL>
     <IFR_XSDTYP>string</IFR_XSDTYP>
     <IFR_NILLABLE>X</IFR_NILLABLE>
     <IFR_SCALE>-2</IFR_SCALE>
     <R3_TYPE>FIEL</R3_TYPE>
     <R3_NAME>USER_NAME</R3_NAME>
     <R3_DATATYP>STRG</R3_DATATYP>
     <R3_SEQNUM>000007</R3_SEQNUM>
    </item>
    <item>
     <OBJECT>TABL</OBJECT>
     <OBJ_NAME>ZDBS_QNBFATURA_YUKLE_STI2REQUE</OBJ_NAME>
     <OBJECT1>FIEL</OBJECT1>
     <OBJ_NAME1>VADE_TARIHI</OBJ_NAME1>
     <OBJECT2>FIEL</OBJECT2>
     <OBJ_NAME2>VADE_TARIHI</OBJ_NAME2>
     <ID>&lt;element&gt; vadeTarihi &lt;type&gt; FaturaYukleSTI2Request http://faturayukle.model.standartimpltype2.driver.maestro.ibtech.com/xsd http://faturayukle.model.standartimpltype2.driver.maestro.ibtech.com/xsd</ID>
     <IFR_TYPE>element</IFR_TYPE>
     <IFR_NAME>vadeTarihi</IFR_NAME>
     <IFR_TAGTYP>E</IFR_TAGTYP>
     <IFR_MAXOCC>1</IFR_MAXOCC>
     <IFR_OPTNL>X</IFR_OPTNL>
     <IFR_XSDTYP>string</IFR_XSDTYP>
     <IFR_NILLABLE>X</IFR_NILLABLE>
     <IFR_SCALE>-2</IFR_SCALE>
     <R3_TYPE>FIEL</R3_TYPE>
     <R3_NAME>VADE_TARIHI</R3_NAME>
     <R3_DATATYP>STRG</R3_DATATYP>
     <R3_SEQNUM>000008</R3_SEQNUM>
    </item>
    <item>
     <OBJECT>TABL</OBJECT>
     <OBJ_NAME>ZDBS_QNBFATURA_YUKLE_STI2REQUE</OBJ_NAME>
     <OBJECT1>TABL</OBJECT1>
     <OBJ_NAME1>ZDBS_QNBFATURA_YUKLE_STI2REQUE</OBJ_NAME1>
     <OBJECT2>TABL</OBJECT2>
     <OBJ_NAME2>ZDBS_QNBFATURA_YUKLE_STI2REQUE</OBJ_NAME2>
     <ID>&lt;type&gt; FaturaYukleSTI2Request http://faturayukle.model.standartimpltype2.driver.maestro.ibtech.com/xsd http://faturayukle.model.standartimpltype2.driver.maestro.ibtech.com/xsd</ID>
     <IFR_TYPE>type</IFR_TYPE>
     <IFR_NAME>FaturaYukleSTI2Request</IFR_NAME>
     <IFR_SCALE>-2</IFR_SCALE>
     <R3_TYPE>TABL</R3_TYPE>
     <R3_NAME>ZDBS_QNBFATURA_YUKLE_STI2REQUE</R3_NAME>
     <R3_TEXT>Proxy Structure (generated)</R3_TEXT>
     <CATEGORY>ifmtypedef</CATEGORY>
    </item>
   </PROXY_DATA>
  </asx:values>
 </asx:abap>
</abapGit>
