﻿<?xml version="1.0" encoding="utf-8"?>
<abapGit version="v1.0.0" serializer="LCL_OBJECT_SPRX" serializer_version="v1.0.0">
 <asx:abap xmlns:asx="http://www.sap.com/abapxml" version="1.0">
  <asx:values>
   <PROXY_HEADER>
    <item>
     <OBJECT>TABL</OBJECT>
     <OBJ_NAME>ZDBS_GRNTRF_EFTACCOUNT_TO_TYPE</OBJ_NAME>
     <OBJECT_M>TABL</OBJECT_M>
     <OBJ_NAME_M>ZDBS_GRNTRF_EFTACCOUNT_TO_TYPE</OBJ_NAME_M>
     <HASH_ID>859BB4EB701A6B8C1650F0B2BC36B09D61BFEBFC</HASH_ID>
     <ID>&lt;type&gt; TrfEFTAccountToType PaymentService PaymentService</ID>
     <IFR_GLOBAL>X</IFR_GLOBAL>
     <IFR_TYPE>type</IFR_TYPE>
     <IFR_NAME>TrfEFTAccountToType</IFR_NAME>
     <IFR_NSPCE>PaymentService</IFR_NSPCE>
     <IFR_GNSPCE>PaymentService</IFR_GNSPCE>
     <GEN_VERS>0005</GEN_VERS>
     <PREFIX>ZDBS_GRN</PREFIX>
     <CATEGORY>ifmtypedef</CATEGORY>
     <GEN_APPL>WEBSERVICES</GEN_APPL>
     <X-ML_NSPCE>PaymentService</X-ML_NSPCE>
     <X-ML_NAME>TrfEFTAccountToType</X-ML_NAME>
    </item>
   </PROXY_HEADER>
   <PROXY_DATA>
    <item>
     <OBJECT>TABL</OBJECT>
     <OBJ_NAME>ZDBS_GRNTRF_EFTACCOUNT_TO_TYPE</OBJ_NAME>
     <OBJECT1>FIEL</OBJECT1>
     <OBJ_NAME1>ACCOUNT_ID</OBJ_NAME1>
     <OBJECT2>FIEL</OBJECT2>
     <OBJ_NAME2>ACCOUNT_ID</OBJ_NAME2>
     <ID>&lt;element&gt; {PaymentService}AccountID &lt;type&gt; TrfEFTAccountToType PaymentService PaymentService</ID>
     <IFR_TYPE>element</IFR_TYPE>
     <IFR_NAME>AccountID</IFR_NAME>
     <IFR_TAGTYP>E</IFR_TAGTYP>
     <IFR_MINOCC>1</IFR_MINOCC>
     <IFR_MAXOCC>1</IFR_MAXOCC>
     <IFR_QUALIF>X</IFR_QUALIF>
     <IFR_XSDTYP>string</IFR_XSDTYP>
     <IFR_SCALE>-2</IFR_SCALE>
     <R3_TYPE>FIEL</R3_TYPE>
     <R3_NAME>ACCOUNT_ID</R3_NAME>
     <R3_DATATYP>STRG</R3_DATATYP>
     <R3_SEQNUM>000003</R3_SEQNUM>
    </item>
    <item>
     <OBJECT>TABL</OBJECT>
     <OBJ_NAME>ZDBS_GRNTRF_EFTACCOUNT_TO_TYPE</OBJ_NAME>
     <OBJECT1>FIEL</OBJECT1>
     <OBJ_NAME1>ADDRES</OBJ_NAME1>
     <OBJECT2>FIEL</OBJECT2>
     <OBJ_NAME2>ADDRES</OBJ_NAME2>
     <OBJECT_R>DTEL</OBJECT_R>
     <OBJ_NAME_R>ZDBS_GRNA60TYPE</OBJ_NAME_R>
     <ID>&lt;element&gt; {PaymentService}Addres &lt;type&gt; TrfEFTAccountToType PaymentService PaymentService</ID>
     <IFR_TYPE>element</IFR_TYPE>
     <IFR_NAME>Addres</IFR_NAME>
     <IFR_TAGTYP>E</IFR_TAGTYP>
     <IFR_MINOCC>1</IFR_MINOCC>
     <IFR_MAXOCC>1</IFR_MAXOCC>
     <IFR_QUALIF>X</IFR_QUALIF>
     <IFR_SCALE>-2</IFR_SCALE>
     <R3_TYPE>FIEL</R3_TYPE>
     <R3_NAME>ADDRES</R3_NAME>
     <R3_SEQNUM>000009</R3_SEQNUM>
    </item>
    <item>
     <OBJECT>TABL</OBJECT>
     <OBJ_NAME>ZDBS_GRNTRF_EFTACCOUNT_TO_TYPE</OBJ_NAME>
     <OBJECT1>FIEL</OBJECT1>
     <OBJ_NAME1>BANK_ID</OBJ_NAME1>
     <OBJECT2>FIEL</OBJECT2>
     <OBJ_NAME2>BANK_ID</OBJ_NAME2>
     <ID>&lt;element&gt; {PaymentService}BankID &lt;type&gt; TrfEFTAccountToType PaymentService PaymentService</ID>
     <IFR_TYPE>element</IFR_TYPE>
     <IFR_NAME>BankID</IFR_NAME>
     <IFR_TAGTYP>E</IFR_TAGTYP>
     <IFR_MINOCC>1</IFR_MINOCC>
     <IFR_MAXOCC>1</IFR_MAXOCC>
     <IFR_QUALIF>X</IFR_QUALIF>
     <IFR_XSDTYP>string</IFR_XSDTYP>
     <IFR_SCALE>-2</IFR_SCALE>
     <R3_TYPE>FIEL</R3_TYPE>
     <R3_NAME>BANK_ID</R3_NAME>
     <R3_DATATYP>STRG</R3_DATATYP>
     <R3_SEQNUM>000001</R3_SEQNUM>
    </item>
    <item>
     <OBJECT>TABL</OBJECT>
     <OBJ_NAME>ZDBS_GRNTRF_EFTACCOUNT_TO_TYPE</OBJ_NAME>
     <OBJECT1>FIEL</OBJECT1>
     <OBJ_NAME1>BIRTH_DATE</OBJ_NAME1>
     <OBJECT2>FIEL</OBJECT2>
     <OBJ_NAME2>BIRTH_DATE</OBJ_NAME2>
     <OBJECT_R>DTEL</OBJECT_R>
     <OBJ_NAME_R>ZDBS_GRNDATE_TYPE</OBJ_NAME_R>
     <ID>&lt;element&gt; {PaymentService}BirthDate &lt;type&gt; TrfEFTAccountToType PaymentService PaymentService</ID>
     <IFR_TYPE>element</IFR_TYPE>
     <IFR_NAME>BirthDate</IFR_NAME>
     <IFR_TAGTYP>E</IFR_TAGTYP>
     <IFR_MINOCC>1</IFR_MINOCC>
     <IFR_MAXOCC>1</IFR_MAXOCC>
     <IFR_QUALIF>X</IFR_QUALIF>
     <IFR_SCALE>-2</IFR_SCALE>
     <R3_TYPE>FIEL</R3_TYPE>
     <R3_NAME>BIRTH_DATE</R3_NAME>
     <R3_SEQNUM>000008</R3_SEQNUM>
    </item>
    <item>
     <OBJECT>TABL</OBJECT>
     <OBJ_NAME>ZDBS_GRNTRF_EFTACCOUNT_TO_TYPE</OBJ_NAME>
     <OBJECT1>FIEL</OBJECT1>
     <OBJ_NAME1>BRANCH_ID</OBJ_NAME1>
     <OBJECT2>FIEL</OBJECT2>
     <OBJ_NAME2>BRANCH_ID</OBJ_NAME2>
     <ID>&lt;element&gt; {PaymentService}BranchID &lt;type&gt; TrfEFTAccountToType PaymentService PaymentService</ID>
     <IFR_TYPE>element</IFR_TYPE>
     <IFR_NAME>BranchID</IFR_NAME>
     <IFR_TAGTYP>E</IFR_TAGTYP>
     <IFR_MINOCC>1</IFR_MINOCC>
     <IFR_MAXOCC>1</IFR_MAXOCC>
     <IFR_QUALIF>X</IFR_QUALIF>
     <IFR_XSDTYP>string</IFR_XSDTYP>
     <IFR_SCALE>-2</IFR_SCALE>
     <R3_TYPE>FIEL</R3_TYPE>
     <R3_NAME>BRANCH_ID</R3_NAME>
     <R3_DATATYP>STRG</R3_DATATYP>
     <R3_SEQNUM>000002</R3_SEQNUM>
    </item>
    <item>
     <OBJECT>TABL</OBJECT>
     <OBJ_NAME>ZDBS_GRNTRF_EFTACCOUNT_TO_TYPE</OBJ_NAME>
     <OBJECT1>FIEL</OBJECT1>
     <OBJ_NAME1>EMAIL</OBJ_NAME1>
     <OBJECT2>FIEL</OBJECT2>
     <OBJ_NAME2>EMAIL</OBJ_NAME2>
     <OBJECT_R>DTEL</OBJECT_R>
     <OBJ_NAME_R>ZDBS_GRNEMAIL_TYPE</OBJ_NAME_R>
     <ID>&lt;element&gt; {PaymentService}Email &lt;type&gt; TrfEFTAccountToType PaymentService PaymentService</ID>
     <IFR_TYPE>element</IFR_TYPE>
     <IFR_NAME>Email</IFR_NAME>
     <IFR_TAGTYP>E</IFR_TAGTYP>
     <IFR_MINOCC>1</IFR_MINOCC>
     <IFR_MAXOCC>1</IFR_MAXOCC>
     <IFR_QUALIF>X</IFR_QUALIF>
     <IFR_SCALE>-2</IFR_SCALE>
     <R3_TYPE>FIEL</R3_TYPE>
     <R3_NAME>EMAIL</R3_NAME>
     <R3_SEQNUM>000013</R3_SEQNUM>
    </item>
    <item>
     <OBJECT>TABL</OBJECT>
     <OBJ_NAME>ZDBS_GRNTRF_EFTACCOUNT_TO_TYPE</OBJ_NAME>
     <OBJECT1>FIEL</OBJECT1>
     <OBJ_NAME1>FATHER_NAME</OBJ_NAME1>
     <OBJECT2>FIEL</OBJECT2>
     <OBJ_NAME2>FATHER_NAME</OBJ_NAME2>
     <OBJECT_R>DTEL</OBJECT_R>
     <OBJ_NAME_R>ZDBS_GRNA20TYPE</OBJ_NAME_R>
     <ID>&lt;element&gt; {PaymentService}FatherName &lt;type&gt; TrfEFTAccountToType PaymentService PaymentService</ID>
     <IFR_TYPE>element</IFR_TYPE>
     <IFR_NAME>FatherName</IFR_NAME>
     <IFR_TAGTYP>E</IFR_TAGTYP>
     <IFR_MINOCC>1</IFR_MINOCC>
     <IFR_MAXOCC>1</IFR_MAXOCC>
     <IFR_QUALIF>X</IFR_QUALIF>
     <IFR_SCALE>-2</IFR_SCALE>
     <R3_TYPE>FIEL</R3_TYPE>
     <R3_NAME>FATHER_NAME</R3_NAME>
     <R3_SEQNUM>000006</R3_SEQNUM>
    </item>
    <item>
     <OBJECT>TABL</OBJECT>
     <OBJ_NAME>ZDBS_GRNTRF_EFTACCOUNT_TO_TYPE</OBJ_NAME>
     <OBJECT1>FIEL</OBJECT1>
     <OBJ_NAME1>IBAN</OBJ_NAME1>
     <OBJECT2>FIEL</OBJECT2>
     <OBJ_NAME2>IBAN</OBJ_NAME2>
     <ID>&lt;element&gt; {PaymentService}IBAN &lt;type&gt; TrfEFTAccountToType PaymentService PaymentService</ID>
     <IFR_TYPE>element</IFR_TYPE>
     <IFR_NAME>IBAN</IFR_NAME>
     <IFR_TAGTYP>E</IFR_TAGTYP>
     <IFR_MINOCC>1</IFR_MINOCC>
     <IFR_MAXOCC>1</IFR_MAXOCC>
     <IFR_QUALIF>X</IFR_QUALIF>
     <IFR_XSDTYP>string</IFR_XSDTYP>
     <IFR_SCALE>-2</IFR_SCALE>
     <R3_TYPE>FIEL</R3_TYPE>
     <R3_NAME>IBAN</R3_NAME>
     <R3_DATATYP>STRG</R3_DATATYP>
     <R3_SEQNUM>000004</R3_SEQNUM>
    </item>
    <item>
     <OBJECT>TABL</OBJECT>
     <OBJ_NAME>ZDBS_GRNTRF_EFTACCOUNT_TO_TYPE</OBJ_NAME>
     <OBJECT1>FIEL</OBJECT1>
     <OBJ_NAME1>MERNIS</OBJ_NAME1>
     <OBJECT2>FIEL</OBJECT2>
     <OBJ_NAME2>MERNIS</OBJ_NAME2>
     <OBJECT_R>DTEL</OBJECT_R>
     <OBJ_NAME_R>ZDBS_GRNN11TYPE</OBJ_NAME_R>
     <ID>&lt;element&gt; {PaymentService}Mernis &lt;type&gt; TrfEFTAccountToType PaymentService PaymentService</ID>
     <IFR_TYPE>element</IFR_TYPE>
     <IFR_NAME>Mernis</IFR_NAME>
     <IFR_TAGTYP>E</IFR_TAGTYP>
     <IFR_MINOCC>1</IFR_MINOCC>
     <IFR_MAXOCC>1</IFR_MAXOCC>
     <IFR_QUALIF>X</IFR_QUALIF>
     <IFR_SCALE>-2</IFR_SCALE>
     <R3_TYPE>FIEL</R3_TYPE>
     <R3_NAME>MERNIS</R3_NAME>
     <R3_SEQNUM>000010</R3_SEQNUM>
    </item>
    <item>
     <OBJECT>TABL</OBJECT>
     <OBJ_NAME>ZDBS_GRNTRF_EFTACCOUNT_TO_TYPE</OBJ_NAME>
     <OBJECT1>FIEL</OBJECT1>
     <OBJ_NAME1>NAME</OBJ_NAME1>
     <OBJECT2>FIEL</OBJECT2>
     <OBJ_NAME2>NAME</OBJ_NAME2>
     <OBJECT_R>DTEL</OBJECT_R>
     <OBJ_NAME_R>ZDBS_GRNA60TYPE</OBJ_NAME_R>
     <ID>&lt;element&gt; {PaymentService}Name &lt;type&gt; TrfEFTAccountToType PaymentService PaymentService</ID>
     <IFR_TYPE>element</IFR_TYPE>
     <IFR_NAME>Name</IFR_NAME>
     <IFR_TAGTYP>E</IFR_TAGTYP>
     <IFR_MINOCC>1</IFR_MINOCC>
     <IFR_MAXOCC>1</IFR_MAXOCC>
     <IFR_QUALIF>X</IFR_QUALIF>
     <IFR_SCALE>-2</IFR_SCALE>
     <R3_TYPE>FIEL</R3_TYPE>
     <R3_NAME>NAME</R3_NAME>
     <R3_SEQNUM>000005</R3_SEQNUM>
    </item>
    <item>
     <OBJECT>TABL</OBJECT>
     <OBJ_NAME>ZDBS_GRNTRF_EFTACCOUNT_TO_TYPE</OBJ_NAME>
     <OBJECT1>FIEL</OBJECT1>
     <OBJ_NAME1>TAX_DEPARTMENT</OBJ_NAME1>
     <OBJECT2>FIEL</OBJECT2>
     <OBJ_NAME2>TAX_DEPARTMENT</OBJ_NAME2>
     <ID>&lt;element&gt; {PaymentService}Tax_department &lt;type&gt; TrfEFTAccountToType PaymentService PaymentService</ID>
     <IFR_TYPE>element</IFR_TYPE>
     <IFR_NAME>Tax_department</IFR_NAME>
     <IFR_TAGTYP>E</IFR_TAGTYP>
     <IFR_MINOCC>1</IFR_MINOCC>
     <IFR_MAXOCC>1</IFR_MAXOCC>
     <IFR_QUALIF>X</IFR_QUALIF>
     <IFR_XSDTYP>string</IFR_XSDTYP>
     <IFR_SCALE>-2</IFR_SCALE>
     <R3_TYPE>FIEL</R3_TYPE>
     <R3_NAME>TAX_DEPARTMENT</R3_NAME>
     <R3_DATATYP>STRG</R3_DATATYP>
     <R3_SEQNUM>000012</R3_SEQNUM>
    </item>
    <item>
     <OBJECT>TABL</OBJECT>
     <OBJ_NAME>ZDBS_GRNTRF_EFTACCOUNT_TO_TYPE</OBJ_NAME>
     <OBJECT1>FIEL</OBJECT1>
     <OBJ_NAME1>TAX_NUM</OBJ_NAME1>
     <OBJECT2>FIEL</OBJECT2>
     <OBJ_NAME2>TAX_NUM</OBJ_NAME2>
     <OBJECT_R>DTEL</OBJECT_R>
     <OBJ_NAME_R>ZDBS_GRNN10TYPE</OBJ_NAME_R>
     <ID>&lt;element&gt; {PaymentService}Tax_Num &lt;type&gt; TrfEFTAccountToType PaymentService PaymentService</ID>
     <IFR_TYPE>element</IFR_TYPE>
     <IFR_NAME>Tax_Num</IFR_NAME>
     <IFR_TAGTYP>E</IFR_TAGTYP>
     <IFR_MINOCC>1</IFR_MINOCC>
     <IFR_MAXOCC>1</IFR_MAXOCC>
     <IFR_QUALIF>X</IFR_QUALIF>
     <IFR_SCALE>-2</IFR_SCALE>
     <R3_TYPE>FIEL</R3_TYPE>
     <R3_NAME>TAX_NUM</R3_NAME>
     <R3_SEQNUM>000011</R3_SEQNUM>
    </item>
    <item>
     <OBJECT>TABL</OBJECT>
     <OBJ_NAME>ZDBS_GRNTRF_EFTACCOUNT_TO_TYPE</OBJ_NAME>
     <OBJECT1>FIEL</OBJECT1>
     <OBJ_NAME1>TEL_NUM</OBJ_NAME1>
     <OBJECT2>FIEL</OBJECT2>
     <OBJ_NAME2>TEL_NUM</OBJ_NAME2>
     <OBJECT_R>DTEL</OBJECT_R>
     <OBJ_NAME_R>ZDBS_GRNN15TYPE</OBJ_NAME_R>
     <ID>&lt;element&gt; {PaymentService}TelNum &lt;type&gt; TrfEFTAccountToType PaymentService PaymentService</ID>
     <IFR_TYPE>element</IFR_TYPE>
     <IFR_NAME>TelNum</IFR_NAME>
     <IFR_TAGTYP>E</IFR_TAGTYP>
     <IFR_MINOCC>1</IFR_MINOCC>
     <IFR_MAXOCC>1</IFR_MAXOCC>
     <IFR_QUALIF>X</IFR_QUALIF>
     <IFR_SCALE>-2</IFR_SCALE>
     <R3_TYPE>FIEL</R3_TYPE>
     <R3_NAME>TEL_NUM</R3_NAME>
     <R3_SEQNUM>000007</R3_SEQNUM>
    </item>
    <item>
     <OBJECT>TABL</OBJECT>
     <OBJ_NAME>ZDBS_GRNTRF_EFTACCOUNT_TO_TYPE</OBJ_NAME>
     <OBJECT1>TABL</OBJECT1>
     <OBJ_NAME1>ZDBS_GRNTRF_EFTACCOUNT_TO_TYPE</OBJ_NAME1>
     <OBJECT2>TABL</OBJECT2>
     <OBJ_NAME2>ZDBS_GRNTRF_EFTACCOUNT_TO_TYPE</OBJ_NAME2>
     <ID>&lt;type&gt; TrfEFTAccountToType PaymentService PaymentService</ID>
     <IFR_TYPE>type</IFR_TYPE>
     <IFR_NAME>TrfEFTAccountToType</IFR_NAME>
     <IFR_SCALE>-2</IFR_SCALE>
     <R3_TYPE>TABL</R3_TYPE>
     <R3_NAME>ZDBS_GRNTRF_EFTACCOUNT_TO_TYPE</R3_NAME>
     <R3_TEXT>Proxy Structure (generated)</R3_TEXT>
     <CATEGORY>ifmtypedef</CATEGORY>
    </item>
   </PROXY_DATA>
  </asx:values>
 </asx:abap>
</abapGit>
