﻿<?xml version="1.0" encoding="utf-8"?>
<abapGit version="v1.0.0" serializer="LCL_OBJECT_SPRX" serializer_version="v1.0.0">
 <asx:abap xmlns:asx="http://www.sap.com/abapxml" version="1.0">
  <asx:values>
   <PROXY_HEADER>
    <item>
     <OBJECT>TABL</OBJECT>
     <OBJ_NAME>ZDBS_TEBDBSTOPLU_LIMIT_LISTE</OBJ_NAME>
     <OBJECT_M>TABL</OBJECT_M>
     <OBJ_NAME_M>ZDBS_TEBDBSTOPLU_LIMIT_LISTE</OBJ_NAME_M>
     <HASH_ID>0D1DE4B12883EE713CDA5EBEF8E78BCC3FD2F4D8</HASH_ID>
     <ID>&lt;type&gt; DBSTopluLimitListe http://com.teb.tebdbs/ http://com.teb.tebdbs/</ID>
     <IFR_GLOBAL>X</IFR_GLOBAL>
     <IFR_TYPE>type</IFR_TYPE>
     <IFR_NAME>DBSTopluLimitListe</IFR_NAME>
     <IFR_NSPCE>http://com.teb.tebdbs/</IFR_NSPCE>
     <IFR_GNSPCE>http://com.teb.tebdbs/</IFR_GNSPCE>
     <GEN_VERS>0005</GEN_VERS>
     <PREFIX>ZDBS_TEB</PREFIX>
     <CATEGORY>ifmtypedef</CATEGORY>
     <GEN_APPL>WEBSERVICES</GEN_APPL>
     <X-ML_NSPCE>http://com.teb.tebdbs/</X-ML_NSPCE>
     <X-ML_NAME>DBSTopluLimitListe</X-ML_NAME>
    </item>
   </PROXY_HEADER>
   <PROXY_DATA>
    <item>
     <OBJECT>TABL</OBJECT>
     <OBJ_NAME>ZDBS_TEBDBSTOPLU_LIMIT_LISTE</OBJ_NAME>
     <OBJECT1>FIEL</OBJECT1>
     <OBJ_NAME1>FIRMA_MUSTERI_NO</OBJ_NAME1>
     <OBJECT2>FIEL</OBJECT2>
     <OBJ_NAME2>FIRMA_MUSTERI_NO</OBJ_NAME2>
     <ID>&lt;element&gt; {http://com.teb.tebdbs/}firmaMusteriNo &lt;type&gt; DBSTopluLimitListe http://com.teb.tebdbs/ http://com.teb.tebdbs/</ID>
     <IFR_TYPE>element</IFR_TYPE>
     <IFR_NAME>firmaMusteriNo</IFR_NAME>
     <IFR_TAGTYP>E</IFR_TAGTYP>
     <IFR_MINOCC>1</IFR_MINOCC>
     <IFR_MAXOCC>1</IFR_MAXOCC>
     <IFR_QUALIF>X</IFR_QUALIF>
     <IFR_XSDTYP>string</IFR_XSDTYP>
     <IFR_NILLABLE>X</IFR_NILLABLE>
     <IFR_SCALE>-2</IFR_SCALE>
     <R3_TYPE>FIEL</R3_TYPE>
     <R3_NAME>FIRMA_MUSTERI_NO</R3_NAME>
     <R3_DATATYP>STRG</R3_DATATYP>
     <R3_SEQNUM>000003</R3_SEQNUM>
    </item>
    <item>
     <OBJECT>TABL</OBJECT>
     <OBJ_NAME>ZDBS_TEBDBSTOPLU_LIMIT_LISTE</OBJ_NAME>
     <OBJECT1>FIEL</OBJECT1>
     <OBJ_NAME1>GECERLI_BLOKAJ_TUTARI</OBJ_NAME1>
     <OBJECT2>FIEL</OBJECT2>
     <OBJ_NAME2>GECERLI_BLOKAJ_TUTARI</OBJ_NAME2>
     <ID>&lt;element&gt; {http://com.teb.tebdbs/}gecerliBlokajTutari &lt;type&gt; DBSTopluLimitListe http://com.teb.tebdbs/ http://com.teb.tebdbs/</ID>
     <IFR_TYPE>element</IFR_TYPE>
     <IFR_NAME>gecerliBlokajTutari</IFR_NAME>
     <IFR_TAGTYP>E</IFR_TAGTYP>
     <IFR_MINOCC>1</IFR_MINOCC>
     <IFR_MAXOCC>1</IFR_MAXOCC>
     <IFR_QUALIF>X</IFR_QUALIF>
     <IFR_XSDTYP>string</IFR_XSDTYP>
     <IFR_NILLABLE>X</IFR_NILLABLE>
     <IFR_SCALE>-2</IFR_SCALE>
     <R3_TYPE>FIEL</R3_TYPE>
     <R3_NAME>GECERLI_BLOKAJ_TUTARI</R3_NAME>
     <R3_DATATYP>STRG</R3_DATATYP>
     <R3_SEQNUM>000006</R3_SEQNUM>
    </item>
    <item>
     <OBJECT>TABL</OBJECT>
     <OBJ_NAME>ZDBS_TEBDBSTOPLU_LIMIT_LISTE</OBJ_NAME>
     <OBJECT1>FIEL</OBJECT1>
     <OBJ_NAME1>GECERLI_FATURA_ADET</OBJ_NAME1>
     <OBJECT2>FIEL</OBJECT2>
     <OBJ_NAME2>GECERLI_FATURA_ADET</OBJ_NAME2>
     <ID>&lt;element&gt; {http://com.teb.tebdbs/}gecerliFaturaAdet &lt;type&gt; DBSTopluLimitListe http://com.teb.tebdbs/ http://com.teb.tebdbs/</ID>
     <IFR_TYPE>element</IFR_TYPE>
     <IFR_NAME>gecerliFaturaAdet</IFR_NAME>
     <IFR_TAGTYP>E</IFR_TAGTYP>
     <IFR_MINOCC>1</IFR_MINOCC>
     <IFR_MAXOCC>1</IFR_MAXOCC>
     <IFR_QUALIF>X</IFR_QUALIF>
     <IFR_XSDTYP>string</IFR_XSDTYP>
     <IFR_NILLABLE>X</IFR_NILLABLE>
     <IFR_SCALE>-2</IFR_SCALE>
     <R3_TYPE>FIEL</R3_TYPE>
     <R3_NAME>GECERLI_FATURA_ADET</R3_NAME>
     <R3_DATATYP>STRG</R3_DATATYP>
     <R3_SEQNUM>000004</R3_SEQNUM>
    </item>
    <item>
     <OBJECT>TABL</OBJECT>
     <OBJ_NAME>ZDBS_TEBDBSTOPLU_LIMIT_LISTE</OBJ_NAME>
     <OBJECT1>FIEL</OBJECT1>
     <OBJ_NAME1>GECERLI_FATURA_TUTARI</OBJ_NAME1>
     <OBJECT2>FIEL</OBJECT2>
     <OBJ_NAME2>GECERLI_FATURA_TUTARI</OBJ_NAME2>
     <ID>&lt;element&gt; {http://com.teb.tebdbs/}gecerliFaturaTutari &lt;type&gt; DBSTopluLimitListe http://com.teb.tebdbs/ http://com.teb.tebdbs/</ID>
     <IFR_TYPE>element</IFR_TYPE>
     <IFR_NAME>gecerliFaturaTutari</IFR_NAME>
     <IFR_TAGTYP>E</IFR_TAGTYP>
     <IFR_MINOCC>1</IFR_MINOCC>
     <IFR_MAXOCC>1</IFR_MAXOCC>
     <IFR_QUALIF>X</IFR_QUALIF>
     <IFR_XSDTYP>string</IFR_XSDTYP>
     <IFR_NILLABLE>X</IFR_NILLABLE>
     <IFR_SCALE>-2</IFR_SCALE>
     <R3_TYPE>FIEL</R3_TYPE>
     <R3_NAME>GECERLI_FATURA_TUTARI</R3_NAME>
     <R3_DATATYP>STRG</R3_DATATYP>
     <R3_SEQNUM>000002</R3_SEQNUM>
    </item>
    <item>
     <OBJECT>TABL</OBJECT>
     <OBJ_NAME>ZDBS_TEBDBSTOPLU_LIMIT_LISTE</OBJ_NAME>
     <OBJECT1>FIEL</OBJECT1>
     <OBJ_NAME1>GENEL_LIMIT</OBJ_NAME1>
     <OBJECT2>FIEL</OBJECT2>
     <OBJ_NAME2>GENEL_LIMIT</OBJ_NAME2>
     <ID>&lt;element&gt; {http://com.teb.tebdbs/}genelLimit &lt;type&gt; DBSTopluLimitListe http://com.teb.tebdbs/ http://com.teb.tebdbs/</ID>
     <IFR_TYPE>element</IFR_TYPE>
     <IFR_NAME>genelLimit</IFR_NAME>
     <IFR_TAGTYP>E</IFR_TAGTYP>
     <IFR_MINOCC>1</IFR_MINOCC>
     <IFR_MAXOCC>1</IFR_MAXOCC>
     <IFR_QUALIF>X</IFR_QUALIF>
     <IFR_XSDTYP>string</IFR_XSDTYP>
     <IFR_NILLABLE>X</IFR_NILLABLE>
     <IFR_SCALE>-2</IFR_SCALE>
     <R3_TYPE>FIEL</R3_TYPE>
     <R3_NAME>GENEL_LIMIT</R3_NAME>
     <R3_DATATYP>STRG</R3_DATATYP>
     <R3_SEQNUM>000005</R3_SEQNUM>
    </item>
    <item>
     <OBJECT>TABL</OBJECT>
     <OBJ_NAME>ZDBS_TEBDBSTOPLU_LIMIT_LISTE</OBJ_NAME>
     <OBJECT1>FIEL</OBJECT1>
     <OBJ_NAME1>KULLANILABILIR_LIMIT</OBJ_NAME1>
     <OBJECT2>FIEL</OBJECT2>
     <OBJ_NAME2>KULLANILABILIR_LIMIT</OBJ_NAME2>
     <ID>&lt;element&gt; {http://com.teb.tebdbs/}kullanilabilirLimit &lt;type&gt; DBSTopluLimitListe http://com.teb.tebdbs/ http://com.teb.tebdbs/</ID>
     <IFR_TYPE>element</IFR_TYPE>
     <IFR_NAME>kullanilabilirLimit</IFR_NAME>
     <IFR_TAGTYP>E</IFR_TAGTYP>
     <IFR_MINOCC>1</IFR_MINOCC>
     <IFR_MAXOCC>1</IFR_MAXOCC>
     <IFR_QUALIF>X</IFR_QUALIF>
     <IFR_XSDTYP>string</IFR_XSDTYP>
     <IFR_NILLABLE>X</IFR_NILLABLE>
     <IFR_SCALE>-2</IFR_SCALE>
     <R3_TYPE>FIEL</R3_TYPE>
     <R3_NAME>KULLANILABILIR_LIMIT</R3_NAME>
     <R3_DATATYP>STRG</R3_DATATYP>
     <R3_SEQNUM>000001</R3_SEQNUM>
    </item>
    <item>
     <OBJECT>TABL</OBJECT>
     <OBJ_NAME>ZDBS_TEBDBSTOPLU_LIMIT_LISTE</OBJ_NAME>
     <OBJECT1>TABL</OBJECT1>
     <OBJ_NAME1>ZDBS_TEBDBSTOPLU_LIMIT_LISTE</OBJ_NAME1>
     <OBJECT2>TABL</OBJECT2>
     <OBJ_NAME2>ZDBS_TEBDBSTOPLU_LIMIT_LISTE</OBJ_NAME2>
     <ID>&lt;type&gt; DBSTopluLimitListe http://com.teb.tebdbs/ http://com.teb.tebdbs/</ID>
     <IFR_TYPE>type</IFR_TYPE>
     <IFR_NAME>DBSTopluLimitListe</IFR_NAME>
     <IFR_SCALE>-2</IFR_SCALE>
     <R3_TYPE>TABL</R3_TYPE>
     <R3_NAME>ZDBS_TEBDBSTOPLU_LIMIT_LISTE</R3_NAME>
     <R3_TEXT>Proxy Structure (generated)</R3_TEXT>
     <CATEGORY>ifmtypedef</CATEGORY>
    </item>
   </PROXY_DATA>
  </asx:values>
 </asx:abap>
</abapGit>
