﻿<?xml version="1.0" encoding="utf-8"?>
<abapGit version="v1.0.0" serializer="LCL_OBJECT_SPRX" serializer_version="v1.0.0">
 <asx:abap xmlns:asx="http://www.sap.com/abapxml" version="1.0">
  <asx:values>
   <PROXY_HEADER>
    <item>
     <OBJECT>TABL</OBJECT>
     <OBJ_NAME>ZDBS_SEKKKB_CONTROL_IBANFROM_1</OBJ_NAME>
     <OBJECT_M>TABL</OBJECT_M>
     <OBJ_NAME_M>ZDBS_SEKKKB_CONTROL_IBANFROM_1</OBJ_NAME_M>
     <HASH_ID>5439C970F2AF4EC3DCC28A7873887C3A02692EB3</HASH_ID>
     <ID>&lt;message&gt; KKB_ControlIBANFromKKBSoapIn http://tempuri.org/ http://tempuri.org/</ID>
     <IFR_GLOBAL>X</IFR_GLOBAL>
     <IFR_TYPE>message</IFR_TYPE>
     <IFR_NAME>KKB_ControlIBANFromKKBSoapIn</IFR_NAME>
     <IFR_NSPCE>http://tempuri.org/</IFR_NSPCE>
     <IFR_GNSPCE>http://tempuri.org/</IFR_GNSPCE>
     <GEN_VERS>0006</GEN_VERS>
     <PREFIX>ZDBS_SEK</PREFIX>
     <CATEGORY>ifmmessage</CATEGORY>
     <GEN_APPL>WEBSERVICES</GEN_APPL>
     <X-ML_NSPCE>http://tempuri.org/</X-ML_NSPCE>
     <X-ML_NAME>KKB_ControlIBANFromKKB</X-ML_NAME>
    </item>
   </PROXY_HEADER>
   <PROXY_DATA>
    <item>
     <OBJECT>TABL</OBJECT>
     <OBJ_NAME>ZDBS_SEKKKB_CONTROL_IBANFROM_1</OBJ_NAME>
     <OBJECT1>FIEL</OBJECT1>
     <OBJ_NAME1>CUSTOMER_NO</OBJ_NAME1>
     <OBJECT2>FIEL</OBJECT2>
     <OBJ_NAME2>CUSTOMER_NO</OBJ_NAME2>
     <ID>&lt;element&gt; {http://tempuri.org/}customerNo &lt;message&gt; KKB_ControlIBANFromKKBSoapIn http://tempuri.org/ http://tempuri.org/</ID>
     <IFR_TYPE>element</IFR_TYPE>
     <IFR_NAME>customerNo</IFR_NAME>
     <IFR_TAGTYP>E</IFR_TAGTYP>
     <IFR_MAXOCC>1</IFR_MAXOCC>
     <IFR_OPTNL>X</IFR_OPTNL>
     <IFR_QUALIF>X</IFR_QUALIF>
     <IFR_XSDTYP>string</IFR_XSDTYP>
     <IFR_SCALE>-2</IFR_SCALE>
     <R3_TYPE>FIEL</R3_TYPE>
     <R3_NAME>CUSTOMER_NO</R3_NAME>
     <R3_DATATYP>STRG</R3_DATATYP>
     <R3_SEQNUM>000003</R3_SEQNUM>
    </item>
    <item>
     <OBJECT>TABL</OBJECT>
     <OBJ_NAME>ZDBS_SEKKKB_CONTROL_IBANFROM_1</OBJ_NAME>
     <OBJECT1>FIEL</OBJECT1>
     <OBJ_NAME1>IBAN</OBJ_NAME1>
     <OBJECT2>FIEL</OBJECT2>
     <OBJ_NAME2>IBAN</OBJ_NAME2>
     <ID>&lt;element&gt; {http://tempuri.org/}IBAN &lt;message&gt; KKB_ControlIBANFromKKBSoapIn http://tempuri.org/ http://tempuri.org/</ID>
     <IFR_TYPE>element</IFR_TYPE>
     <IFR_NAME>IBAN</IFR_NAME>
     <IFR_TAGTYP>E</IFR_TAGTYP>
     <IFR_MAXOCC>1</IFR_MAXOCC>
     <IFR_OPTNL>X</IFR_OPTNL>
     <IFR_QUALIF>X</IFR_QUALIF>
     <IFR_XSDTYP>string</IFR_XSDTYP>
     <IFR_SCALE>-2</IFR_SCALE>
     <R3_TYPE>FIEL</R3_TYPE>
     <R3_NAME>IBAN</R3_NAME>
     <R3_DATATYP>STRG</R3_DATATYP>
     <R3_SEQNUM>000004</R3_SEQNUM>
    </item>
    <item>
     <OBJECT>TABL</OBJECT>
     <OBJ_NAME>ZDBS_SEKKKB_CONTROL_IBANFROM_1</OBJ_NAME>
     <OBJECT1>FIEL</OBJECT1>
     <OBJ_NAME1>PASSWORD</OBJ_NAME1>
     <OBJECT2>FIEL</OBJECT2>
     <OBJ_NAME2>PASSWORD</OBJ_NAME2>
     <ID>&lt;element&gt; {http://tempuri.org/}password &lt;message&gt; KKB_ControlIBANFromKKBSoapIn http://tempuri.org/ http://tempuri.org/</ID>
     <IFR_TYPE>element</IFR_TYPE>
     <IFR_NAME>password</IFR_NAME>
     <IFR_TAGTYP>E</IFR_TAGTYP>
     <IFR_MAXOCC>1</IFR_MAXOCC>
     <IFR_OPTNL>X</IFR_OPTNL>
     <IFR_QUALIF>X</IFR_QUALIF>
     <IFR_XSDTYP>string</IFR_XSDTYP>
     <IFR_SCALE>-2</IFR_SCALE>
     <R3_TYPE>FIEL</R3_TYPE>
     <R3_NAME>PASSWORD</R3_NAME>
     <R3_DATATYP>STRG</R3_DATATYP>
     <R3_SEQNUM>000002</R3_SEQNUM>
    </item>
    <item>
     <OBJECT>TABL</OBJECT>
     <OBJ_NAME>ZDBS_SEKKKB_CONTROL_IBANFROM_1</OBJ_NAME>
     <OBJECT1>FIEL</OBJECT1>
     <OBJ_NAME1>USER_NAME</OBJ_NAME1>
     <OBJECT2>FIEL</OBJECT2>
     <OBJ_NAME2>USER_NAME</OBJ_NAME2>
     <ID>&lt;element&gt; {http://tempuri.org/}userName &lt;message&gt; KKB_ControlIBANFromKKBSoapIn http://tempuri.org/ http://tempuri.org/</ID>
     <IFR_TYPE>element</IFR_TYPE>
     <IFR_NAME>userName</IFR_NAME>
     <IFR_TAGTYP>E</IFR_TAGTYP>
     <IFR_MAXOCC>1</IFR_MAXOCC>
     <IFR_OPTNL>X</IFR_OPTNL>
     <IFR_QUALIF>X</IFR_QUALIF>
     <IFR_XSDTYP>string</IFR_XSDTYP>
     <IFR_SCALE>-2</IFR_SCALE>
     <R3_TYPE>FIEL</R3_TYPE>
     <R3_NAME>USER_NAME</R3_NAME>
     <R3_DATATYP>STRG</R3_DATATYP>
     <R3_SEQNUM>000001</R3_SEQNUM>
    </item>
    <item>
     <OBJECT>TABL</OBJECT>
     <OBJ_NAME>ZDBS_SEKKKB_CONTROL_IBANFROM_1</OBJ_NAME>
     <OBJECT1>TABL</OBJECT1>
     <OBJ_NAME1>ZDBS_SEKKKB_CONTROL_IBANFROM_1</OBJ_NAME1>
     <OBJECT2>TABL</OBJECT2>
     <OBJ_NAME2>ZDBS_SEKKKB_CONTROL_IBANFROM_1</OBJ_NAME2>
     <ID>&lt;message&gt; KKB_ControlIBANFromKKBSoapIn http://tempuri.org/ http://tempuri.org/</ID>
     <IFR_TYPE>message</IFR_TYPE>
     <IFR_NAME>KKB_ControlIBANFromKKBSoapIn</IFR_NAME>
     <IFR_SCALE>-2</IFR_SCALE>
     <R3_TYPE>TABL</R3_TYPE>
     <R3_NAME>ZDBS_SEKKKB_CONTROL_IBANFROM_1</R3_NAME>
     <R3_TEXT>Proxy Structure (generated)</R3_TEXT>
     <CATEGORY>ifmmessage</CATEGORY>
    </item>
   </PROXY_DATA>
  </asx:values>
 </asx:abap>
</abapGit>
