﻿<?xml version="1.0" encoding="utf-8"?>
<abapGit version="v1.0.0" serializer="LCL_OBJECT_SPRX" serializer_version="v1.0.0">
 <asx:abap xmlns:asx="http://www.sap.com/abapxml" version="1.0">
  <asx:values>
   <PROXY_HEADER>
    <item>
     <OBJECT>TABL</OBJECT>
     <OBJ_NAME>ZDBS_ISBORDER_LIST</OBJ_NAME>
     <OBJECT_M>TABL</OBJECT_M>
     <OBJ_NAME_M>ZDBS_ISBORDER_LIST</OBJ_NAME_M>
     <HASH_ID>66121870B7B55EA8968C5762905C6587CA30D120</HASH_ID>
     <ID>&lt;type&gt; OrderList http://isbank.com/OpSvcs/PaymentMgmtProcessing/DDS/Core/Schema/V1 http://isbank.com/OpSvcs/PaymentMgmtProcessing/DDS/Core/Schema/V1</ID>
     <IFR_GLOBAL>X</IFR_GLOBAL>
     <IFR_TYPE>type</IFR_TYPE>
     <IFR_NAME>OrderList</IFR_NAME>
     <IFR_NSPCE>http://isbank.com/OpSvcs/PaymentMgmtProcessing/DDS/Core/Schema/V1</IFR_NSPCE>
     <IFR_GNSPCE>http://isbank.com/OpSvcs/PaymentMgmtProcessing/DDS/Core/Schema/V1</IFR_GNSPCE>
     <GEN_VERS>0005</GEN_VERS>
     <PREFIX>ZDBS_ISB</PREFIX>
     <CATEGORY>ifmtypedef</CATEGORY>
     <GEN_APPL>WEBSERVICES</GEN_APPL>
     <X-ML_NSPCE>http://isbank.com/OpSvcs/PaymentMgmtProcessing/DDS/Core/Schema/V1</X-ML_NSPCE>
     <X-ML_NAME>OrderList</X-ML_NAME>
    </item>
   </PROXY_HEADER>
   <PROXY_DATA>
    <item>
     <OBJECT>TABL</OBJECT>
     <OBJ_NAME>ZDBS_ISBORDER_LIST</OBJ_NAME>
     <OBJECT1>FIEL</OBJECT1>
     <OBJ_NAME1>ORDER_BY_DIRECTION</OBJ_NAME1>
     <OBJECT2>FIEL</OBJECT2>
     <OBJ_NAME2>ORDER_BY_DIRECTION</OBJ_NAME2>
     <ID>&lt;element&gt; {http://isbank.com/OpSvcs/PaymentMgmtProcessing/DDS/Core/Schema/V1}orderByDirection &lt;type&gt; OrderList http://isbank.com/OpSvcs/PaymentMgmtProcessing/DDS/Core/Schema/V1 http://isbank.com/OpSvcs/PaymentMgmtProcessing/DDS/Core/Schema/V1</ID>
     <IFR_TYPE>element</IFR_TYPE>
     <IFR_NAME>orderByDirection</IFR_NAME>
     <IFR_TAGTYP>E</IFR_TAGTYP>
     <IFR_MAXOCC>1</IFR_MAXOCC>
     <IFR_OPTNL>X</IFR_OPTNL>
     <IFR_QUALIF>X</IFR_QUALIF>
     <IFR_XSDTYP>string</IFR_XSDTYP>
     <IFR_SCALE>-2</IFR_SCALE>
     <R3_TYPE>FIEL</R3_TYPE>
     <R3_NAME>ORDER_BY_DIRECTION</R3_NAME>
     <R3_DATATYP>STRG</R3_DATATYP>
     <R3_SEQNUM>000002</R3_SEQNUM>
    </item>
    <item>
     <OBJECT>TABL</OBJECT>
     <OBJ_NAME>ZDBS_ISBORDER_LIST</OBJ_NAME>
     <OBJECT1>FIEL</OBJECT1>
     <OBJ_NAME1>ORDER_BY_FIELD</OBJ_NAME1>
     <OBJECT2>FIEL</OBJECT2>
     <OBJ_NAME2>ORDER_BY_FIELD</OBJ_NAME2>
     <ID>&lt;element&gt; {http://isbank.com/OpSvcs/PaymentMgmtProcessing/DDS/Core/Schema/V1}orderByField &lt;type&gt; OrderList http://isbank.com/OpSvcs/PaymentMgmtProcessing/DDS/Core/Schema/V1 http://isbank.com/OpSvcs/PaymentMgmtProcessing/DDS/Core/Schema/V1</ID>
     <IFR_TYPE>element</IFR_TYPE>
     <IFR_NAME>orderByField</IFR_NAME>
     <IFR_TAGTYP>E</IFR_TAGTYP>
     <IFR_MAXOCC>1</IFR_MAXOCC>
     <IFR_OPTNL>X</IFR_OPTNL>
     <IFR_QUALIF>X</IFR_QUALIF>
     <IFR_XSDTYP>string</IFR_XSDTYP>
     <IFR_SCALE>-2</IFR_SCALE>
     <R3_TYPE>FIEL</R3_TYPE>
     <R3_NAME>ORDER_BY_FIELD</R3_NAME>
     <R3_DATATYP>STRG</R3_DATATYP>
     <R3_SEQNUM>000001</R3_SEQNUM>
     <FURTHERDATA>&lt;asx:abap xmlns:asx=&quot;http://www.sap.com/abapxml&quot; version=&quot;1.0&quot;&gt;&lt;asx:values&gt;&lt;DATA&gt;&lt;IFR_T_ENUM&gt;&lt;item&gt;SUBSCRIBER-CODE&lt;/item&gt;&lt;item&gt;INVOICE-NUMBER&lt;/item&gt;&lt;item&gt;LAST-PAYMENT-DATE&lt;/item&gt;&lt;item&gt;INVOICE-AMOUNT&lt;/item&gt;&lt;item&gt;INVOICE-DATE&lt;/item&gt;&lt;item&gt;INVOICE-TYPE&lt;/item&gt;&lt;item&gt;INVOICE-STATUS&lt;/item&gt;&lt;/IFR_T_ENUM&gt;&lt;/DATA&gt;&lt;/asx:values&gt;&lt;/asx:abap&gt;</FURTHERDATA>
    </item>
    <item>
     <OBJECT>TABL</OBJECT>
     <OBJ_NAME>ZDBS_ISBORDER_LIST</OBJ_NAME>
     <OBJECT1>TABL</OBJECT1>
     <OBJ_NAME1>ZDBS_ISBORDER_LIST</OBJ_NAME1>
     <OBJECT2>TABL</OBJECT2>
     <OBJ_NAME2>ZDBS_ISBORDER_LIST</OBJ_NAME2>
     <ID>&lt;type&gt; OrderList http://isbank.com/OpSvcs/PaymentMgmtProcessing/DDS/Core/Schema/V1 http://isbank.com/OpSvcs/PaymentMgmtProcessing/DDS/Core/Schema/V1</ID>
     <IFR_TYPE>type</IFR_TYPE>
     <IFR_NAME>OrderList</IFR_NAME>
     <IFR_TEXT>Talimat Hesap Bilgileri</IFR_TEXT>
     <IFR_SCALE>-2</IFR_SCALE>
     <R3_TYPE>TABL</R3_TYPE>
     <R3_NAME>ZDBS_ISBORDER_LIST</R3_NAME>
     <R3_TEXT>Talimat Hesap Bilgileri</R3_TEXT>
     <CATEGORY>ifmtypedef</CATEGORY>
    </item>
   </PROXY_DATA>
  </asx:values>
 </asx:abap>
</abapGit>
