﻿<?xml version="1.0" encoding="utf-8"?>
<abapGit version="v1.0.0" serializer="LCL_OBJECT_SPRX" serializer_version="v1.0.0">
 <asx:abap xmlns:asx="http://www.sap.com/abapxml" version="1.0">
  <asx:values>
   <PROXY_HEADER>
    <item>
     <OBJECT>TABL</OBJECT>
     <OBJ_NAME>ZDBS_ISBPAYMENT_INFO</OBJ_NAME>
     <OBJECT_M>TABL</OBJECT_M>
     <OBJ_NAME_M>ZDBS_ISBPAYMENT_INFO</OBJ_NAME_M>
     <HASH_ID>F721E962A2F34D10EC146FB65A3A90BD052F9B07</HASH_ID>
     <ID>&lt;type&gt; PaymentInfo http://isbank.com/OpSvcs/PaymentMgmtProcessing/DDS/Core/Schema/V1 http://isbank.com/OpSvcs/PaymentMgmtProcessing/DDS/Core/Schema/V1</ID>
     <IFR_GLOBAL>X</IFR_GLOBAL>
     <IFR_TYPE>type</IFR_TYPE>
     <IFR_NAME>PaymentInfo</IFR_NAME>
     <IFR_NSPCE>http://isbank.com/OpSvcs/PaymentMgmtProcessing/DDS/Core/Schema/V1</IFR_NSPCE>
     <IFR_GNSPCE>http://isbank.com/OpSvcs/PaymentMgmtProcessing/DDS/Core/Schema/V1</IFR_GNSPCE>
     <GEN_VERS>0005</GEN_VERS>
     <PREFIX>ZDBS_ISB</PREFIX>
     <CATEGORY>ifmtypedef</CATEGORY>
     <GEN_APPL>WEBSERVICES</GEN_APPL>
     <X-ML_NSPCE>http://isbank.com/OpSvcs/PaymentMgmtProcessing/DDS/Core/Schema/V1</X-ML_NSPCE>
     <X-ML_NAME>PaymentInfo</X-ML_NAME>
    </item>
   </PROXY_HEADER>
   <PROXY_DATA>
    <item>
     <OBJECT>TABL</OBJECT>
     <OBJ_NAME>ZDBS_ISBPAYMENT_INFO</OBJ_NAME>
     <OBJECT1>FIEL</OBJECT1>
     <OBJ_NAME1>EXTENSION_PARAMETERS</OBJ_NAME1>
     <OBJECT2>FIEL</OBJECT2>
     <OBJ_NAME2>EXTENSION_PARAMETERS</OBJ_NAME2>
     <OBJECT_R>TABL</OBJECT_R>
     <OBJ_NAME_R>ZDBS_ISBEXTENSION</OBJ_NAME_R>
     <ID>&lt;element&gt; {http://isbank.com/OpSvcs/PaymentMgmtProcessing/DDS/Core/Schema/V1}extensionParameters &lt;type&gt; PaymentInfo http://isbank.com/OpSvcs/PaymentMgmtProcessing/DDS/Core/Schema/V1 http://isbank.com/OpSvcs/PaymentMgmtProcessing/DDS/Core/Schema/V1</ID>
     <IFR_TYPE>element</IFR_TYPE>
     <IFR_NAME>extensionParameters</IFR_NAME>
     <IFR_TAGTYP>E</IFR_TAGTYP>
     <IFR_MAXOCC>1</IFR_MAXOCC>
     <IFR_OPTNL>X</IFR_OPTNL>
     <IFR_QUALIF>X</IFR_QUALIF>
     <IFR_SCALE>-2</IFR_SCALE>
     <R3_TYPE>FIEL</R3_TYPE>
     <R3_NAME>EXTENSION_PARAMETERS</R3_NAME>
     <R3_SEQNUM>000004</R3_SEQNUM>
    </item>
    <item>
     <OBJECT>TABL</OBJECT>
     <OBJ_NAME>ZDBS_ISBPAYMENT_INFO</OBJ_NAME>
     <OBJECT1>FIEL</OBJECT1>
     <OBJ_NAME1>PAYMENT_AMOUNT</OBJ_NAME1>
     <OBJECT2>FIEL</OBJECT2>
     <OBJ_NAME2>PAYMENT_AMOUNT</OBJ_NAME2>
     <OBJECT_R>TABL</OBJECT_R>
     <OBJ_NAME_R>ZDBS_ISBAMOUNT</OBJ_NAME_R>
     <ID>&lt;element&gt; {http://isbank.com/OpSvcs/PaymentMgmtProcessing/DDS/Core/Schema/V1}paymentAmount &lt;type&gt; PaymentInfo http://isbank.com/OpSvcs/PaymentMgmtProcessing/DDS/Core/Schema/V1 http://isbank.com/OpSvcs/PaymentMgmtProcessing/DDS/Core/Schema/V1</ID>
     <IFR_TYPE>element</IFR_TYPE>
     <IFR_NAME>paymentAmount</IFR_NAME>
     <IFR_TEXT>Ödeme tutari</IFR_TEXT>
     <IFR_TAGTYP>E</IFR_TAGTYP>
     <IFR_MINOCC>1</IFR_MINOCC>
     <IFR_MAXOCC>1</IFR_MAXOCC>
     <IFR_QUALIF>X</IFR_QUALIF>
     <IFR_SCALE>-2</IFR_SCALE>
     <R3_TYPE>FIEL</R3_TYPE>
     <R3_NAME>PAYMENT_AMOUNT</R3_NAME>
     <R3_TEXT>Ödeme tutari</R3_TEXT>
     <R3_SEQNUM>000002</R3_SEQNUM>
    </item>
    <item>
     <OBJECT>TABL</OBJECT>
     <OBJ_NAME>ZDBS_ISBPAYMENT_INFO</OBJ_NAME>
     <OBJECT1>FIEL</OBJECT1>
     <OBJ_NAME1>PAYMENT_CHANNEL</OBJ_NAME1>
     <OBJECT2>FIEL</OBJECT2>
     <OBJ_NAME2>PAYMENT_CHANNEL</OBJ_NAME2>
     <ID>&lt;element&gt; {http://isbank.com/OpSvcs/PaymentMgmtProcessing/DDS/Core/Schema/V1}paymentChannel &lt;type&gt; PaymentInfo http://isbank.com/OpSvcs/PaymentMgmtProcessing/DDS/Core/Schema/V1 http://isbank.com/OpSvcs/PaymentMgmtProcessing/DDS/Core/Schema/V1</ID>
     <IFR_TYPE>element</IFR_TYPE>
     <IFR_NAME>paymentChannel</IFR_NAME>
     <IFR_TEXT>Ödeme kanali [ I = Internet | S = Sube ]</IFR_TEXT>
     <IFR_TAGTYP>E</IFR_TAGTYP>
     <IFR_MINOCC>1</IFR_MINOCC>
     <IFR_MAXOCC>1</IFR_MAXOCC>
     <IFR_QUALIF>X</IFR_QUALIF>
     <IFR_XSDTYP>string</IFR_XSDTYP>
     <IFR_SCALE>-2</IFR_SCALE>
     <R3_TYPE>FIEL</R3_TYPE>
     <R3_NAME>PAYMENT_CHANNEL</R3_NAME>
     <R3_TEXT>Ödeme kanali [ I = Internet | S = Sube ]</R3_TEXT>
     <R3_DATATYP>STRG</R3_DATATYP>
     <R3_SEQNUM>000003</R3_SEQNUM>
    </item>
    <item>
     <OBJECT>TABL</OBJECT>
     <OBJ_NAME>ZDBS_ISBPAYMENT_INFO</OBJ_NAME>
     <OBJECT1>FIEL</OBJECT1>
     <OBJ_NAME1>PAYMENT_DATE</OBJ_NAME1>
     <OBJECT2>FIEL</OBJECT2>
     <OBJ_NAME2>PAYMENT_DATE</OBJ_NAME2>
     <ID>&lt;element&gt; {http://isbank.com/OpSvcs/PaymentMgmtProcessing/DDS/Core/Schema/V1}paymentDate &lt;type&gt; PaymentInfo http://isbank.com/OpSvcs/PaymentMgmtProcessing/DDS/Core/Schema/V1 http://isbank.com/OpSvcs/PaymentMgmtProcessing/DDS/Core/Schema/V1</ID>
     <IFR_TYPE>element</IFR_TYPE>
     <IFR_NAME>paymentDate</IFR_NAME>
     <IFR_TEXT>Ödeme tarihi</IFR_TEXT>
     <IFR_TAGTYP>E</IFR_TAGTYP>
     <IFR_MINOCC>1</IFR_MINOCC>
     <IFR_MAXOCC>1</IFR_MAXOCC>
     <IFR_QUALIF>X</IFR_QUALIF>
     <IFR_XSDTYP>date</IFR_XSDTYP>
     <IFR_SCALE>-2</IFR_SCALE>
     <R3_TYPE>FIEL</R3_TYPE>
     <R3_NAME>PAYMENT_DATE</R3_NAME>
     <R3_TEXT>Ödeme tarihi</R3_TEXT>
     <R3_DTREF>XSDDATE_D</R3_DTREF>
     <R3_SEQNUM>000001</R3_SEQNUM>
    </item>
    <item>
     <OBJECT>TABL</OBJECT>
     <OBJ_NAME>ZDBS_ISBPAYMENT_INFO</OBJ_NAME>
     <OBJECT1>TABL</OBJECT1>
     <OBJ_NAME1>ZDBS_ISBPAYMENT_INFO</OBJ_NAME1>
     <OBJECT2>TABL</OBJECT2>
     <OBJ_NAME2>ZDBS_ISBPAYMENT_INFO</OBJ_NAME2>
     <ID>&lt;type&gt; PaymentInfo http://isbank.com/OpSvcs/PaymentMgmtProcessing/DDS/Core/Schema/V1 http://isbank.com/OpSvcs/PaymentMgmtProcessing/DDS/Core/Schema/V1</ID>
     <IFR_TYPE>type</IFR_TYPE>
     <IFR_NAME>PaymentInfo</IFR_NAME>
     <IFR_TEXT>Ödeme nesnesi</IFR_TEXT>
     <IFR_SCALE>-2</IFR_SCALE>
     <R3_TYPE>TABL</R3_TYPE>
     <R3_NAME>ZDBS_ISBPAYMENT_INFO</R3_NAME>
     <R3_TEXT>Ödeme nesnesi</R3_TEXT>
     <CATEGORY>ifmtypedef</CATEGORY>
    </item>
   </PROXY_DATA>
  </asx:values>
 </asx:abap>
</abapGit>
