﻿<?xml version="1.0" encoding="utf-8"?>
<abapGit version="v1.0.0" serializer="LCL_OBJECT_SPRX" serializer_version="v1.0.0">
 <asx:abap xmlns:asx="http://www.sap.com/abapxml" version="1.0">
  <asx:values>
   <PROXY_HEADER>
    <item>
     <OBJECT>TABL</OBJECT>
     <OBJ_NAME>ZDBS_ISBRETRIEVE_INVOICE_LIST3</OBJ_NAME>
     <OBJECT_M>TABL</OBJECT_M>
     <OBJ_NAME_M>ZDBS_ISBRETRIEVE_INVOICE_LIST3</OBJ_NAME_M>
     <HASH_ID>905C513AFED27EE5FD610BCF3E595EA6C8CEA582</HASH_ID>
     <ID>&lt;type&gt; RetrieveInvoiceList http://isbank.com/OpSvcs/PaymentMgmtProcessing/DDS/DDSGeneric/Service/V1 http://isbank.com/OpSvcs/PaymentMgmtProcessing/DDS/DDSGeneric/Service/V1</ID>
     <IFR_GLOBAL>X</IFR_GLOBAL>
     <IFR_TYPE>type</IFR_TYPE>
     <IFR_NAME>RetrieveInvoiceList</IFR_NAME>
     <IFR_NSPCE>http://isbank.com/OpSvcs/PaymentMgmtProcessing/DDS/DDSGeneric/Service/V1</IFR_NSPCE>
     <IFR_GNSPCE>http://isbank.com/OpSvcs/PaymentMgmtProcessing/DDS/DDSGeneric/Service/V1</IFR_GNSPCE>
     <GEN_VERS>0005</GEN_VERS>
     <PREFIX>ZDBS_ISB</PREFIX>
     <CATEGORY>ifmtypedef</CATEGORY>
     <GEN_APPL>WEBSERVICES</GEN_APPL>
     <X-ML_NSPCE>http://isbank.com/OpSvcs/PaymentMgmtProcessing/DDS/DDSGeneric/Service/V1</X-ML_NSPCE>
     <X-ML_NAME>RetrieveInvoiceList</X-ML_NAME>
    </item>
   </PROXY_HEADER>
   <PROXY_DATA>
    <item>
     <OBJECT>TABL</OBJECT>
     <OBJ_NAME>ZDBS_ISBRETRIEVE_INVOICE_LIST3</OBJ_NAME>
     <OBJECT1>FIEL</OBJECT1>
     <OBJ_NAME1>CORPORATE_CODE</OBJ_NAME1>
     <OBJECT2>FIEL</OBJECT2>
     <OBJ_NAME2>CORPORATE_CODE</OBJ_NAME2>
     <ID>&lt;element&gt; {http://isbank.com/OpSvcs/PaymentMgmtProcessing/DDS/DDSGeneric/Service/V1}corporateCode &lt;type&gt; RetrieveInvoiceList http://isbank.com/OpSvcs/PaymentMgmtProcessing/DDS/DDSGeneric/Service/V1 http://isbank.com/OpSvcs/PaymentMgmtProcessing/DDS/DDSGeneric/Service/V1</ID>
     <IFR_TYPE>element</IFR_TYPE>
     <IFR_NAME>corporateCode</IFR_NAME>
     <IFR_TAGTYP>E</IFR_TAGTYP>
     <IFR_MINOCC>1</IFR_MINOCC>
     <IFR_MAXOCC>1</IFR_MAXOCC>
     <IFR_QUALIF>X</IFR_QUALIF>
     <IFR_XSDTYP>int</IFR_XSDTYP>
     <IFR_SCALE>-2</IFR_SCALE>
     <R3_TYPE>FIEL</R3_TYPE>
     <R3_NAME>CORPORATE_CODE</R3_NAME>
     <R3_DATATYP>INT4</R3_DATATYP>
     <R3_SEQNUM>000001</R3_SEQNUM>
    </item>
    <item>
     <OBJECT>TABL</OBJECT>
     <OBJ_NAME>ZDBS_ISBRETRIEVE_INVOICE_LIST3</OBJ_NAME>
     <OBJECT1>FIEL</OBJECT1>
     <OBJ_NAME1>DATE_TYPE</OBJ_NAME1>
     <OBJECT2>FIEL</OBJECT2>
     <OBJ_NAME2>DATE_TYPE</OBJ_NAME2>
     <ID>&lt;element&gt; {http://isbank.com/OpSvcs/PaymentMgmtProcessing/DDS/DDSGeneric/Service/V1}dateType &lt;type&gt; RetrieveInvoiceList http://isbank.com/OpSvcs/PaymentMgmtProcessing/DDS/DDSGeneric/Service/V1 http://isbank.com/OpSvcs/PaymentMgmtProcessing/DDS/DDSGeneric/Service/V1</ID>
     <IFR_TYPE>element</IFR_TYPE>
     <IFR_NAME>dateType</IFR_NAME>
     <IFR_TAGTYP>E</IFR_TAGTYP>
     <IFR_MAXOCC>1</IFR_MAXOCC>
     <IFR_OPTNL>X</IFR_OPTNL>
     <IFR_QUALIF>X</IFR_QUALIF>
     <IFR_XSDTYP>string</IFR_XSDTYP>
     <IFR_SCALE>-2</IFR_SCALE>
     <R3_TYPE>FIEL</R3_TYPE>
     <R3_NAME>DATE_TYPE</R3_NAME>
     <R3_DATATYP>STRG</R3_DATATYP>
     <R3_SEQNUM>000003</R3_SEQNUM>
    </item>
    <item>
     <OBJECT>TABL</OBJECT>
     <OBJ_NAME>ZDBS_ISBRETRIEVE_INVOICE_LIST3</OBJ_NAME>
     <OBJECT1>FIEL</OBJECT1>
     <OBJ_NAME1>END_DATE</OBJ_NAME1>
     <OBJECT2>FIEL</OBJECT2>
     <OBJ_NAME2>END_DATE</OBJ_NAME2>
     <ID>&lt;element&gt; {http://isbank.com/OpSvcs/PaymentMgmtProcessing/DDS/DDSGeneric/Service/V1}endDate &lt;type&gt; RetrieveInvoiceList http://isbank.com/OpSvcs/PaymentMgmtProcessing/DDS/DDSGeneric/Service/V1 http://isbank.com/OpSvcs/PaymentMgmtProcessing/DDS/DDSGeneric/Service/V1</ID>
     <IFR_TYPE>element</IFR_TYPE>
     <IFR_NAME>endDate</IFR_NAME>
     <IFR_TAGTYP>E</IFR_TAGTYP>
     <IFR_MAXOCC>1</IFR_MAXOCC>
     <IFR_OPTNL>X</IFR_OPTNL>
     <IFR_QUALIF>X</IFR_QUALIF>
     <IFR_XSDTYP>date</IFR_XSDTYP>
     <IFR_SCALE>-2</IFR_SCALE>
     <R3_TYPE>FIEL</R3_TYPE>
     <R3_NAME>END_DATE</R3_NAME>
     <R3_DTREF>XSDDATE_D</R3_DTREF>
     <R3_SEQNUM>000005</R3_SEQNUM>
    </item>
    <item>
     <OBJECT>TABL</OBJECT>
     <OBJ_NAME>ZDBS_ISBRETRIEVE_INVOICE_LIST3</OBJ_NAME>
     <OBJECT1>FIEL</OBJECT1>
     <OBJ_NAME1>EXTENSION1</OBJ_NAME1>
     <OBJECT2>FIEL</OBJECT2>
     <OBJ_NAME2>EXTENSION1</OBJ_NAME2>
     <OBJECT_R>TTYP</OBJECT_R>
     <OBJ_NAME_R>ZDBS_ISBSTRING_TAB1</OBJ_NAME_R>
     <ID>&lt;element&gt; {http://isbank.com/OpSvcs/PaymentMgmtProcessing/DDS/DDSGeneric/Service/V1}extension1 &lt;type&gt; RetrieveInvoiceList http://isbank.com/OpSvcs/PaymentMgmtProcessing/DDS/DDSGeneric/Service/V1 http://isbank.com/OpSvcs/PaymentMgmtProcessing/DDS/DDSGeneric/Service/V1</ID>
     <IFR_TYPE>element</IFR_TYPE>
     <IFR_NAME>extension1</IFR_NAME>
     <IFR_TAGTYP>L</IFR_TAGTYP>
     <IFR_MAXOCC>65535</IFR_MAXOCC>
     <IFR_OPTNL>X</IFR_OPTNL>
     <IFR_QUALIF>X</IFR_QUALIF>
     <IFR_SCALE>-2</IFR_SCALE>
     <R3_TYPE>FIEL</R3_TYPE>
     <R3_NAME>EXTENSION1</R3_NAME>
     <R3_SEQNUM>000013</R3_SEQNUM>
    </item>
    <item>
     <OBJECT>TABL</OBJECT>
     <OBJ_NAME>ZDBS_ISBRETRIEVE_INVOICE_LIST3</OBJ_NAME>
     <OBJECT1>FIEL</OBJECT1>
     <OBJ_NAME1>EXTENSION2</OBJ_NAME1>
     <OBJECT2>FIEL</OBJECT2>
     <OBJ_NAME2>EXTENSION2</OBJ_NAME2>
     <OBJECT_R>TTYP</OBJECT_R>
     <OBJ_NAME_R>ZDBS_ISBSTRING_TAB1</OBJ_NAME_R>
     <ID>&lt;element&gt; {http://isbank.com/OpSvcs/PaymentMgmtProcessing/DDS/DDSGeneric/Service/V1}extension2 &lt;type&gt; RetrieveInvoiceList http://isbank.com/OpSvcs/PaymentMgmtProcessing/DDS/DDSGeneric/Service/V1 http://isbank.com/OpSvcs/PaymentMgmtProcessing/DDS/DDSGeneric/Service/V1</ID>
     <IFR_TYPE>element</IFR_TYPE>
     <IFR_NAME>extension2</IFR_NAME>
     <IFR_TAGTYP>L</IFR_TAGTYP>
     <IFR_MAXOCC>65535</IFR_MAXOCC>
     <IFR_OPTNL>X</IFR_OPTNL>
     <IFR_QUALIF>X</IFR_QUALIF>
     <IFR_SCALE>-2</IFR_SCALE>
     <R3_TYPE>FIEL</R3_TYPE>
     <R3_NAME>EXTENSION2</R3_NAME>
     <R3_SEQNUM>000014</R3_SEQNUM>
    </item>
    <item>
     <OBJECT>TABL</OBJECT>
     <OBJ_NAME>ZDBS_ISBRETRIEVE_INVOICE_LIST3</OBJ_NAME>
     <OBJECT1>FIEL</OBJECT1>
     <OBJ_NAME1>EXTENSION3</OBJ_NAME1>
     <OBJECT2>FIEL</OBJECT2>
     <OBJ_NAME2>EXTENSION3</OBJ_NAME2>
     <OBJECT_R>TTYP</OBJECT_R>
     <OBJ_NAME_R>ZDBS_ISBSTRING_TAB1</OBJ_NAME_R>
     <ID>&lt;element&gt; {http://isbank.com/OpSvcs/PaymentMgmtProcessing/DDS/DDSGeneric/Service/V1}extension3 &lt;type&gt; RetrieveInvoiceList http://isbank.com/OpSvcs/PaymentMgmtProcessing/DDS/DDSGeneric/Service/V1 http://isbank.com/OpSvcs/PaymentMgmtProcessing/DDS/DDSGeneric/Service/V1</ID>
     <IFR_TYPE>element</IFR_TYPE>
     <IFR_NAME>extension3</IFR_NAME>
     <IFR_TAGTYP>L</IFR_TAGTYP>
     <IFR_MAXOCC>65535</IFR_MAXOCC>
     <IFR_OPTNL>X</IFR_OPTNL>
     <IFR_QUALIF>X</IFR_QUALIF>
     <IFR_SCALE>-2</IFR_SCALE>
     <R3_TYPE>FIEL</R3_TYPE>
     <R3_NAME>EXTENSION3</R3_NAME>
     <R3_SEQNUM>000015</R3_SEQNUM>
    </item>
    <item>
     <OBJECT>TABL</OBJECT>
     <OBJ_NAME>ZDBS_ISBRETRIEVE_INVOICE_LIST3</OBJ_NAME>
     <OBJECT1>FIEL</OBJECT1>
     <OBJ_NAME1>EXTENSION4</OBJ_NAME1>
     <OBJECT2>FIEL</OBJECT2>
     <OBJ_NAME2>EXTENSION4</OBJ_NAME2>
     <OBJECT_R>TTYP</OBJECT_R>
     <OBJ_NAME_R>ZDBS_ISBSTRING_TAB1</OBJ_NAME_R>
     <ID>&lt;element&gt; {http://isbank.com/OpSvcs/PaymentMgmtProcessing/DDS/DDSGeneric/Service/V1}extension4 &lt;type&gt; RetrieveInvoiceList http://isbank.com/OpSvcs/PaymentMgmtProcessing/DDS/DDSGeneric/Service/V1 http://isbank.com/OpSvcs/PaymentMgmtProcessing/DDS/DDSGeneric/Service/V1</ID>
     <IFR_TYPE>element</IFR_TYPE>
     <IFR_NAME>extension4</IFR_NAME>
     <IFR_TAGTYP>L</IFR_TAGTYP>
     <IFR_MAXOCC>65535</IFR_MAXOCC>
     <IFR_OPTNL>X</IFR_OPTNL>
     <IFR_QUALIF>X</IFR_QUALIF>
     <IFR_SCALE>-2</IFR_SCALE>
     <R3_TYPE>FIEL</R3_TYPE>
     <R3_NAME>EXTENSION4</R3_NAME>
     <R3_SEQNUM>000016</R3_SEQNUM>
    </item>
    <item>
     <OBJECT>TABL</OBJECT>
     <OBJ_NAME>ZDBS_ISBRETRIEVE_INVOICE_LIST3</OBJ_NAME>
     <OBJECT1>FIEL</OBJECT1>
     <OBJ_NAME1>EXTENSION_PARAMETERS</OBJ_NAME1>
     <OBJECT2>FIEL</OBJECT2>
     <OBJ_NAME2>EXTENSION_PARAMETERS</OBJ_NAME2>
     <OBJECT_R>TTYP</OBJECT_R>
     <OBJ_NAME_R>ZDBS_ISBEXTENSION_TAB</OBJ_NAME_R>
     <ID>&lt;element&gt; {http://isbank.com/OpSvcs/PaymentMgmtProcessing/DDS/DDSGeneric/Service/V1}extensionParameters &lt;type&gt; RetrieveInvoiceList http://isbank.com/OpSvcs/PaymentMgmtProcessing/DDS/DDSGeneric/Service/V1 http://isbank.com/OpSvcs/PaymentMgmtProcessing/DDS/DDSGeneric/Service/V1</ID>
     <IFR_TYPE>element</IFR_TYPE>
     <IFR_NAME>extensionParameters</IFR_NAME>
     <IFR_TAGTYP>L</IFR_TAGTYP>
     <IFR_MAXOCC>65535</IFR_MAXOCC>
     <IFR_OPTNL>X</IFR_OPTNL>
     <IFR_QUALIF>X</IFR_QUALIF>
     <IFR_SCALE>-2</IFR_SCALE>
     <R3_TYPE>FIEL</R3_TYPE>
     <R3_NAME>EXTENSION_PARAMETERS</R3_NAME>
     <R3_SEQNUM>000017</R3_SEQNUM>
    </item>
    <item>
     <OBJECT>TABL</OBJECT>
     <OBJ_NAME>ZDBS_ISBRETRIEVE_INVOICE_LIST3</OBJ_NAME>
     <OBJECT1>FIEL</OBJECT1>
     <OBJ_NAME1>INVOICE_NUMBER</OBJ_NAME1>
     <OBJECT2>FIEL</OBJECT2>
     <OBJ_NAME2>INVOICE_NUMBER</OBJ_NAME2>
     <ID>&lt;element&gt; {http://isbank.com/OpSvcs/PaymentMgmtProcessing/DDS/DDSGeneric/Service/V1}invoiceNumber &lt;type&gt; RetrieveInvoiceList http://isbank.com/OpSvcs/PaymentMgmtProcessing/DDS/DDSGeneric/Service/V1 http://isbank.com/OpSvcs/PaymentMgmtProcessing/DDS/DDSGeneric/Service/V1</ID>
     <IFR_TYPE>element</IFR_TYPE>
     <IFR_NAME>invoiceNumber</IFR_NAME>
     <IFR_TAGTYP>E</IFR_TAGTYP>
     <IFR_MAXOCC>1</IFR_MAXOCC>
     <IFR_OPTNL>X</IFR_OPTNL>
     <IFR_QUALIF>X</IFR_QUALIF>
     <IFR_XSDTYP>string</IFR_XSDTYP>
     <IFR_SCALE>-2</IFR_SCALE>
     <R3_TYPE>FIEL</R3_TYPE>
     <R3_NAME>INVOICE_NUMBER</R3_NAME>
     <R3_DATATYP>STRG</R3_DATATYP>
     <R3_SEQNUM>000008</R3_SEQNUM>
    </item>
    <item>
     <OBJECT>TABL</OBJECT>
     <OBJ_NAME>ZDBS_ISBRETRIEVE_INVOICE_LIST3</OBJ_NAME>
     <OBJECT1>FIEL</OBJECT1>
     <OBJ_NAME1>INVOICE_TYPE</OBJ_NAME1>
     <OBJECT2>FIEL</OBJECT2>
     <OBJ_NAME2>INVOICE_TYPE</OBJ_NAME2>
     <OBJECT_R>TTYP</OBJECT_R>
     <OBJ_NAME_R>ZDBS_ISBSTRING_TAB1</OBJ_NAME_R>
     <ID>&lt;element&gt; {http://isbank.com/OpSvcs/PaymentMgmtProcessing/DDS/DDSGeneric/Service/V1}InvoiceType &lt;type&gt; RetrieveInvoiceList http://isbank.com/OpSvcs/PaymentMgmtProcessing/DDS/DDSGeneric/Service/V1 http://isbank.com/OpSvcs/PaymentMgmtProcessing/DDS/DDSGeneric/Service/V1</ID>
     <IFR_TYPE>element</IFR_TYPE>
     <IFR_NAME>InvoiceType</IFR_NAME>
     <IFR_TAGTYP>L</IFR_TAGTYP>
     <IFR_MAXOCC>65535</IFR_MAXOCC>
     <IFR_OPTNL>X</IFR_OPTNL>
     <IFR_QUALIF>X</IFR_QUALIF>
     <IFR_SCALE>-2</IFR_SCALE>
     <R3_TYPE>FIEL</R3_TYPE>
     <R3_NAME>INVOICE_TYPE</R3_NAME>
     <R3_SEQNUM>000009</R3_SEQNUM>
    </item>
    <item>
     <OBJECT>TABL</OBJECT>
     <OBJ_NAME>ZDBS_ISBRETRIEVE_INVOICE_LIST3</OBJ_NAME>
     <OBJECT1>FIEL</OBJECT1>
     <OBJ_NAME1>MAK_INVOICE_AMOUNT</OBJ_NAME1>
     <OBJECT2>FIEL</OBJECT2>
     <OBJ_NAME2>MAK_INVOICE_AMOUNT</OBJ_NAME2>
     <ID>&lt;element&gt; {http://isbank.com/OpSvcs/PaymentMgmtProcessing/DDS/DDSGeneric/Service/V1}makInvoiceAmount &lt;type&gt; RetrieveInvoiceList http://isbank.com/OpSvcs/PaymentMgmtProcessing/DDS/DDSGeneric/Service/V1 http://isbank.com/OpSvcs/PaymentMgmtProcessing/DDS/DDSGeneric/Service/V1</ID>
     <IFR_TYPE>element</IFR_TYPE>
     <IFR_NAME>makInvoiceAmount</IFR_NAME>
     <IFR_TAGTYP>E</IFR_TAGTYP>
     <IFR_MAXOCC>1</IFR_MAXOCC>
     <IFR_OPTNL>X</IFR_OPTNL>
     <IFR_QUALIF>X</IFR_QUALIF>
     <IFR_XSDTYP>decimal</IFR_XSDTYP>
     <IFR_SCALE>-2</IFR_SCALE>
     <R3_TYPE>FIEL</R3_TYPE>
     <R3_NAME>MAK_INVOICE_AMOUNT</R3_NAME>
     <R3_DATATYP>STRG</R3_DATATYP>
     <R3_SEQNUM>000011</R3_SEQNUM>
    </item>
    <item>
     <OBJECT>TABL</OBJECT>
     <OBJ_NAME>ZDBS_ISBRETRIEVE_INVOICE_LIST3</OBJ_NAME>
     <OBJECT1>FIEL</OBJECT1>
     <OBJ_NAME1>MIN_INVOICE_AMOUNT</OBJ_NAME1>
     <OBJECT2>FIEL</OBJECT2>
     <OBJ_NAME2>MIN_INVOICE_AMOUNT</OBJ_NAME2>
     <ID>&lt;element&gt; {http://isbank.com/OpSvcs/PaymentMgmtProcessing/DDS/DDSGeneric/Service/V1}minInvoiceAmount &lt;type&gt; RetrieveInvoiceList http://isbank.com/OpSvcs/PaymentMgmtProcessing/DDS/DDSGeneric/Service/V1 http://isbank.com/OpSvcs/PaymentMgmtProcessing/DDS/DDSGeneric/Service/V1</ID>
     <IFR_TYPE>element</IFR_TYPE>
     <IFR_NAME>minInvoiceAmount</IFR_NAME>
     <IFR_TAGTYP>E</IFR_TAGTYP>
     <IFR_MAXOCC>1</IFR_MAXOCC>
     <IFR_OPTNL>X</IFR_OPTNL>
     <IFR_QUALIF>X</IFR_QUALIF>
     <IFR_XSDTYP>decimal</IFR_XSDTYP>
     <IFR_SCALE>-2</IFR_SCALE>
     <R3_TYPE>FIEL</R3_TYPE>
     <R3_NAME>MIN_INVOICE_AMOUNT</R3_NAME>
     <R3_DATATYP>STRG</R3_DATATYP>
     <R3_SEQNUM>000010</R3_SEQNUM>
    </item>
    <item>
     <OBJECT>TABL</OBJECT>
     <OBJ_NAME>ZDBS_ISBRETRIEVE_INVOICE_LIST3</OBJ_NAME>
     <OBJECT1>FIEL</OBJECT1>
     <OBJ_NAME1>ORDER_LIST_PARAMETERS</OBJ_NAME1>
     <OBJECT2>FIEL</OBJECT2>
     <OBJ_NAME2>ORDER_LIST_PARAMETERS</OBJ_NAME2>
     <OBJECT_R>TTYP</OBJECT_R>
     <OBJ_NAME_R>ZDBS_ISBORDER_LIST_TAB</OBJ_NAME_R>
     <ID>&lt;element&gt; {http://isbank.com/OpSvcs/PaymentMgmtProcessing/DDS/DDSGeneric/Service/V1}orderListParameters &lt;type&gt; RetrieveInvoiceList http://isbank.com/OpSvcs/PaymentMgmtProcessing/DDS/DDSGeneric/Service/V1 http://isbank.com/OpSvcs/PaymentMgmtProcessing/DDS/DDSGeneric/Service/V1</ID>
     <IFR_TYPE>element</IFR_TYPE>
     <IFR_NAME>orderListParameters</IFR_NAME>
     <IFR_TAGTYP>L</IFR_TAGTYP>
     <IFR_MAXOCC>65535</IFR_MAXOCC>
     <IFR_OPTNL>X</IFR_OPTNL>
     <IFR_QUALIF>X</IFR_QUALIF>
     <IFR_SCALE>-2</IFR_SCALE>
     <R3_TYPE>FIEL</R3_TYPE>
     <R3_NAME>ORDER_LIST_PARAMETERS</R3_NAME>
     <R3_SEQNUM>000012</R3_SEQNUM>
    </item>
    <item>
     <OBJECT>TABL</OBJECT>
     <OBJ_NAME>ZDBS_ISBRETRIEVE_INVOICE_LIST3</OBJ_NAME>
     <OBJECT1>FIEL</OBJECT1>
     <OBJ_NAME1>PAGINATION_PARAMETERS</OBJ_NAME1>
     <OBJECT2>FIEL</OBJECT2>
     <OBJ_NAME2>PAGINATION_PARAMETERS</OBJ_NAME2>
     <OBJECT_R>TABL</OBJECT_R>
     <OBJ_NAME_R>ZDBS_ISBPAGINATION_PARAMETERS</OBJ_NAME_R>
     <ID>&lt;element&gt; {http://isbank.com/OpSvcs/PaymentMgmtProcessing/DDS/DDSGeneric/Service/V1}paginationParameters &lt;type&gt; RetrieveInvoiceList http://isbank.com/OpSvcs/PaymentMgmtProcessing/DDS/DDSGeneric/Service/V1 http://isbank.com/OpSvcs/PaymentMgmtProcessing/DDS/DDSGeneric/Service/V1</ID>
     <IFR_TYPE>element</IFR_TYPE>
     <IFR_NAME>paginationParameters</IFR_NAME>
     <IFR_TAGTYP>E</IFR_TAGTYP>
     <IFR_MAXOCC>1</IFR_MAXOCC>
     <IFR_OPTNL>X</IFR_OPTNL>
     <IFR_QUALIF>X</IFR_QUALIF>
     <IFR_SCALE>-2</IFR_SCALE>
     <R3_TYPE>FIEL</R3_TYPE>
     <R3_NAME>PAGINATION_PARAMETERS</R3_NAME>
     <R3_SEQNUM>000007</R3_SEQNUM>
    </item>
    <item>
     <OBJECT>TABL</OBJECT>
     <OBJ_NAME>ZDBS_ISBRETRIEVE_INVOICE_LIST3</OBJ_NAME>
     <OBJECT1>FIEL</OBJECT1>
     <OBJ_NAME1>START_DATE</OBJ_NAME1>
     <OBJECT2>FIEL</OBJECT2>
     <OBJ_NAME2>START_DATE</OBJ_NAME2>
     <ID>&lt;element&gt; {http://isbank.com/OpSvcs/PaymentMgmtProcessing/DDS/DDSGeneric/Service/V1}startDate &lt;type&gt; RetrieveInvoiceList http://isbank.com/OpSvcs/PaymentMgmtProcessing/DDS/DDSGeneric/Service/V1 http://isbank.com/OpSvcs/PaymentMgmtProcessing/DDS/DDSGeneric/Service/V1</ID>
     <IFR_TYPE>element</IFR_TYPE>
     <IFR_NAME>startDate</IFR_NAME>
     <IFR_TAGTYP>E</IFR_TAGTYP>
     <IFR_MAXOCC>1</IFR_MAXOCC>
     <IFR_OPTNL>X</IFR_OPTNL>
     <IFR_QUALIF>X</IFR_QUALIF>
     <IFR_XSDTYP>date</IFR_XSDTYP>
     <IFR_SCALE>-2</IFR_SCALE>
     <R3_TYPE>FIEL</R3_TYPE>
     <R3_NAME>START_DATE</R3_NAME>
     <R3_DTREF>XSDDATE_D</R3_DTREF>
     <R3_SEQNUM>000004</R3_SEQNUM>
    </item>
    <item>
     <OBJECT>TABL</OBJECT>
     <OBJ_NAME>ZDBS_ISBRETRIEVE_INVOICE_LIST3</OBJ_NAME>
     <OBJECT1>FIEL</OBJECT1>
     <OBJ_NAME1>STATUS</OBJ_NAME1>
     <OBJECT2>FIEL</OBJECT2>
     <OBJ_NAME2>STATUS</OBJ_NAME2>
     <OBJECT_R>TTYP</OBJECT_R>
     <OBJ_NAME_R>ZDBS_ISBSTRING_TAB1</OBJ_NAME_R>
     <ID>&lt;element&gt; {http://isbank.com/OpSvcs/PaymentMgmtProcessing/DDS/DDSGeneric/Service/V1}status &lt;type&gt; RetrieveInvoiceList http://isbank.com/OpSvcs/PaymentMgmtProcessing/DDS/DDSGeneric/Service/V1 http://isbank.com/OpSvcs/PaymentMgmtProcessing/DDS/DDSGeneric/Service/V1</ID>
     <IFR_TYPE>element</IFR_TYPE>
     <IFR_NAME>status</IFR_NAME>
     <IFR_TAGTYP>L</IFR_TAGTYP>
     <IFR_MAXOCC>65535</IFR_MAXOCC>
     <IFR_OPTNL>X</IFR_OPTNL>
     <IFR_QUALIF>X</IFR_QUALIF>
     <IFR_SCALE>-2</IFR_SCALE>
     <R3_TYPE>FIEL</R3_TYPE>
     <R3_NAME>STATUS</R3_NAME>
     <R3_SEQNUM>000006</R3_SEQNUM>
    </item>
    <item>
     <OBJECT>TABL</OBJECT>
     <OBJ_NAME>ZDBS_ISBRETRIEVE_INVOICE_LIST3</OBJ_NAME>
     <OBJECT1>FIEL</OBJECT1>
     <OBJ_NAME1>SUBSCRIBER_CODE_LIST</OBJ_NAME1>
     <OBJECT2>FIEL</OBJECT2>
     <OBJ_NAME2>SUBSCRIBER_CODE_LIST</OBJ_NAME2>
     <OBJECT_R>TTYP</OBJECT_R>
     <OBJ_NAME_R>ZDBS_ISBSTRING_TAB1</OBJ_NAME_R>
     <ID>&lt;element&gt; {http://isbank.com/OpSvcs/PaymentMgmtProcessing/DDS/DDSGeneric/Service/V1}subscriberCodeList &lt;type&gt; RetrieveInvoiceList http://isbank.com/OpSvcs/PaymentMgmtProcessing/DDS/DDSGeneric/Service/V1 http://isbank.com/OpSvcs/PaymentMgmtProcessing/DDS/DDSGeneric/Service/V1</ID>
     <IFR_TYPE>element</IFR_TYPE>
     <IFR_NAME>subscriberCodeList</IFR_NAME>
     <IFR_TAGTYP>L</IFR_TAGTYP>
     <IFR_MAXOCC>65535</IFR_MAXOCC>
     <IFR_OPTNL>X</IFR_OPTNL>
     <IFR_QUALIF>X</IFR_QUALIF>
     <IFR_SCALE>-2</IFR_SCALE>
     <R3_TYPE>FIEL</R3_TYPE>
     <R3_NAME>SUBSCRIBER_CODE_LIST</R3_NAME>
     <R3_SEQNUM>000002</R3_SEQNUM>
    </item>
    <item>
     <OBJECT>TABL</OBJECT>
     <OBJ_NAME>ZDBS_ISBRETRIEVE_INVOICE_LIST3</OBJ_NAME>
     <OBJECT1>TABL</OBJECT1>
     <OBJ_NAME1>ZDBS_ISBRETRIEVE_INVOICE_LIST3</OBJ_NAME1>
     <OBJECT2>TABL</OBJECT2>
     <OBJ_NAME2>ZDBS_ISBRETRIEVE_INVOICE_LIST3</OBJ_NAME2>
     <ID>&lt;type&gt; RetrieveInvoiceList http://isbank.com/OpSvcs/PaymentMgmtProcessing/DDS/DDSGeneric/Service/V1 http://isbank.com/OpSvcs/PaymentMgmtProcessing/DDS/DDSGeneric/Service/V1</ID>
     <IFR_TYPE>type</IFR_TYPE>
     <IFR_NAME>RetrieveInvoiceList</IFR_NAME>
     <IFR_SCALE>-2</IFR_SCALE>
     <R3_TYPE>TABL</R3_TYPE>
     <R3_NAME>ZDBS_ISBRETRIEVE_INVOICE_LIST3</R3_NAME>
     <R3_TEXT>Proxy Structure (generated)</R3_TEXT>
     <CATEGORY>ifmtypedef</CATEGORY>
    </item>
   </PROXY_DATA>
  </asx:values>
 </asx:abap>
</abapGit>
