﻿<?xml version="1.0" encoding="utf-8"?>
<abapGit version="v1.0.0" serializer="LCL_OBJECT_SPRX" serializer_version="v1.0.0">
 <asx:abap xmlns:asx="http://www.sap.com/abapxml" version="1.0">
  <asx:values>
   <PROXY_HEADER>
    <item>
     <OBJECT>TABL</OBJECT>
     <OBJ_NAME>ZDBS_SEKBULK_PAYMENT_RECORD_DE</OBJ_NAME>
     <OBJECT_M>TABL</OBJECT_M>
     <OBJ_NAME_M>ZDBS_SEKBULK_PAYMENT_RECORD_DE</OBJ_NAME_M>
     <HASH_ID>E2D073F316AAB06AB1CFB2FB72E6F8DD85BBF317</HASH_ID>
     <ID>&lt;type&gt; BulkPaymentRecordDetail http://tempuri.org/ http://tempuri.org/</ID>
     <IFR_GLOBAL>X</IFR_GLOBAL>
     <IFR_TYPE>type</IFR_TYPE>
     <IFR_NAME>BulkPaymentRecordDetail</IFR_NAME>
     <IFR_NSPCE>http://tempuri.org/</IFR_NSPCE>
     <IFR_GNSPCE>http://tempuri.org/</IFR_GNSPCE>
     <GEN_VERS>0005</GEN_VERS>
     <PREFIX>ZDBS_SEK</PREFIX>
     <CATEGORY>ifmtypedef</CATEGORY>
     <GEN_APPL>WEBSERVICES</GEN_APPL>
     <X-ML_NSPCE>http://tempuri.org/</X-ML_NSPCE>
     <X-ML_NAME>BulkPaymentRecordDetail</X-ML_NAME>
    </item>
   </PROXY_HEADER>
   <PROXY_DATA>
    <item>
     <OBJECT>TABL</OBJECT>
     <OBJ_NAME>ZDBS_SEKBULK_PAYMENT_RECORD_DE</OBJ_NAME>
     <OBJECT1>FIEL</OBJECT1>
     <OBJ_NAME1>DESCRIPTION</OBJ_NAME1>
     <OBJECT2>FIEL</OBJECT2>
     <OBJ_NAME2>DESCRIPTION</OBJ_NAME2>
     <ID>&lt;element&gt; {http://tempuri.org/}description &lt;type&gt; BulkPaymentRecordDetail http://tempuri.org/ http://tempuri.org/</ID>
     <IFR_TYPE>element</IFR_TYPE>
     <IFR_NAME>description</IFR_NAME>
     <IFR_TAGTYP>E</IFR_TAGTYP>
     <IFR_MAXOCC>1</IFR_MAXOCC>
     <IFR_OPTNL>X</IFR_OPTNL>
     <IFR_QUALIF>X</IFR_QUALIF>
     <IFR_XSDTYP>string</IFR_XSDTYP>
     <IFR_SCALE>-2</IFR_SCALE>
     <R3_TYPE>FIEL</R3_TYPE>
     <R3_NAME>DESCRIPTION</R3_NAME>
     <R3_DATATYP>STRG</R3_DATATYP>
     <R3_SEQNUM>000018</R3_SEQNUM>
    </item>
    <item>
     <OBJECT>TABL</OBJECT>
     <OBJ_NAME>ZDBS_SEKBULK_PAYMENT_RECORD_DE</OBJ_NAME>
     <OBJECT1>FIEL</OBJECT1>
     <OBJ_NAME1>DEST_ACCOUNT_CODE</OBJ_NAME1>
     <OBJECT2>FIEL</OBJECT2>
     <OBJ_NAME2>DEST_ACCOUNT_CODE</OBJ_NAME2>
     <ID>&lt;element&gt; {http://tempuri.org/}dest_account_code &lt;type&gt; BulkPaymentRecordDetail http://tempuri.org/ http://tempuri.org/</ID>
     <IFR_TYPE>element</IFR_TYPE>
     <IFR_NAME>dest_account_code</IFR_NAME>
     <IFR_TAGTYP>E</IFR_TAGTYP>
     <IFR_MAXOCC>1</IFR_MAXOCC>
     <IFR_OPTNL>X</IFR_OPTNL>
     <IFR_QUALIF>X</IFR_QUALIF>
     <IFR_XSDTYP>string</IFR_XSDTYP>
     <IFR_SCALE>-2</IFR_SCALE>
     <R3_TYPE>FIEL</R3_TYPE>
     <R3_NAME>DEST_ACCOUNT_CODE</R3_NAME>
     <R3_DATATYP>STRG</R3_DATATYP>
     <R3_SEQNUM>000010</R3_SEQNUM>
    </item>
    <item>
     <OBJECT>TABL</OBJECT>
     <OBJ_NAME>ZDBS_SEKBULK_PAYMENT_RECORD_DE</OBJ_NAME>
     <OBJECT1>FIEL</OBJECT1>
     <OBJ_NAME1>DEST_ADDRESS</OBJ_NAME1>
     <OBJECT2>FIEL</OBJECT2>
     <OBJ_NAME2>DEST_ADDRESS</OBJ_NAME2>
     <ID>&lt;element&gt; {http://tempuri.org/}dest_address &lt;type&gt; BulkPaymentRecordDetail http://tempuri.org/ http://tempuri.org/</ID>
     <IFR_TYPE>element</IFR_TYPE>
     <IFR_NAME>dest_address</IFR_NAME>
     <IFR_TAGTYP>E</IFR_TAGTYP>
     <IFR_MAXOCC>1</IFR_MAXOCC>
     <IFR_OPTNL>X</IFR_OPTNL>
     <IFR_QUALIF>X</IFR_QUALIF>
     <IFR_XSDTYP>string</IFR_XSDTYP>
     <IFR_SCALE>-2</IFR_SCALE>
     <R3_TYPE>FIEL</R3_TYPE>
     <R3_NAME>DEST_ADDRESS</R3_NAME>
     <R3_DATATYP>STRG</R3_DATATYP>
     <R3_SEQNUM>000016</R3_SEQNUM>
    </item>
    <item>
     <OBJECT>TABL</OBJECT>
     <OBJ_NAME>ZDBS_SEKBULK_PAYMENT_RECORD_DE</OBJ_NAME>
     <OBJECT1>FIEL</OBJECT1>
     <OBJ_NAME1>DEST_BANK_CODE</OBJ_NAME1>
     <OBJECT2>FIEL</OBJECT2>
     <OBJ_NAME2>DEST_BANK_CODE</OBJ_NAME2>
     <ID>&lt;element&gt; {http://tempuri.org/}dest_bank_code &lt;type&gt; BulkPaymentRecordDetail http://tempuri.org/ http://tempuri.org/</ID>
     <IFR_TYPE>element</IFR_TYPE>
     <IFR_NAME>dest_bank_code</IFR_NAME>
     <IFR_TAGTYP>E</IFR_TAGTYP>
     <IFR_MAXOCC>1</IFR_MAXOCC>
     <IFR_OPTNL>X</IFR_OPTNL>
     <IFR_QUALIF>X</IFR_QUALIF>
     <IFR_XSDTYP>string</IFR_XSDTYP>
     <IFR_SCALE>-2</IFR_SCALE>
     <R3_TYPE>FIEL</R3_TYPE>
     <R3_NAME>DEST_BANK_CODE</R3_NAME>
     <R3_DATATYP>STRG</R3_DATATYP>
     <R3_SEQNUM>000008</R3_SEQNUM>
    </item>
    <item>
     <OBJECT>TABL</OBJECT>
     <OBJ_NAME>ZDBS_SEKBULK_PAYMENT_RECORD_DE</OBJ_NAME>
     <OBJECT1>FIEL</OBJECT1>
     <OBJ_NAME1>DEST_BIRTHDATE</OBJ_NAME1>
     <OBJECT2>FIEL</OBJECT2>
     <OBJ_NAME2>DEST_BIRTHDATE</OBJ_NAME2>
     <ID>&lt;element&gt; {http://tempuri.org/}dest_birthdate &lt;type&gt; BulkPaymentRecordDetail http://tempuri.org/ http://tempuri.org/</ID>
     <IFR_TYPE>element</IFR_TYPE>
     <IFR_NAME>dest_birthdate</IFR_NAME>
     <IFR_TAGTYP>E</IFR_TAGTYP>
     <IFR_MAXOCC>1</IFR_MAXOCC>
     <IFR_OPTNL>X</IFR_OPTNL>
     <IFR_QUALIF>X</IFR_QUALIF>
     <IFR_XSDTYP>string</IFR_XSDTYP>
     <IFR_SCALE>-2</IFR_SCALE>
     <R3_TYPE>FIEL</R3_TYPE>
     <R3_NAME>DEST_BIRTHDATE</R3_NAME>
     <R3_DATATYP>STRG</R3_DATATYP>
     <R3_SEQNUM>000025</R3_SEQNUM>
    </item>
    <item>
     <OBJECT>TABL</OBJECT>
     <OBJ_NAME>ZDBS_SEKBULK_PAYMENT_RECORD_DE</OBJ_NAME>
     <OBJECT1>FIEL</OBJECT1>
     <OBJ_NAME1>DEST_BIRTHPLACE</OBJ_NAME1>
     <OBJECT2>FIEL</OBJECT2>
     <OBJ_NAME2>DEST_BIRTHPLACE</OBJ_NAME2>
     <ID>&lt;element&gt; {http://tempuri.org/}dest_birthplace &lt;type&gt; BulkPaymentRecordDetail http://tempuri.org/ http://tempuri.org/</ID>
     <IFR_TYPE>element</IFR_TYPE>
     <IFR_NAME>dest_birthplace</IFR_NAME>
     <IFR_TAGTYP>E</IFR_TAGTYP>
     <IFR_MAXOCC>1</IFR_MAXOCC>
     <IFR_OPTNL>X</IFR_OPTNL>
     <IFR_QUALIF>X</IFR_QUALIF>
     <IFR_XSDTYP>string</IFR_XSDTYP>
     <IFR_SCALE>-2</IFR_SCALE>
     <R3_TYPE>FIEL</R3_TYPE>
     <R3_NAME>DEST_BIRTHPLACE</R3_NAME>
     <R3_DATATYP>STRG</R3_DATATYP>
     <R3_SEQNUM>000026</R3_SEQNUM>
    </item>
    <item>
     <OBJECT>TABL</OBJECT>
     <OBJ_NAME>ZDBS_SEKBULK_PAYMENT_RECORD_DE</OBJ_NAME>
     <OBJECT1>FIEL</OBJECT1>
     <OBJ_NAME1>DEST_BRANCH_CODE</OBJ_NAME1>
     <OBJECT2>FIEL</OBJECT2>
     <OBJ_NAME2>DEST_BRANCH_CODE</OBJ_NAME2>
     <ID>&lt;element&gt; {http://tempuri.org/}dest_branch_code &lt;type&gt; BulkPaymentRecordDetail http://tempuri.org/ http://tempuri.org/</ID>
     <IFR_TYPE>element</IFR_TYPE>
     <IFR_NAME>dest_branch_code</IFR_NAME>
     <IFR_TAGTYP>E</IFR_TAGTYP>
     <IFR_MAXOCC>1</IFR_MAXOCC>
     <IFR_OPTNL>X</IFR_OPTNL>
     <IFR_QUALIF>X</IFR_QUALIF>
     <IFR_XSDTYP>string</IFR_XSDTYP>
     <IFR_SCALE>-2</IFR_SCALE>
     <R3_TYPE>FIEL</R3_TYPE>
     <R3_NAME>DEST_BRANCH_CODE</R3_NAME>
     <R3_DATATYP>STRG</R3_DATATYP>
     <R3_SEQNUM>000009</R3_SEQNUM>
    </item>
    <item>
     <OBJECT>TABL</OBJECT>
     <OBJ_NAME>ZDBS_SEKBULK_PAYMENT_RECORD_DE</OBJ_NAME>
     <OBJECT1>FIEL</OBJECT1>
     <OBJ_NAME1>DEST_CREDIT_CARD_NO</OBJ_NAME1>
     <OBJECT2>FIEL</OBJECT2>
     <OBJ_NAME2>DEST_CREDIT_CARD_NO</OBJ_NAME2>
     <ID>&lt;element&gt; {http://tempuri.org/}dest_credit_card_no &lt;type&gt; BulkPaymentRecordDetail http://tempuri.org/ http://tempuri.org/</ID>
     <IFR_TYPE>element</IFR_TYPE>
     <IFR_NAME>dest_credit_card_no</IFR_NAME>
     <IFR_TAGTYP>E</IFR_TAGTYP>
     <IFR_MAXOCC>1</IFR_MAXOCC>
     <IFR_OPTNL>X</IFR_OPTNL>
     <IFR_QUALIF>X</IFR_QUALIF>
     <IFR_XSDTYP>string</IFR_XSDTYP>
     <IFR_SCALE>-2</IFR_SCALE>
     <R3_TYPE>FIEL</R3_TYPE>
     <R3_NAME>DEST_CREDIT_CARD_NO</R3_NAME>
     <R3_DATATYP>STRG</R3_DATATYP>
     <R3_SEQNUM>000013</R3_SEQNUM>
    </item>
    <item>
     <OBJECT>TABL</OBJECT>
     <OBJ_NAME>ZDBS_SEKBULK_PAYMENT_RECORD_DE</OBJ_NAME>
     <OBJECT1>FIEL</OBJECT1>
     <OBJ_NAME1>DEST_CUSTOMER_CODE</OBJ_NAME1>
     <OBJECT2>FIEL</OBJECT2>
     <OBJ_NAME2>DEST_CUSTOMER_CODE</OBJ_NAME2>
     <ID>&lt;element&gt; {http://tempuri.org/}dest_customer_code &lt;type&gt; BulkPaymentRecordDetail http://tempuri.org/ http://tempuri.org/</ID>
     <IFR_TYPE>element</IFR_TYPE>
     <IFR_NAME>dest_customer_code</IFR_NAME>
     <IFR_TAGTYP>E</IFR_TAGTYP>
     <IFR_MAXOCC>1</IFR_MAXOCC>
     <IFR_OPTNL>X</IFR_OPTNL>
     <IFR_QUALIF>X</IFR_QUALIF>
     <IFR_XSDTYP>string</IFR_XSDTYP>
     <IFR_SCALE>-2</IFR_SCALE>
     <R3_TYPE>FIEL</R3_TYPE>
     <R3_NAME>DEST_CUSTOMER_CODE</R3_NAME>
     <R3_DATATYP>STRG</R3_DATATYP>
     <R3_SEQNUM>000023</R3_SEQNUM>
    </item>
    <item>
     <OBJECT>TABL</OBJECT>
     <OBJ_NAME>ZDBS_SEKBULK_PAYMENT_RECORD_DE</OBJ_NAME>
     <OBJECT1>FIEL</OBJECT1>
     <OBJ_NAME1>DEST_EMAIL_ADDRESS</OBJ_NAME1>
     <OBJECT2>FIEL</OBJECT2>
     <OBJ_NAME2>DEST_EMAIL_ADDRESS</OBJ_NAME2>
     <ID>&lt;element&gt; {http://tempuri.org/}dest_email_address &lt;type&gt; BulkPaymentRecordDetail http://tempuri.org/ http://tempuri.org/</ID>
     <IFR_TYPE>element</IFR_TYPE>
     <IFR_NAME>dest_email_address</IFR_NAME>
     <IFR_TAGTYP>E</IFR_TAGTYP>
     <IFR_MAXOCC>1</IFR_MAXOCC>
     <IFR_OPTNL>X</IFR_OPTNL>
     <IFR_QUALIF>X</IFR_QUALIF>
     <IFR_XSDTYP>string</IFR_XSDTYP>
     <IFR_SCALE>-2</IFR_SCALE>
     <R3_TYPE>FIEL</R3_TYPE>
     <R3_NAME>DEST_EMAIL_ADDRESS</R3_NAME>
     <R3_DATATYP>STRG</R3_DATATYP>
     <R3_SEQNUM>000014</R3_SEQNUM>
    </item>
    <item>
     <OBJECT>TABL</OBJECT>
     <OBJ_NAME>ZDBS_SEKBULK_PAYMENT_RECORD_DE</OBJ_NAME>
     <OBJECT1>FIEL</OBJECT1>
     <OBJ_NAME1>DEST_FULL_NAME</OBJ_NAME1>
     <OBJECT2>FIEL</OBJECT2>
     <OBJ_NAME2>DEST_FULL_NAME</OBJ_NAME2>
     <ID>&lt;element&gt; {http://tempuri.org/}dest_full_name &lt;type&gt; BulkPaymentRecordDetail http://tempuri.org/ http://tempuri.org/</ID>
     <IFR_TYPE>element</IFR_TYPE>
     <IFR_NAME>dest_full_name</IFR_NAME>
     <IFR_TAGTYP>E</IFR_TAGTYP>
     <IFR_MAXOCC>1</IFR_MAXOCC>
     <IFR_OPTNL>X</IFR_OPTNL>
     <IFR_QUALIF>X</IFR_QUALIF>
     <IFR_XSDTYP>string</IFR_XSDTYP>
     <IFR_SCALE>-2</IFR_SCALE>
     <R3_TYPE>FIEL</R3_TYPE>
     <R3_NAME>DEST_FULL_NAME</R3_NAME>
     <R3_DATATYP>STRG</R3_DATATYP>
     <R3_SEQNUM>000011</R3_SEQNUM>
    </item>
    <item>
     <OBJECT>TABL</OBJECT>
     <OBJ_NAME>ZDBS_SEKBULK_PAYMENT_RECORD_DE</OBJ_NAME>
     <OBJECT1>FIEL</OBJECT1>
     <OBJ_NAME1>DEST_IBAN</OBJ_NAME1>
     <OBJECT2>FIEL</OBJECT2>
     <OBJ_NAME2>DEST_IBAN</OBJ_NAME2>
     <ID>&lt;element&gt; {http://tempuri.org/}dest_iban &lt;type&gt; BulkPaymentRecordDetail http://tempuri.org/ http://tempuri.org/</ID>
     <IFR_TYPE>element</IFR_TYPE>
     <IFR_NAME>dest_iban</IFR_NAME>
     <IFR_TAGTYP>E</IFR_TAGTYP>
     <IFR_MAXOCC>1</IFR_MAXOCC>
     <IFR_OPTNL>X</IFR_OPTNL>
     <IFR_QUALIF>X</IFR_QUALIF>
     <IFR_XSDTYP>string</IFR_XSDTYP>
     <IFR_SCALE>-2</IFR_SCALE>
     <R3_TYPE>FIEL</R3_TYPE>
     <R3_NAME>DEST_IBAN</R3_NAME>
     <R3_DATATYP>STRG</R3_DATATYP>
     <R3_SEQNUM>000007</R3_SEQNUM>
    </item>
    <item>
     <OBJECT>TABL</OBJECT>
     <OBJ_NAME>ZDBS_SEKBULK_PAYMENT_RECORD_DE</OBJ_NAME>
     <OBJECT1>FIEL</OBJECT1>
     <OBJ_NAME1>DEST_PASSPORT_NO</OBJ_NAME1>
     <OBJECT2>FIEL</OBJECT2>
     <OBJ_NAME2>DEST_PASSPORT_NO</OBJ_NAME2>
     <ID>&lt;element&gt; {http://tempuri.org/}dest_passport_no &lt;type&gt; BulkPaymentRecordDetail http://tempuri.org/ http://tempuri.org/</ID>
     <IFR_TYPE>element</IFR_TYPE>
     <IFR_NAME>dest_passport_no</IFR_NAME>
     <IFR_TAGTYP>E</IFR_TAGTYP>
     <IFR_MAXOCC>1</IFR_MAXOCC>
     <IFR_OPTNL>X</IFR_OPTNL>
     <IFR_QUALIF>X</IFR_QUALIF>
     <IFR_XSDTYP>string</IFR_XSDTYP>
     <IFR_SCALE>-2</IFR_SCALE>
     <R3_TYPE>FIEL</R3_TYPE>
     <R3_NAME>DEST_PASSPORT_NO</R3_NAME>
     <R3_DATATYP>STRG</R3_DATATYP>
     <R3_SEQNUM>000024</R3_SEQNUM>
    </item>
    <item>
     <OBJECT>TABL</OBJECT>
     <OBJ_NAME>ZDBS_SEKBULK_PAYMENT_RECORD_DE</OBJ_NAME>
     <OBJECT1>FIEL</OBJECT1>
     <OBJ_NAME1>DEST_TAX_NO</OBJ_NAME1>
     <OBJECT2>FIEL</OBJECT2>
     <OBJ_NAME2>DEST_TAX_NO</OBJ_NAME2>
     <ID>&lt;element&gt; {http://tempuri.org/}dest_tax_no &lt;type&gt; BulkPaymentRecordDetail http://tempuri.org/ http://tempuri.org/</ID>
     <IFR_TYPE>element</IFR_TYPE>
     <IFR_NAME>dest_tax_no</IFR_NAME>
     <IFR_TAGTYP>E</IFR_TAGTYP>
     <IFR_MAXOCC>1</IFR_MAXOCC>
     <IFR_OPTNL>X</IFR_OPTNL>
     <IFR_QUALIF>X</IFR_QUALIF>
     <IFR_XSDTYP>string</IFR_XSDTYP>
     <IFR_SCALE>-2</IFR_SCALE>
     <R3_TYPE>FIEL</R3_TYPE>
     <R3_NAME>DEST_TAX_NO</R3_NAME>
     <R3_DATATYP>STRG</R3_DATATYP>
     <R3_SEQNUM>000027</R3_SEQNUM>
    </item>
    <item>
     <OBJECT>TABL</OBJECT>
     <OBJ_NAME>ZDBS_SEKBULK_PAYMENT_RECORD_DE</OBJ_NAME>
     <OBJECT1>FIEL</OBJECT1>
     <OBJ_NAME1>DEST_TAX_OFFICE</OBJ_NAME1>
     <OBJECT2>FIEL</OBJECT2>
     <OBJ_NAME2>DEST_TAX_OFFICE</OBJ_NAME2>
     <ID>&lt;element&gt; {http://tempuri.org/}dest_tax_offıce &lt;type&gt; BulkPaymentRecordDetail http://tempuri.org/ http://tempuri.org/</ID>
     <IFR_TYPE>element</IFR_TYPE>
     <IFR_NAME>dest_tax_offıce</IFR_NAME>
     <IFR_TAGTYP>E</IFR_TAGTYP>
     <IFR_MAXOCC>1</IFR_MAXOCC>
     <IFR_OPTNL>X</IFR_OPTNL>
     <IFR_QUALIF>X</IFR_QUALIF>
     <IFR_XSDTYP>string</IFR_XSDTYP>
     <IFR_SCALE>-2</IFR_SCALE>
     <R3_TYPE>FIEL</R3_TYPE>
     <R3_NAME>DEST_TAX_OFFICE</R3_NAME>
     <R3_DATATYP>STRG</R3_DATATYP>
     <R3_SEQNUM>000012</R3_SEQNUM>
    </item>
    <item>
     <OBJECT>TABL</OBJECT>
     <OBJ_NAME>ZDBS_SEKBULK_PAYMENT_RECORD_DE</OBJ_NAME>
     <OBJECT1>FIEL</OBJECT1>
     <OBJ_NAME1>DEST_TC_ID</OBJ_NAME1>
     <OBJECT2>FIEL</OBJECT2>
     <OBJ_NAME2>DEST_TC_ID</OBJ_NAME2>
     <ID>&lt;element&gt; {http://tempuri.org/}dest_tc_id &lt;type&gt; BulkPaymentRecordDetail http://tempuri.org/ http://tempuri.org/</ID>
     <IFR_TYPE>element</IFR_TYPE>
     <IFR_NAME>dest_tc_id</IFR_NAME>
     <IFR_TAGTYP>E</IFR_TAGTYP>
     <IFR_MAXOCC>1</IFR_MAXOCC>
     <IFR_OPTNL>X</IFR_OPTNL>
     <IFR_QUALIF>X</IFR_QUALIF>
     <IFR_XSDTYP>string</IFR_XSDTYP>
     <IFR_SCALE>-2</IFR_SCALE>
     <R3_TYPE>FIEL</R3_TYPE>
     <R3_NAME>DEST_TC_ID</R3_NAME>
     <R3_DATATYP>STRG</R3_DATATYP>
     <R3_SEQNUM>000022</R3_SEQNUM>
    </item>
    <item>
     <OBJECT>TABL</OBJECT>
     <OBJ_NAME>ZDBS_SEKBULK_PAYMENT_RECORD_DE</OBJ_NAME>
     <OBJECT1>FIEL</OBJECT1>
     <OBJ_NAME1>DEST_TEL_NO</OBJ_NAME1>
     <OBJECT2>FIEL</OBJECT2>
     <OBJ_NAME2>DEST_TEL_NO</OBJ_NAME2>
     <ID>&lt;element&gt; {http://tempuri.org/}dest_tel_no &lt;type&gt; BulkPaymentRecordDetail http://tempuri.org/ http://tempuri.org/</ID>
     <IFR_TYPE>element</IFR_TYPE>
     <IFR_NAME>dest_tel_no</IFR_NAME>
     <IFR_TAGTYP>E</IFR_TAGTYP>
     <IFR_MAXOCC>1</IFR_MAXOCC>
     <IFR_OPTNL>X</IFR_OPTNL>
     <IFR_QUALIF>X</IFR_QUALIF>
     <IFR_XSDTYP>string</IFR_XSDTYP>
     <IFR_SCALE>-2</IFR_SCALE>
     <R3_TYPE>FIEL</R3_TYPE>
     <R3_NAME>DEST_TEL_NO</R3_NAME>
     <R3_DATATYP>STRG</R3_DATATYP>
     <R3_SEQNUM>000015</R3_SEQNUM>
    </item>
    <item>
     <OBJECT>TABL</OBJECT>
     <OBJ_NAME>ZDBS_SEKBULK_PAYMENT_RECORD_DE</OBJ_NAME>
     <OBJECT1>FIEL</OBJECT1>
     <OBJ_NAME1>FIRM_REFERENCE_ID</OBJ_NAME1>
     <OBJECT2>FIEL</OBJECT2>
     <OBJ_NAME2>FIRM_REFERENCE_ID</OBJ_NAME2>
     <ID>&lt;element&gt; {http://tempuri.org/}firm_reference_id &lt;type&gt; BulkPaymentRecordDetail http://tempuri.org/ http://tempuri.org/</ID>
     <IFR_TYPE>element</IFR_TYPE>
     <IFR_NAME>firm_reference_id</IFR_NAME>
     <IFR_TAGTYP>E</IFR_TAGTYP>
     <IFR_MAXOCC>1</IFR_MAXOCC>
     <IFR_OPTNL>X</IFR_OPTNL>
     <IFR_QUALIF>X</IFR_QUALIF>
     <IFR_XSDTYP>string</IFR_XSDTYP>
     <IFR_SCALE>-2</IFR_SCALE>
     <R3_TYPE>FIEL</R3_TYPE>
     <R3_NAME>FIRM_REFERENCE_ID</R3_NAME>
     <R3_DATATYP>STRG</R3_DATATYP>
     <R3_SEQNUM>000019</R3_SEQNUM>
    </item>
    <item>
     <OBJECT>TABL</OBJECT>
     <OBJ_NAME>ZDBS_SEKBULK_PAYMENT_RECORD_DE</OBJ_NAME>
     <OBJECT1>FIEL</OBJECT1>
     <OBJ_NAME1>RECORD_ID</OBJ_NAME1>
     <OBJECT2>FIEL</OBJECT2>
     <OBJ_NAME2>RECORD_ID</OBJ_NAME2>
     <ID>&lt;element&gt; {http://tempuri.org/}record_id &lt;type&gt; BulkPaymentRecordDetail http://tempuri.org/ http://tempuri.org/</ID>
     <IFR_TYPE>element</IFR_TYPE>
     <IFR_NAME>record_id</IFR_NAME>
     <IFR_TAGTYP>E</IFR_TAGTYP>
     <IFR_MAXOCC>1</IFR_MAXOCC>
     <IFR_OPTNL>X</IFR_OPTNL>
     <IFR_QUALIF>X</IFR_QUALIF>
     <IFR_XSDTYP>string</IFR_XSDTYP>
     <IFR_SCALE>-2</IFR_SCALE>
     <R3_TYPE>FIEL</R3_TYPE>
     <R3_NAME>RECORD_ID</R3_NAME>
     <R3_DATATYP>STRG</R3_DATATYP>
     <R3_SEQNUM>000001</R3_SEQNUM>
    </item>
    <item>
     <OBJECT>TABL</OBJECT>
     <OBJ_NAME>ZDBS_SEKBULK_PAYMENT_RECORD_DE</OBJ_NAME>
     <OBJECT1>FIEL</OBJECT1>
     <OBJ_NAME1>SRC_ACCOUNT_CODE</OBJ_NAME1>
     <OBJECT2>FIEL</OBJECT2>
     <OBJ_NAME2>SRC_ACCOUNT_CODE</OBJ_NAME2>
     <ID>&lt;element&gt; {http://tempuri.org/}src_account_code &lt;type&gt; BulkPaymentRecordDetail http://tempuri.org/ http://tempuri.org/</ID>
     <IFR_TYPE>element</IFR_TYPE>
     <IFR_NAME>src_account_code</IFR_NAME>
     <IFR_TAGTYP>E</IFR_TAGTYP>
     <IFR_MAXOCC>1</IFR_MAXOCC>
     <IFR_OPTNL>X</IFR_OPTNL>
     <IFR_QUALIF>X</IFR_QUALIF>
     <IFR_XSDTYP>string</IFR_XSDTYP>
     <IFR_SCALE>-2</IFR_SCALE>
     <R3_TYPE>FIEL</R3_TYPE>
     <R3_NAME>SRC_ACCOUNT_CODE</R3_NAME>
     <R3_DATATYP>STRG</R3_DATATYP>
     <R3_SEQNUM>000002</R3_SEQNUM>
    </item>
    <item>
     <OBJECT>TABL</OBJECT>
     <OBJ_NAME>ZDBS_SEKBULK_PAYMENT_RECORD_DE</OBJ_NAME>
     <OBJECT1>FIEL</OBJECT1>
     <OBJ_NAME1>SRC_BANK_CODE</OBJ_NAME1>
     <OBJECT2>FIEL</OBJECT2>
     <OBJ_NAME2>SRC_BANK_CODE</OBJ_NAME2>
     <ID>&lt;element&gt; {http://tempuri.org/}src_bank_code &lt;type&gt; BulkPaymentRecordDetail http://tempuri.org/ http://tempuri.org/</ID>
     <IFR_TYPE>element</IFR_TYPE>
     <IFR_NAME>src_bank_code</IFR_NAME>
     <IFR_TAGTYP>E</IFR_TAGTYP>
     <IFR_MAXOCC>1</IFR_MAXOCC>
     <IFR_OPTNL>X</IFR_OPTNL>
     <IFR_QUALIF>X</IFR_QUALIF>
     <IFR_XSDTYP>string</IFR_XSDTYP>
     <IFR_SCALE>-2</IFR_SCALE>
     <R3_TYPE>FIEL</R3_TYPE>
     <R3_NAME>SRC_BANK_CODE</R3_NAME>
     <R3_DATATYP>STRG</R3_DATATYP>
     <R3_SEQNUM>000003</R3_SEQNUM>
    </item>
    <item>
     <OBJECT>TABL</OBJECT>
     <OBJ_NAME>ZDBS_SEKBULK_PAYMENT_RECORD_DE</OBJ_NAME>
     <OBJECT1>FIEL</OBJECT1>
     <OBJ_NAME1>SRC_BRANCH_CODE</OBJ_NAME1>
     <OBJECT2>FIEL</OBJECT2>
     <OBJ_NAME2>SRC_BRANCH_CODE</OBJ_NAME2>
     <ID>&lt;element&gt; {http://tempuri.org/}src_branch_code &lt;type&gt; BulkPaymentRecordDetail http://tempuri.org/ http://tempuri.org/</ID>
     <IFR_TYPE>element</IFR_TYPE>
     <IFR_NAME>src_branch_code</IFR_NAME>
     <IFR_TAGTYP>E</IFR_TAGTYP>
     <IFR_MAXOCC>1</IFR_MAXOCC>
     <IFR_OPTNL>X</IFR_OPTNL>
     <IFR_QUALIF>X</IFR_QUALIF>
     <IFR_XSDTYP>string</IFR_XSDTYP>
     <IFR_SCALE>-2</IFR_SCALE>
     <R3_TYPE>FIEL</R3_TYPE>
     <R3_NAME>SRC_BRANCH_CODE</R3_NAME>
     <R3_DATATYP>STRG</R3_DATATYP>
     <R3_SEQNUM>000004</R3_SEQNUM>
    </item>
    <item>
     <OBJECT>TABL</OBJECT>
     <OBJ_NAME>ZDBS_SEKBULK_PAYMENT_RECORD_DE</OBJ_NAME>
     <OBJECT1>FIEL</OBJECT1>
     <OBJ_NAME1>TRANSFER_AMOUNT</OBJ_NAME1>
     <OBJECT2>FIEL</OBJECT2>
     <OBJ_NAME2>TRANSFER_AMOUNT</OBJ_NAME2>
     <ID>&lt;element&gt; {http://tempuri.org/}transfer_amount &lt;type&gt; BulkPaymentRecordDetail http://tempuri.org/ http://tempuri.org/</ID>
     <IFR_TYPE>element</IFR_TYPE>
     <IFR_NAME>transfer_amount</IFR_NAME>
     <IFR_TAGTYP>E</IFR_TAGTYP>
     <IFR_MAXOCC>1</IFR_MAXOCC>
     <IFR_OPTNL>X</IFR_OPTNL>
     <IFR_QUALIF>X</IFR_QUALIF>
     <IFR_XSDTYP>string</IFR_XSDTYP>
     <IFR_SCALE>-2</IFR_SCALE>
     <R3_TYPE>FIEL</R3_TYPE>
     <R3_NAME>TRANSFER_AMOUNT</R3_NAME>
     <R3_DATATYP>STRG</R3_DATATYP>
     <R3_SEQNUM>000005</R3_SEQNUM>
    </item>
    <item>
     <OBJECT>TABL</OBJECT>
     <OBJ_NAME>ZDBS_SEKBULK_PAYMENT_RECORD_DE</OBJ_NAME>
     <OBJECT1>FIEL</OBJECT1>
     <OBJ_NAME1>TRANSFER_CURRENCY_CODE</OBJ_NAME1>
     <OBJECT2>FIEL</OBJECT2>
     <OBJ_NAME2>TRANSFER_CURRENCY_CODE</OBJ_NAME2>
     <ID>&lt;element&gt; {http://tempuri.org/}transfer_currency_code &lt;type&gt; BulkPaymentRecordDetail http://tempuri.org/ http://tempuri.org/</ID>
     <IFR_TYPE>element</IFR_TYPE>
     <IFR_NAME>transfer_currency_code</IFR_NAME>
     <IFR_TAGTYP>E</IFR_TAGTYP>
     <IFR_MAXOCC>1</IFR_MAXOCC>
     <IFR_OPTNL>X</IFR_OPTNL>
     <IFR_QUALIF>X</IFR_QUALIF>
     <IFR_XSDTYP>string</IFR_XSDTYP>
     <IFR_SCALE>-2</IFR_SCALE>
     <R3_TYPE>FIEL</R3_TYPE>
     <R3_NAME>TRANSFER_CURRENCY_CODE</R3_NAME>
     <R3_DATATYP>STRG</R3_DATATYP>
     <R3_SEQNUM>000021</R3_SEQNUM>
    </item>
    <item>
     <OBJECT>TABL</OBJECT>
     <OBJ_NAME>ZDBS_SEKBULK_PAYMENT_RECORD_DE</OBJ_NAME>
     <OBJECT1>FIEL</OBJECT1>
     <OBJ_NAME1>TRANSFER_DATE</OBJ_NAME1>
     <OBJECT2>FIEL</OBJECT2>
     <OBJ_NAME2>TRANSFER_DATE</OBJ_NAME2>
     <ID>&lt;element&gt; {http://tempuri.org/}transfer_date &lt;type&gt; BulkPaymentRecordDetail http://tempuri.org/ http://tempuri.org/</ID>
     <IFR_TYPE>element</IFR_TYPE>
     <IFR_NAME>transfer_date</IFR_NAME>
     <IFR_TAGTYP>E</IFR_TAGTYP>
     <IFR_MAXOCC>1</IFR_MAXOCC>
     <IFR_OPTNL>X</IFR_OPTNL>
     <IFR_QUALIF>X</IFR_QUALIF>
     <IFR_XSDTYP>string</IFR_XSDTYP>
     <IFR_SCALE>-2</IFR_SCALE>
     <R3_TYPE>FIEL</R3_TYPE>
     <R3_NAME>TRANSFER_DATE</R3_NAME>
     <R3_DATATYP>STRG</R3_DATATYP>
     <R3_SEQNUM>000006</R3_SEQNUM>
    </item>
    <item>
     <OBJECT>TABL</OBJECT>
     <OBJ_NAME>ZDBS_SEKBULK_PAYMENT_RECORD_DE</OBJ_NAME>
     <OBJECT1>FIEL</OBJECT1>
     <OBJ_NAME1>TRANSFER_DETAIL</OBJ_NAME1>
     <OBJECT2>FIEL</OBJECT2>
     <OBJ_NAME2>TRANSFER_DETAIL</OBJ_NAME2>
     <ID>&lt;element&gt; {http://tempuri.org/}transfer_detail &lt;type&gt; BulkPaymentRecordDetail http://tempuri.org/ http://tempuri.org/</ID>
     <IFR_TYPE>element</IFR_TYPE>
     <IFR_NAME>transfer_detail</IFR_NAME>
     <IFR_TAGTYP>E</IFR_TAGTYP>
     <IFR_MAXOCC>1</IFR_MAXOCC>
     <IFR_OPTNL>X</IFR_OPTNL>
     <IFR_QUALIF>X</IFR_QUALIF>
     <IFR_XSDTYP>string</IFR_XSDTYP>
     <IFR_SCALE>-2</IFR_SCALE>
     <R3_TYPE>FIEL</R3_TYPE>
     <R3_NAME>TRANSFER_DETAIL</R3_NAME>
     <R3_DATATYP>STRG</R3_DATATYP>
     <R3_SEQNUM>000020</R3_SEQNUM>
    </item>
    <item>
     <OBJECT>TABL</OBJECT>
     <OBJ_NAME>ZDBS_SEKBULK_PAYMENT_RECORD_DE</OBJ_NAME>
     <OBJECT1>FIEL</OBJECT1>
     <OBJ_NAME1>TRANSFER_TYPE</OBJ_NAME1>
     <OBJECT2>FIEL</OBJECT2>
     <OBJ_NAME2>TRANSFER_TYPE</OBJ_NAME2>
     <ID>&lt;element&gt; {http://tempuri.org/}transfer_type &lt;type&gt; BulkPaymentRecordDetail http://tempuri.org/ http://tempuri.org/</ID>
     <IFR_TYPE>element</IFR_TYPE>
     <IFR_NAME>transfer_type</IFR_NAME>
     <IFR_TAGTYP>E</IFR_TAGTYP>
     <IFR_MAXOCC>1</IFR_MAXOCC>
     <IFR_OPTNL>X</IFR_OPTNL>
     <IFR_QUALIF>X</IFR_QUALIF>
     <IFR_XSDTYP>string</IFR_XSDTYP>
     <IFR_SCALE>-2</IFR_SCALE>
     <R3_TYPE>FIEL</R3_TYPE>
     <R3_NAME>TRANSFER_TYPE</R3_NAME>
     <R3_DATATYP>STRG</R3_DATATYP>
     <R3_SEQNUM>000017</R3_SEQNUM>
    </item>
    <item>
     <OBJECT>TABL</OBJECT>
     <OBJ_NAME>ZDBS_SEKBULK_PAYMENT_RECORD_DE</OBJ_NAME>
     <OBJECT1>TABL</OBJECT1>
     <OBJ_NAME1>ZDBS_SEKBULK_PAYMENT_RECORD_DE</OBJ_NAME1>
     <OBJECT2>TABL</OBJECT2>
     <OBJ_NAME2>ZDBS_SEKBULK_PAYMENT_RECORD_DE</OBJ_NAME2>
     <ID>&lt;type&gt; BulkPaymentRecordDetail http://tempuri.org/ http://tempuri.org/</ID>
     <IFR_TYPE>type</IFR_TYPE>
     <IFR_NAME>BulkPaymentRecordDetail</IFR_NAME>
     <IFR_SCALE>-2</IFR_SCALE>
     <R3_TYPE>TABL</R3_TYPE>
     <R3_NAME>ZDBS_SEKBULK_PAYMENT_RECORD_DE</R3_NAME>
     <R3_TEXT>Proxy Structure (generated)</R3_TEXT>
     <CATEGORY>ifmtypedef</CATEGORY>
    </item>
   </PROXY_DATA>
  </asx:values>
 </asx:abap>
</abapGit>
