﻿<?xml version="1.0" encoding="utf-8"?>
<abapGit version="v1.0.0" serializer="LCL_OBJECT_FUGR" serializer_version="v1.0.0">
 <asx:abap xmlns:asx="http://www.sap.com/abapxml" version="1.0">
  <asx:values>
   <AREAT>Genişletilmiş tablo bakımı (üretilmiş)</AREAT>
   <INCLUDES>
    <SOBJ_NAME>LZDBS_V010F00</SOBJ_NAME>
    <SOBJ_NAME>LZDBS_V010I00</SOBJ_NAME>
    <SOBJ_NAME>LZDBS_V010TOP</SOBJ_NAME>
    <SOBJ_NAME>LZDBS_V010T00</SOBJ_NAME>
    <SOBJ_NAME>SAPLZDBS_V010</SOBJ_NAME>
   </INCLUDES>
   <FUNCTIONS>
    <item>
     <FUNCNAME>VIEWFRAME_ZDBS_V010</FUNCNAME>
     <SHORT_TEXT>Genişletilmiş tablo bakımı: Üst düzey</SHORT_TEXT>
     <IMPORT>
      <RSIMP>
       <PARAMETER>VIEW_ACTION</PARAMETER>
       <DEFAULT>&apos;S&apos;</DEFAULT>
      </RSIMP>
      <RSIMP>
       <PARAMETER>VIEW_NAME</PARAMETER>
       <DBFIELD>DD02V-TABNAME</DBFIELD>
      </RSIMP>
      <RSIMP>
       <PARAMETER>CORR_NUMBER</PARAMETER>
       <DBFIELD>E070-TRKORR</DBFIELD>
       <DEFAULT>&apos; &apos;</DEFAULT>
      </RSIMP>
     </IMPORT>
     <TABLES>
      <RSTBL>
       <PARAMETER>DBA_SELLIST</PARAMETER>
       <DBSTRUCT>VIMSELLIST</DBSTRUCT>
      </RSTBL>
      <RSTBL>
       <PARAMETER>DPL_SELLIST</PARAMETER>
       <DBSTRUCT>VIMSELLIST</DBSTRUCT>
      </RSTBL>
      <RSTBL>
       <PARAMETER>EXCL_CUA_FUNCT</PARAMETER>
       <DBSTRUCT>VIMEXCLFUN</DBSTRUCT>
      </RSTBL>
      <RSTBL>
       <PARAMETER>X_HEADER</PARAMETER>
       <DBSTRUCT>VIMDESC</DBSTRUCT>
      </RSTBL>
      <RSTBL>
       <PARAMETER>X_NAMTAB</PARAMETER>
       <DBSTRUCT>VIMNAMTAB</DBSTRUCT>
      </RSTBL>
     </TABLES>
     <EXCEPTION>
      <RSEXC>
       <EXCEPTION>NO_VALUE_FOR_SUBSET_IDENT</EXCEPTION>
      </RSEXC>
      <RSEXC>
       <EXCEPTION>MISSING_CORR_NUMBER</EXCEPTION>
      </RSEXC>
     </EXCEPTION>
     <DOCUMENTATION>
      <RSFDO>
       <PARAMETER>VIEW_ACTION</PARAMETER>
       <KIND>P</KIND>
       <STEXT>Aktion mit dem View: anzeigen/ändern (S/U)</STEXT>
      </RSFDO>
      <RSFDO>
       <PARAMETER>VIEW_NAME</PARAMETER>
       <KIND>P</KIND>
       <STEXT>Name des Views</STEXT>
      </RSFDO>
      <RSFDO>
       <PARAMETER>CORR_NUMBER</PARAMETER>
       <KIND>P</KIND>
       <STEXT>Korrekturnummer für durchgeführte Änderungen</STEXT>
      </RSFDO>
      <RSFDO>
       <PARAMETER>DBA_SELLIST</PARAMETER>
       <KIND>P</KIND>
       <STEXT>Selektionsbedingungen für den DB-Zugriff</STEXT>
      </RSFDO>
      <RSFDO>
       <PARAMETER>DPL_SELLIST</PARAMETER>
       <KIND>P</KIND>
       <STEXT>Selektionsbedingungen für die Anzeige</STEXT>
      </RSFDO>
      <RSFDO>
       <PARAMETER>EXCL_CUA_FUNCT</PARAMETER>
       <KIND>P</KIND>
       <STEXT>Tabelle mit dynam. zu deaktivierenden CUA-Funkt.</STEXT>
      </RSFDO>
      <RSFDO>
       <PARAMETER>X_HEADER</PARAMETER>
       <KIND>P</KIND>
       <STEXT>Kontrollblocktabelle für den View</STEXT>
      </RSFDO>
      <RSFDO>
       <PARAMETER>X_NAMTAB</PARAMETER>
       <KIND>P</KIND>
       <STEXT>Kontrollblocktabelle für die View-Felder</STEXT>
      </RSFDO>
      <RSFDO>
       <PARAMETER>NO_VALUE_FOR_SUBSET_IDENT</PARAMETER>
       <KIND>X</KIND>
       <STEXT>für &apos;SUBSET&apos;-Feld wurde kein Wert vorgegeben</STEXT>
      </RSFDO>
      <RSFDO>
       <PARAMETER>MISSING_CORR_NUMBER</PARAMETER>
       <KIND>X</KIND>
       <STEXT>Korrekturnummer fehlt</STEXT>
      </RSFDO>
     </DOCUMENTATION>
    </item>
    <item>
     <FUNCNAME>VIEWPROC_ZDBS_V010</FUNCNAME>
     <GLOBAL_FLAG>X</GLOBAL_FLAG>
     <SHORT_TEXT>Genişletilmiş tablo bakımı: Alt düzey</SHORT_TEXT>
     <IMPORT>
      <RSIMP>
       <PARAMETER>FCODE</PARAMETER>
       <DEFAULT>&apos;RDED&apos;</DEFAULT>
      </RSIMP>
      <RSIMP>
       <PARAMETER>VIEW_ACTION</PARAMETER>
       <DEFAULT>&apos;S&apos;</DEFAULT>
      </RSIMP>
      <RSIMP>
       <PARAMETER>VIEW_NAME</PARAMETER>
       <DBFIELD>DD02V-TABNAME</DBFIELD>
      </RSIMP>
      <RSIMP>
       <PARAMETER>CORR_NUMBER</PARAMETER>
       <DBFIELD>E070-TRKORR</DBFIELD>
       <DEFAULT>&apos; &apos;</DEFAULT>
      </RSIMP>
     </IMPORT>
     <EXPORT>
      <RSEXP>
       <PARAMETER>LAST_ACT_ENTRY</PARAMETER>
      </RSEXP>
      <RSEXP>
       <PARAMETER>UCOMM</PARAMETER>
      </RSEXP>
      <RSEXP>
       <PARAMETER>UPDATE_REQUIRED</PARAMETER>
      </RSEXP>
     </EXPORT>
     <TABLES>
      <RSTBL>
       <PARAMETER>CORR_KEYTAB</PARAMETER>
       <DBSTRUCT>E071K</DBSTRUCT>
      </RSTBL>
      <RSTBL>
       <PARAMETER>DBA_SELLIST</PARAMETER>
       <DBSTRUCT>VIMSELLIST</DBSTRUCT>
      </RSTBL>
      <RSTBL>
       <PARAMETER>DPL_SELLIST</PARAMETER>
       <DBSTRUCT>VIMSELLIST</DBSTRUCT>
      </RSTBL>
      <RSTBL>
       <PARAMETER>EXCL_CUA_FUNCT</PARAMETER>
       <DBSTRUCT>VIMEXCLFUN</DBSTRUCT>
      </RSTBL>
      <RSTBL>
       <PARAMETER>EXTRACT</PARAMETER>
      </RSTBL>
      <RSTBL>
       <PARAMETER>TOTAL</PARAMETER>
      </RSTBL>
      <RSTBL>
       <PARAMETER>X_HEADER</PARAMETER>
       <DBSTRUCT>VIMDESC</DBSTRUCT>
      </RSTBL>
      <RSTBL>
       <PARAMETER>X_NAMTAB</PARAMETER>
       <DBSTRUCT>VIMNAMTAB</DBSTRUCT>
      </RSTBL>
     </TABLES>
     <EXCEPTION>
      <RSEXC>
       <EXCEPTION>NO_VALUE_FOR_SUBSET_IDENT</EXCEPTION>
      </RSEXC>
      <RSEXC>
       <EXCEPTION>MISSING_CORR_NUMBER</EXCEPTION>
      </RSEXC>
      <RSEXC>
       <EXCEPTION>SAVING_CORRECTION_FAILED</EXCEPTION>
      </RSEXC>
     </EXCEPTION>
     <DOCUMENTATION>
      <RSFDO>
       <PARAMETER>FCODE</PARAMETER>
       <KIND>P</KIND>
       <STEXT>gewünschte Funktion des Bausteins</STEXT>
      </RSFDO>
      <RSFDO>
       <PARAMETER>VIEW_ACTION</PARAMETER>
       <KIND>P</KIND>
       <STEXT>Aktion mit dem View: anzeigen/ändern (S/U)</STEXT>
      </RSFDO>
      <RSFDO>
       <PARAMETER>VIEW_NAME</PARAMETER>
       <KIND>P</KIND>
       <STEXT>Name des Views</STEXT>
      </RSFDO>
      <RSFDO>
       <PARAMETER>CORR_NUMBER</PARAMETER>
       <KIND>P</KIND>
       <STEXT>Korrekturnummer für durchgeführte Änderungen</STEXT>
      </RSFDO>
      <RSFDO>
       <PARAMETER>LAST_ACT_ENTRY</PARAMETER>
       <KIND>P</KIND>
       <STEXT>Index der Cursorposition in der Anzeigetabelle</STEXT>
      </RSFDO>
      <RSFDO>
       <PARAMETER>UCOMM</PARAMETER>
       <KIND>P</KIND>
       <STEXT>letztes User-command innerhalb der Viewpflege</STEXT>
      </RSFDO>
      <RSFDO>
       <PARAMETER>UPDATE_REQUIRED</PARAMETER>
       <KIND>P</KIND>
       <STEXT>Flag: Einträge verändert, Sichern erforderlich</STEXT>
      </RSFDO>
      <RSFDO>
       <PARAMETER>CORR_KEYTAB</PARAMETER>
       <KIND>P</KIND>
       <STEXT>Tabelle mit den Keys der zu transport. Einträge</STEXT>
      </RSFDO>
      <RSFDO>
       <PARAMETER>DBA_SELLIST</PARAMETER>
       <KIND>P</KIND>
       <STEXT>Selektionsbedingungen für den DB-Zugriff</STEXT>
      </RSFDO>
      <RSFDO>
       <PARAMETER>DPL_SELLIST</PARAMETER>
       <KIND>P</KIND>
       <STEXT>Selektionsbedingungen für die Anzeige</STEXT>
      </RSFDO>
      <RSFDO>
       <PARAMETER>EXCL_CUA_FUNCT</PARAMETER>
       <KIND>P</KIND>
       <STEXT>Tab. der nicht zu aktivierenden CUA-Funktionen</STEXT>
      </RSFDO>
      <RSFDO>
       <PARAMETER>EXTRACT</PARAMETER>
       <KIND>P</KIND>
       <STEXT>Tab. der gerade sichtbaren Daten (Anzeigetabelle</STEXT>
      </RSFDO>
      <RSFDO>
       <PARAMETER>TOTAL</PARAMETER>
       <KIND>P</KIND>
       <STEXT>Tabelle, mit allen von der DB gelesenen Daten</STEXT>
      </RSFDO>
      <RSFDO>
       <PARAMETER>X_HEADER</PARAMETER>
       <KIND>P</KIND>
       <STEXT>Kontrollblocktabelle für den View</STEXT>
      </RSFDO>
      <RSFDO>
       <PARAMETER>X_NAMTAB</PARAMETER>
       <KIND>P</KIND>
       <STEXT>Kontrollblocktabelle für die View-Felder</STEXT>
      </RSFDO>
      <RSFDO>
       <PARAMETER>NO_VALUE_FOR_SUBSET_IDENT</PARAMETER>
       <KIND>X</KIND>
       <STEXT>für ein &apos;SUBSET&apos;-Feld wurde kein Wert vorgegeben</STEXT>
      </RSFDO>
      <RSFDO>
       <PARAMETER>MISSING_CORR_NUMBER</PARAMETER>
       <KIND>X</KIND>
       <STEXT>Korrekturnummer fehlt</STEXT>
      </RSFDO>
      <RSFDO>
       <PARAMETER>SAVING_CORRECTION_FAILED</PARAMETER>
       <KIND>X</KIND>
       <STEXT>Fehler beim Sichern der Korrektureinträge</STEXT>
      </RSFDO>
     </DOCUMENTATION>
    </item>
   </FUNCTIONS>
   <DYNPROS>
    <item>
     <HEADER>
      <PROGRAM>SAPLZDBS_V010</PROGRAM>
      <SCREEN>0010</SCREEN>
      <LANGUAGE>T</LANGUAGE>
      <DESCRIPT>Görünüm bakımı: Genel bakış ekranı ZDBS_V010</DESCRIPT>
      <TYPE>N</TYPE>
      <NEXTSCREEN>0010</NEXTSCREEN>
      <LINES>061</LINES>
      <COLUMNS>083</COLUMNS>
     </HEADER>
     <CONTAINERS>
      <RPY_DYCATT>
       <TYPE>SCREEN</TYPE>
       <NAME>SCREEN</NAME>
      </RPY_DYCATT>
     </CONTAINERS>
     <FIELDS>
      <RPY_DYFATC>
       <CONT_TYPE>SCREEN</CONT_TYPE>
       <CONT_NAME>SCREEN</CONT_NAME>
       <TYPE>TEXT</TYPE>
       <NAME>ZDBS_V010-HBKID</NAME>
       <TEXT>Ana_banka______</TEXT>
       <LINE>001</LINE>
       <COLUMN>001</COLUMN>
       <LENGTH>015</LENGTH>
       <VISLENGTH>015</VISLENGTH>
       <HEIGHT>001</HEIGHT>
       <FORMAT>CHAR</FORMAT>
       <FROM_DICT>X</FROM_DICT>
       <MODIFIC>2</MODIFIC>
       <REQU_ENTRY>N</REQU_ENTRY>
       <LABELLEFT>X</LABELLEFT>
      </RPY_DYFATC>
      <RPY_DYFATC>
       <CONT_TYPE>SCREEN</CONT_TYPE>
       <CONT_NAME>SCREEN</CONT_NAME>
       <TYPE>TEMPLATE</TYPE>
       <NAME>ZDBS_V010-HBKID</NAME>
       <TEXT>_____</TEXT>
       <LINE>001</LINE>
       <COLUMN>022</COLUMN>
       <LENGTH>005</LENGTH>
       <VISLENGTH>005</VISLENGTH>
       <HEIGHT>001</HEIGHT>
       <FORMAT>CHAR</FORMAT>
       <FROM_DICT>X</FROM_DICT>
       <MODIFIC>X</MODIFIC>
       <OUTPUT_FLD>X</OUTPUT_FLD>
       <REQU_ENTRY>N</REQU_ENTRY>
      </RPY_DYFATC>
      <RPY_DYFATC>
       <CONT_TYPE>SCREEN</CONT_TYPE>
       <CONT_NAME>SCREEN</CONT_NAME>
       <TYPE>TEXT</TYPE>
       <NAME>ZDBS_V010-DBSTY</NAME>
       <TEXT>DBS_Tip(Peşin/Vadeli</TEXT>
       <LINE>002</LINE>
       <COLUMN>001</COLUMN>
       <LENGTH>020</LENGTH>
       <VISLENGTH>020</VISLENGTH>
       <HEIGHT>001</HEIGHT>
       <FORMAT>CHAR</FORMAT>
       <FROM_DICT>X</FROM_DICT>
       <MODIFIC>2</MODIFIC>
       <REQU_ENTRY>N</REQU_ENTRY>
       <LABELLEFT>X</LABELLEFT>
      </RPY_DYFATC>
      <RPY_DYFATC>
       <CONT_TYPE>SCREEN</CONT_TYPE>
       <CONT_NAME>SCREEN</CONT_NAME>
       <TYPE>TEMPLATE</TYPE>
       <NAME>ZDBS_V010-DBSTY</NAME>
       <TEXT>_</TEXT>
       <DROPDOWN>L</DROPDOWN>
       <LINE>002</LINE>
       <COLUMN>022</COLUMN>
       <LENGTH>001</LENGTH>
       <VISLENGTH>001</VISLENGTH>
       <HEIGHT>001</HEIGHT>
       <FORMAT>CHAR</FORMAT>
       <FROM_DICT>X</FROM_DICT>
       <MODIFIC>X</MODIFIC>
       <OUTPUT_FLD>X</OUTPUT_FLD>
       <REQU_ENTRY>N</REQU_ENTRY>
       <DICT_I_VAL>X</DICT_I_VAL>
      </RPY_DYFATC>
      <RPY_DYFATC>
       <CONT_TYPE>SCREEN</CONT_TYPE>
       <CONT_NAME>SCREEN</CONT_NAME>
       <TYPE>TEXT</TYPE>
       <NAME>ZDBS_V010-BUKRS</NAME>
       <TEXT>Şirket_kodu____</TEXT>
       <LINE>003</LINE>
       <COLUMN>001</COLUMN>
       <LENGTH>015</LENGTH>
       <VISLENGTH>015</VISLENGTH>
       <HEIGHT>001</HEIGHT>
       <FORMAT>CHAR</FORMAT>
       <FROM_DICT>X</FROM_DICT>
       <MODIFIC>2</MODIFIC>
       <REQU_ENTRY>N</REQU_ENTRY>
       <LABELLEFT>X</LABELLEFT>
      </RPY_DYFATC>
      <RPY_DYFATC>
       <CONT_TYPE>SCREEN</CONT_TYPE>
       <CONT_NAME>SCREEN</CONT_NAME>
       <TYPE>TEMPLATE</TYPE>
       <NAME>ZDBS_V010-BUKRS</NAME>
       <TEXT>____</TEXT>
       <LINE>003</LINE>
       <COLUMN>022</COLUMN>
       <LENGTH>004</LENGTH>
       <VISLENGTH>004</VISLENGTH>
       <HEIGHT>001</HEIGHT>
       <FORMAT>CHAR</FORMAT>
       <FROM_DICT>X</FROM_DICT>
       <MODIFIC>X</MODIFIC>
       <PARAM_ID>BUK</PARAM_ID>
       <SET_PARAM>X</SET_PARAM>
       <GET_PARAM>X</GET_PARAM>
       <OUTPUT_FLD>X</OUTPUT_FLD>
       <REQU_ENTRY>N</REQU_ENTRY>
      </RPY_DYFATC>
      <RPY_DYFATC>
       <CONT_TYPE>SCREEN</CONT_TYPE>
       <CONT_NAME>SCREEN</CONT_NAME>
       <TYPE>PUSH_TMPL</TYPE>
       <NAME>VIM_POSI_PUSH</NAME>
       <TEXT>____________________</TEXT>
       <LINE>061</LINE>
       <COLUMN>019</COLUMN>
       <LENGTH>020</LENGTH>
       <VISLENGTH>020</VISLENGTH>
       <HEIGHT>001</HEIGHT>
       <PUSH_FCODE>POSI</PUSH_FCODE>
       <FORMAT>CHAR</FORMAT>
       <OUTPUT_FLD>X</OUTPUT_FLD>
       <REQU_ENTRY>N</REQU_ENTRY>
      </RPY_DYFATC>
      <RPY_DYFATC>
       <CONT_TYPE>SCREEN</CONT_TYPE>
       <CONT_NAME>SCREEN</CONT_NAME>
       <TYPE>TEMPLATE</TYPE>
       <NAME>VIM_POSITION_INFO</NAME>
       <TEXT>______________________________</TEXT>
       <LINE>061</LINE>
       <COLUMN>040</COLUMN>
       <LENGTH>030</LENGTH>
       <VISLENGTH>030</VISLENGTH>
       <HEIGHT>001</HEIGHT>
       <FORMAT>CHAR</FORMAT>
       <UP_LOWER>X</UP_LOWER>
       <OUTPUT_FLD>X</OUTPUT_FLD>
       <OUTPUTONLY>X</OUTPUTONLY>
       <REQU_ENTRY>N</REQU_ENTRY>
       <_--32_DIMENS>X</_--32_DIMENS>
      </RPY_DYFATC>
      <RPY_DYFATC>
       <CONT_TYPE>SCREEN</CONT_TYPE>
       <CONT_NAME>SCREEN</CONT_NAME>
       <TYPE>OKCODE</TYPE>
       <NAME>OK_CODE</NAME>
       <TEXT>____________________</TEXT>
       <LENGTH>020</LENGTH>
       <VISLENGTH>020</VISLENGTH>
       <HEIGHT>001</HEIGHT>
       <FORMAT>CHAR</FORMAT>
       <INPUT_FLD>X</INPUT_FLD>
      </RPY_DYFATC>
     </FIELDS>
     <FLOW_LOGIC>
      <RPY_DYFLOW>
       <LINE>PROCESS BEFORE OUTPUT.</LINE>
      </RPY_DYFLOW>
      <RPY_DYFLOW>
       <LINE> MODULE LISTE_INITIALISIEREN.</LINE>
      </RPY_DYFLOW>
      <RPY_DYFLOW>
       <LINE> MODULE VIM_SUPPRESS_LISTE.</LINE>
      </RPY_DYFLOW>
      <RPY_DYFLOW>
       <LINE>*</LINE>
      </RPY_DYFLOW>
      <RPY_DYFLOW>
       <LINE>PROCESS AFTER INPUT.</LINE>
      </RPY_DYFLOW>
      <RPY_DYFLOW>
       <LINE> MODULE LISTE_EXIT_COMMAND AT EXIT-COMMAND.</LINE>
      </RPY_DYFLOW>
      <RPY_DYFLOW>
       <LINE> MODULE LISTE_BEFORE_LOOP.</LINE>
      </RPY_DYFLOW>
      <RPY_DYFLOW>
       <LINE> MODULE LISTE_AFTER_LOOP.</LINE>
      </RPY_DYFLOW>
     </FLOW_LOGIC>
    </item>
   </DYNPROS>
  </asx:values>
 </asx:abap>
</abapGit>
