﻿<?xml version="1.0" encoding="utf-8"?>
<abapGit version="v1.0.0" serializer="LCL_OBJECT_DTEL" serializer_version="v1.0.0">
 <asx:abap xmlns:asx="http://www.sap.com/abapxml" version="1.0">
  <asx:values>
   <DD04V>
    <ROLLNAME>ZDBS_DE032</ROLLNAME>
    <DDLANGUAGE>T</DDLANGUAGE>
    <DOMNAME>GJAHR</DOMNAME>
    <HEADLEN>55</HEADLEN>
    <SCRLEN1>10</SCRLEN1>
    <SCRLEN2>20</SCRLEN2>
    <SCRLEN3>40</SCRLEN3>
    <DDTEXT>Denkleştirme mali yıl(DBS)</DDTEXT>
    <REPTEXT>Denkleştirme mali yıl(DBS)</REPTEXT>
    <SCRTEXT_S>Dnk.Mali.Y</SCRTEXT_S>
    <SCRTEXT_M>Denkleştirme mali yı</SCRTEXT_M>
    <SCRTEXT_L>Denkleştirme mali yıl(DBS)</SCRTEXT_L>
    <DTELMASTER>T</DTELMASTER>
    <REFKIND>D</REFKIND>
   </DD04V>
  </asx:values>
 </asx:abap>
</abapGit>
