﻿<?xml version="1.0" encoding="utf-8"?>
<abapGit version="v1.0.0" serializer="LCL_OBJECT_FUGR" serializer_version="v1.0.0">
 <asx:abap xmlns:asx="http://www.sap.com/abapxml" version="1.0">
  <asx:values>
   <AREAT>DBS geliştirmeler FG</AREAT>
   <INCLUDES>
    <SOBJ_NAME>LZDBS_FG004TOP</SOBJ_NAME>
    <SOBJ_NAME>SAPLZDBS_FG004</SOBJ_NAME>
   </INCLUDES>
   <FUNCTIONS>
    <item>
     <FUNCNAME>ZDBS_FG004_001</FUNCNAME>
     <SHORT_TEXT>Field name search help exit  (fatura, tahsilat, akıbet uyarlamaları)</SHORT_TEXT>
     <CHANGING>
      <RSCHA>
       <PARAMETER>SHLP</PARAMETER>
       <TYP>SHLP_DESCR</TYP>
      </RSCHA>
      <RSCHA>
       <PARAMETER>CALLCONTROL</PARAMETER>
       <DBFIELD>DDSHF4CTRL</DBFIELD>
      </RSCHA>
     </CHANGING>
     <TABLES>
      <RSTBL>
       <PARAMETER>SHLP_TAB</PARAMETER>
       <TYP>SHLP_DESCT</TYP>
      </RSTBL>
      <RSTBL>
       <PARAMETER>RECORD_TAB</PARAMETER>
       <DBSTRUCT>SEAHLPRES</DBSTRUCT>
      </RSTBL>
     </TABLES>
     <DOCUMENTATION>
      <RSFDO>
       <PARAMETER>SHLP_TAB</PARAMETER>
       <KIND>P</KIND>
       <STEXT>Alternatif basit arama yardımlarının listesi</STEXT>
      </RSFDO>
      <RSFDO>
       <PARAMETER>RECORD_TAB</PARAMETER>
       <KIND>P</KIND>
       <STEXT>Arama yardımı sonuç yapısı</STEXT>
      </RSFDO>
      <RSFDO>
       <PARAMETER>SHLP</PARAMETER>
       <KIND>P</KIND>
       <STEXT>Arama yardımı tanımı</STEXT>
      </RSFDO>
      <RSFDO>
       <PARAMETER>CALLCONTROL</PARAMETER>
       <KIND>P</KIND>
       <STEXT>Arama yardımı çıkışı içeren F4 prosesi için denetim yapısı</STEXT>
      </RSFDO>
     </DOCUMENTATION>
    </item>
    <item>
     <FUNCNAME>ZDBS_FG004_002</FUNCNAME>
     <SHORT_TEXT>DBS Fatura Kaydı Güncelle</SHORT_TEXT>
     <IMPORT>
      <RSIMP>
       <PARAMETER>IV_COMMIT</PARAMETER>
       <OPTIONAL>X</OPTIONAL>
       <REFERENCE>X</REFERENCE>
       <TYP>CHAR1</TYP>
      </RSIMP>
     </IMPORT>
     <EXPORT>
      <RSEXP>
       <PARAMETER>EV_RETURN</PARAMETER>
       <REFERENCE>X</REFERENCE>
       <TYP>CHAR70</TYP>
      </RSEXP>
     </EXPORT>
     <TABLES>
      <RSTBL>
       <PARAMETER>IT_TABLE</PARAMETER>
       <DBSTRUCT>ZDBS_T001</DBSTRUCT>
      </RSTBL>
     </TABLES>
     <DOCUMENTATION>
      <RSFDO>
       <PARAMETER>IV_COMMIT</PARAMETER>
       <KIND>P</KIND>
       <STEXT>Tek basamaklı gösterge</STEXT>
      </RSFDO>
      <RSFDO>
       <PARAMETER>EV_RETURN</PARAMETER>
       <KIND>P</KIND>
       <STEXT>70 karakter uzunluğunda karakter alanı</STEXT>
      </RSFDO>
      <RSFDO>
       <PARAMETER>IT_TABLE</PARAMETER>
       <KIND>P</KIND>
       <STEXT>DBS gönderilen faturalar</STEXT>
      </RSFDO>
     </DOCUMENTATION>
    </item>
    <item>
     <FUNCNAME>ZDBS_FG004_003</FUNCNAME>
     <SHORT_TEXT>Field name search help exit (limit)</SHORT_TEXT>
     <CHANGING>
      <RSCHA>
       <PARAMETER>SHLP</PARAMETER>
       <TYP>SHLP_DESCR</TYP>
      </RSCHA>
      <RSCHA>
       <PARAMETER>CALLCONTROL</PARAMETER>
       <DBFIELD>DDSHF4CTRL</DBFIELD>
      </RSCHA>
     </CHANGING>
     <TABLES>
      <RSTBL>
       <PARAMETER>SHLP_TAB</PARAMETER>
       <TYP>SHLP_DESCT</TYP>
      </RSTBL>
      <RSTBL>
       <PARAMETER>RECORD_TAB</PARAMETER>
       <DBSTRUCT>SEAHLPRES</DBSTRUCT>
      </RSTBL>
     </TABLES>
     <DOCUMENTATION>
      <RSFDO>
       <PARAMETER>SHLP_TAB</PARAMETER>
       <KIND>P</KIND>
       <STEXT>Alternatif basit arama yardımlarının listesi</STEXT>
      </RSFDO>
      <RSFDO>
       <PARAMETER>RECORD_TAB</PARAMETER>
       <KIND>P</KIND>
       <STEXT>Arama yardımı sonuç yapısı</STEXT>
      </RSFDO>
      <RSFDO>
       <PARAMETER>SHLP</PARAMETER>
       <KIND>P</KIND>
       <STEXT>Arama yardımı tanımı</STEXT>
      </RSFDO>
      <RSFDO>
       <PARAMETER>CALLCONTROL</PARAMETER>
       <KIND>P</KIND>
       <STEXT>Arama yardımı çıkışı içeren F4 prosesi için denetim yapısı</STEXT>
      </RSFDO>
     </DOCUMENTATION>
    </item>
    <item>
     <FUNCNAME>ZDBS_FG004_004</FUNCNAME>
     <SHORT_TEXT>Banka uyarlamaları getir</SHORT_TEXT>
     <IMPORT>
      <RSIMP>
       <PARAMETER>IS_BANK</PARAMETER>
       <OPTIONAL>X</OPTIONAL>
       <TYP>ZDBS_S007</TYP>
      </RSIMP>
     </IMPORT>
     <EXPORT>
      <RSEXP>
       <PARAMETER>EV_MESSAGE</PARAMETER>
       <TYP>CHAR100</TYP>
      </RSEXP>
      <RSEXP>
       <PARAMETER>ES_HEADER</PARAMETER>
       <TYP>ZDBS_T005</TYP>
      </RSEXP>
      <RSEXP>
       <PARAMETER>ES_HKONT</PARAMETER>
       <TYP>ZDBS_T013</TYP>
      </RSEXP>
      <RSEXP>
       <PARAMETER>ES_MAIN_INFO</PARAMETER>
       <TYP>ZDBS_T004</TYP>
      </RSEXP>
      <RSEXP>
       <PARAMETER>ET_CONSTANTS</PARAMETER>
       <TYP>ZDBS_TT003</TYP>
      </RSEXP>
     </EXPORT>
     <DOCUMENTATION>
      <RSFDO>
       <PARAMETER>IS_BANK</PARAMETER>
       <KIND>P</KIND>
       <STEXT>Banka uyarlamaları key alanlar</STEXT>
      </RSFDO>
      <RSFDO>
       <PARAMETER>EV_MESSAGE</PARAMETER>
       <KIND>P</KIND>
       <STEXT>100 karakter</STEXT>
      </RSFDO>
      <RSFDO>
       <PARAMETER>ES_HEADER</PARAMETER>
       <KIND>P</KIND>
       <STEXT>DBS şirket kodu uyarlamaları</STEXT>
      </RSFDO>
      <RSFDO>
       <PARAMETER>ES_HKONT</PARAMETER>
       <KIND>P</KIND>
       <STEXT>DBS: hesap uyarlamaları</STEXT>
      </RSFDO>
      <RSFDO>
       <PARAMETER>ES_MAIN_INFO</PARAMETER>
       <KIND>P</KIND>
       <STEXT>DBS banka uyarlama</STEXT>
      </RSFDO>
      <RSFDO>
       <PARAMETER>ET_CONSTANTS</PARAMETER>
       <KIND>P</KIND>
       <STEXT>Banka uyarlamaları sabit bilgiler</STEXT>
      </RSFDO>
     </DOCUMENTATION>
    </item>
   </FUNCTIONS>
  </asx:values>
 </asx:abap>
</abapGit>
