﻿<?xml version="1.0" encoding="utf-8"?>
<abapGit version="v1.0.0" serializer="LCL_OBJECT_FUGR" serializer_version="v1.0.0">
 <asx:abap xmlns:asx="http://www.sap.com/abapxml" version="1.0">
  <asx:values>
   <AREAT>DBS Banka Servisleri</AREAT>
   <INCLUDES>
    <SOBJ_NAME>LZDBS_FG005TOP</SOBJ_NAME>
    <SOBJ_NAME>SAPLZDBS_FG005</SOBJ_NAME>
   </INCLUDES>
   <FUNCTIONS>
    <item>
     <FUNCNAME>ZDBS_FG005_001</FUNCNAME>
     <SHORT_TEXT>Fatura işlemleri</SHORT_TEXT>
     <IMPORT>
      <RSIMP>
       <PARAMETER>IV_OPTYPE</PARAMETER>
       <REFERENCE>X</REFERENCE>
       <TYP>ZDBS_DE028</TYP>
      </RSIMP>
     </IMPORT>
     <CHANGING>
      <RSCHA>
       <PARAMETER>CS_FATURA</PARAMETER>
       <REFERENCE>X</REFERENCE>
       <TYP>ZDBS_S005</TYP>
      </RSCHA>
     </CHANGING>
     <DOCUMENTATION>
      <RSFDO>
       <PARAMETER>IV_OPTYPE</PARAMETER>
       <KIND>P</KIND>
       <STEXT>DBS: Fatura işlem tipi</STEXT>
      </RSFDO>
      <RSFDO>
       <PARAMETER>CS_FATURA</PARAMETER>
       <KIND>P</KIND>
       <STEXT>Fatura structure</STEXT>
      </RSFDO>
     </DOCUMENTATION>
    </item>
    <item>
     <FUNCNAME>ZDBS_FG005_002</FUNCNAME>
     <SHORT_TEXT>Limit işlemleri</SHORT_TEXT>
     <IMPORT>
      <RSIMP>
       <PARAMETER>IS_BANK</PARAMETER>
       <REFERENCE>X</REFERENCE>
       <TYP>ZDBS_S007</TYP>
      </RSIMP>
     </IMPORT>
     <CHANGING>
      <RSCHA>
       <PARAMETER>CT_LIMIT</PARAMETER>
       <REFERENCE>X</REFERENCE>
       <TYP>ZDBS_TT002</TYP>
      </RSCHA>
     </CHANGING>
     <DOCUMENTATION>
      <RSFDO>
       <PARAMETER>IS_BANK</PARAMETER>
       <KIND>P</KIND>
       <STEXT>Banka uyarlamaları key alanlar</STEXT>
      </RSFDO>
      <RSFDO>
       <PARAMETER>CT_LIMIT</PARAMETER>
       <KIND>P</KIND>
       <STEXT>Limit bilgileri</STEXT>
      </RSFDO>
     </DOCUMENTATION>
    </item>
    <item>
     <FUNCNAME>ZDBS_FG005_003</FUNCNAME>
     <SHORT_TEXT>Tahsilat işlemleri</SHORT_TEXT>
     <IMPORT>
      <RSIMP>
       <PARAMETER>IS_BANK</PARAMETER>
       <REFERENCE>X</REFERENCE>
       <TYP>ZDBS_S007</TYP>
      </RSIMP>
     </IMPORT>
     <CHANGING>
      <RSCHA>
       <PARAMETER>CT_FATURA</PARAMETER>
       <OPTIONAL>X</OPTIONAL>
       <REFERENCE>X</REFERENCE>
       <TYP>ZDBS_TT001</TYP>
      </RSCHA>
     </CHANGING>
     <DOCUMENTATION>
      <RSFDO>
       <PARAMETER>IS_BANK</PARAMETER>
       <KIND>P</KIND>
       <STEXT>Banka uyarlamaları key alanlar</STEXT>
      </RSFDO>
      <RSFDO>
       <PARAMETER>CT_FATURA</PARAMETER>
       <KIND>P</KIND>
       <STEXT>Fatura bilgileri</STEXT>
      </RSFDO>
     </DOCUMENTATION>
    </item>
    <item>
     <FUNCNAME>ZDBS_FG005_AKB_001</FUNCNAME>
     <SHORT_TEXT>Akbank fatura işlemleri</SHORT_TEXT>
     <IMPORT>
      <RSIMP>
       <PARAMETER>IV_OPTYPE</PARAMETER>
       <REFERENCE>X</REFERENCE>
       <TYP>ZDBS_DE028</TYP>
      </RSIMP>
     </IMPORT>
     <CHANGING>
      <RSCHA>
       <PARAMETER>CS_FATURA</PARAMETER>
       <REFERENCE>X</REFERENCE>
       <TYP>ZDBS_S005</TYP>
      </RSCHA>
     </CHANGING>
     <DOCUMENTATION>
      <RSFDO>
       <PARAMETER>IV_OPTYPE</PARAMETER>
       <KIND>P</KIND>
       <STEXT>DBS: Fatura işlem tipi</STEXT>
      </RSFDO>
      <RSFDO>
       <PARAMETER>CS_FATURA</PARAMETER>
       <KIND>P</KIND>
       <STEXT>Fatura structure</STEXT>
      </RSFDO>
     </DOCUMENTATION>
    </item>
    <item>
     <FUNCNAME>ZDBS_FG005_AKB_002</FUNCNAME>
     <SHORT_TEXT>Akbank limit işlemleri</SHORT_TEXT>
     <IMPORT>
      <RSIMP>
       <PARAMETER>IS_BANK</PARAMETER>
       <REFERENCE>X</REFERENCE>
       <TYP>ZDBS_S007</TYP>
      </RSIMP>
     </IMPORT>
     <CHANGING>
      <RSCHA>
       <PARAMETER>CT_LIMIT</PARAMETER>
       <REFERENCE>X</REFERENCE>
       <TYP>ZDBS_TT002</TYP>
      </RSCHA>
     </CHANGING>
     <DOCUMENTATION>
      <RSFDO>
       <PARAMETER>IS_BANK</PARAMETER>
       <KIND>P</KIND>
       <STEXT>Banka uyarlamaları key alanlar</STEXT>
      </RSFDO>
      <RSFDO>
       <PARAMETER>CT_LIMIT</PARAMETER>
       <KIND>P</KIND>
       <STEXT>Limit bilgileri</STEXT>
      </RSFDO>
     </DOCUMENTATION>
    </item>
    <item>
     <FUNCNAME>ZDBS_FG005_AKB_003</FUNCNAME>
     <SHORT_TEXT>Akbank tahsilat sorgu</SHORT_TEXT>
     <IMPORT>
      <RSIMP>
       <PARAMETER>IS_BANK</PARAMETER>
       <REFERENCE>X</REFERENCE>
       <TYP>ZDBS_S007</TYP>
      </RSIMP>
     </IMPORT>
     <CHANGING>
      <RSCHA>
       <PARAMETER>CT_FATURA</PARAMETER>
       <REFERENCE>X</REFERENCE>
       <TYP>ZDBS_TT001</TYP>
      </RSCHA>
     </CHANGING>
     <DOCUMENTATION>
      <RSFDO>
       <PARAMETER>IS_BANK</PARAMETER>
       <KIND>P</KIND>
       <STEXT>Banka uyarlamaları key alanlar</STEXT>
      </RSFDO>
      <RSFDO>
       <PARAMETER>CT_FATURA</PARAMETER>
       <KIND>P</KIND>
       <STEXT>Fatura bilgileri</STEXT>
      </RSFDO>
     </DOCUMENTATION>
    </item>
    <item>
     <FUNCNAME>ZDBS_FG005_ALB_001</FUNCNAME>
     <SHORT_TEXT>Albaraka fatura işlemleri</SHORT_TEXT>
     <IMPORT>
      <RSIMP>
       <PARAMETER>IV_OPTYPE</PARAMETER>
       <REFERENCE>X</REFERENCE>
       <TYP>ZDBS_DE028</TYP>
      </RSIMP>
     </IMPORT>
     <CHANGING>
      <RSCHA>
       <PARAMETER>CS_FATURA</PARAMETER>
       <REFERENCE>X</REFERENCE>
       <TYP>ZDBS_S005</TYP>
      </RSCHA>
     </CHANGING>
     <DOCUMENTATION>
      <RSFDO>
       <PARAMETER>IV_OPTYPE</PARAMETER>
       <KIND>P</KIND>
       <STEXT>DBS: Fatura işlem tipi</STEXT>
      </RSFDO>
      <RSFDO>
       <PARAMETER>CS_FATURA</PARAMETER>
       <KIND>P</KIND>
       <STEXT>Fatura structure</STEXT>
      </RSFDO>
     </DOCUMENTATION>
    </item>
    <item>
     <FUNCNAME>ZDBS_FG005_ALB_002</FUNCNAME>
     <SHORT_TEXT>Albaraka limit işlemleri</SHORT_TEXT>
     <IMPORT>
      <RSIMP>
       <PARAMETER>IS_BANK</PARAMETER>
       <REFERENCE>X</REFERENCE>
       <TYP>ZDBS_S007</TYP>
      </RSIMP>
     </IMPORT>
     <CHANGING>
      <RSCHA>
       <PARAMETER>CT_LIMIT</PARAMETER>
       <REFERENCE>X</REFERENCE>
       <TYP>ZDBS_TT002</TYP>
      </RSCHA>
     </CHANGING>
     <DOCUMENTATION>
      <RSFDO>
       <PARAMETER>IS_BANK</PARAMETER>
       <KIND>P</KIND>
       <STEXT>Banka uyarlamaları key alanlar</STEXT>
      </RSFDO>
      <RSFDO>
       <PARAMETER>CT_LIMIT</PARAMETER>
       <KIND>P</KIND>
       <STEXT>Limit bilgileri</STEXT>
      </RSFDO>
     </DOCUMENTATION>
    </item>
    <item>
     <FUNCNAME>ZDBS_FG005_ALB_003</FUNCNAME>
     <SHORT_TEXT>Albaraka Tahsilat Sorgu</SHORT_TEXT>
     <IMPORT>
      <RSIMP>
       <PARAMETER>IS_BANK</PARAMETER>
       <REFERENCE>X</REFERENCE>
       <TYP>ZDBS_S007</TYP>
      </RSIMP>
     </IMPORT>
     <CHANGING>
      <RSCHA>
       <PARAMETER>CT_FATURA</PARAMETER>
       <REFERENCE>X</REFERENCE>
       <TYP>ZDBS_TT001</TYP>
      </RSCHA>
     </CHANGING>
     <DOCUMENTATION>
      <RSFDO>
       <PARAMETER>IS_BANK</PARAMETER>
       <KIND>P</KIND>
       <STEXT>Banka uyarlamaları key alanlar</STEXT>
      </RSFDO>
      <RSFDO>
       <PARAMETER>CT_FATURA</PARAMETER>
       <KIND>P</KIND>
       <STEXT>Fatura bilgileri</STEXT>
      </RSFDO>
     </DOCUMENTATION>
    </item>
    <item>
     <FUNCNAME>ZDBS_FG005_DNB_001</FUNCNAME>
     <SHORT_TEXT>Denizbank fatura işlemleri</SHORT_TEXT>
     <IMPORT>
      <RSIMP>
       <PARAMETER>IV_OPTYPE</PARAMETER>
       <REFERENCE>X</REFERENCE>
       <TYP>ZDBS_DE028</TYP>
      </RSIMP>
     </IMPORT>
     <CHANGING>
      <RSCHA>
       <PARAMETER>CS_FATURA</PARAMETER>
       <REFERENCE>X</REFERENCE>
       <TYP>ZDBS_S005</TYP>
      </RSCHA>
     </CHANGING>
     <DOCUMENTATION>
      <RSFDO>
       <PARAMETER>IV_OPTYPE</PARAMETER>
       <KIND>P</KIND>
       <STEXT>DBS: Fatura işlem tipi</STEXT>
      </RSFDO>
      <RSFDO>
       <PARAMETER>CS_FATURA</PARAMETER>
       <KIND>P</KIND>
       <STEXT>Fatura structure</STEXT>
      </RSFDO>
     </DOCUMENTATION>
    </item>
    <item>
     <FUNCNAME>ZDBS_FG005_DNB_002</FUNCNAME>
     <SHORT_TEXT>Denizbank fatura değiştir</SHORT_TEXT>
     <IMPORT>
      <RSIMP>
       <PARAMETER>IV_OPTYPE</PARAMETER>
       <REFERENCE>X</REFERENCE>
       <TYP>ZDBS_DE028</TYP>
      </RSIMP>
     </IMPORT>
     <CHANGING>
      <RSCHA>
       <PARAMETER>CS_FATURA</PARAMETER>
       <REFERENCE>X</REFERENCE>
       <TYP>ZDBS_S005</TYP>
      </RSCHA>
     </CHANGING>
     <DOCUMENTATION>
      <RSFDO>
       <PARAMETER>IV_OPTYPE</PARAMETER>
       <KIND>P</KIND>
       <STEXT>DBS: Fatura işlem tipi</STEXT>
      </RSFDO>
      <RSFDO>
       <PARAMETER>CS_FATURA</PARAMETER>
       <KIND>P</KIND>
       <STEXT>Fatura structure</STEXT>
      </RSFDO>
     </DOCUMENTATION>
    </item>
    <item>
     <FUNCNAME>ZDBS_FG005_DNB_003</FUNCNAME>
     <SHORT_TEXT>Denizbank fatura İptal</SHORT_TEXT>
     <IMPORT>
      <RSIMP>
       <PARAMETER>IV_OPTYPE</PARAMETER>
       <REFERENCE>X</REFERENCE>
       <TYP>ZDBS_DE028</TYP>
      </RSIMP>
     </IMPORT>
     <CHANGING>
      <RSCHA>
       <PARAMETER>CS_FATURA</PARAMETER>
       <REFERENCE>X</REFERENCE>
       <TYP>ZDBS_S005</TYP>
      </RSCHA>
     </CHANGING>
     <DOCUMENTATION>
      <RSFDO>
       <PARAMETER>IV_OPTYPE</PARAMETER>
       <KIND>P</KIND>
       <STEXT>DBS: Fatura işlem tipi</STEXT>
      </RSFDO>
      <RSFDO>
       <PARAMETER>CS_FATURA</PARAMETER>
       <KIND>P</KIND>
       <STEXT>Fatura structure</STEXT>
      </RSFDO>
     </DOCUMENTATION>
    </item>
    <item>
     <FUNCNAME>ZDBS_FG005_DNB_004</FUNCNAME>
     <SHORT_TEXT>Denizbank Fatura Yükle</SHORT_TEXT>
     <IMPORT>
      <RSIMP>
       <PARAMETER>IV_OPTYPE</PARAMETER>
       <REFERENCE>X</REFERENCE>
       <TYP>ZDBS_DE028</TYP>
      </RSIMP>
     </IMPORT>
     <CHANGING>
      <RSCHA>
       <PARAMETER>CS_FATURA</PARAMETER>
       <REFERENCE>X</REFERENCE>
       <TYP>ZDBS_S005</TYP>
      </RSCHA>
     </CHANGING>
     <DOCUMENTATION>
      <RSFDO>
       <PARAMETER>IV_OPTYPE</PARAMETER>
       <KIND>P</KIND>
       <STEXT>DBS: Fatura işlem tipi</STEXT>
      </RSFDO>
      <RSFDO>
       <PARAMETER>CS_FATURA</PARAMETER>
       <KIND>P</KIND>
       <STEXT>Fatura structure</STEXT>
      </RSFDO>
     </DOCUMENTATION>
    </item>
    <item>
     <FUNCNAME>ZDBS_FG005_DNB_005</FUNCNAME>
     <SHORT_TEXT>Denizbank Limit Sorgulama</SHORT_TEXT>
     <IMPORT>
      <RSIMP>
       <PARAMETER>IS_BANK</PARAMETER>
       <REFERENCE>X</REFERENCE>
       <TYP>ZDBS_S007</TYP>
      </RSIMP>
     </IMPORT>
     <CHANGING>
      <RSCHA>
       <PARAMETER>CT_LIMIT</PARAMETER>
       <REFERENCE>X</REFERENCE>
       <TYP>ZDBS_TT002</TYP>
      </RSCHA>
     </CHANGING>
     <DOCUMENTATION>
      <RSFDO>
       <PARAMETER>IS_BANK</PARAMETER>
       <KIND>P</KIND>
       <STEXT>Banka uyarlamaları key alanlar</STEXT>
      </RSFDO>
      <RSFDO>
       <PARAMETER>CT_LIMIT</PARAMETER>
       <KIND>P</KIND>
       <STEXT>Limit bilgileri</STEXT>
      </RSFDO>
     </DOCUMENTATION>
    </item>
    <item>
     <FUNCNAME>ZDBS_FG005_DNB_006</FUNCNAME>
     <SHORT_TEXT>Denizbank Fatura sorgula</SHORT_TEXT>
     <IMPORT>
      <RSIMP>
       <PARAMETER>IS_BANK</PARAMETER>
       <REFERENCE>X</REFERENCE>
       <TYP>ZDBS_S007</TYP>
      </RSIMP>
     </IMPORT>
     <CHANGING>
      <RSCHA>
       <PARAMETER>CT_FATURA</PARAMETER>
       <REFERENCE>X</REFERENCE>
       <TYP>ZDBS_TT001</TYP>
      </RSCHA>
     </CHANGING>
     <DOCUMENTATION>
      <RSFDO>
       <PARAMETER>IS_BANK</PARAMETER>
       <KIND>P</KIND>
       <STEXT>Banka uyarlamaları key alanlar</STEXT>
      </RSFDO>
      <RSFDO>
       <PARAMETER>CT_FATURA</PARAMETER>
       <KIND>P</KIND>
       <STEXT>Fatura bilgileri</STEXT>
      </RSFDO>
     </DOCUMENTATION>
    </item>
    <item>
     <FUNCNAME>ZDBS_FG005_GRN_001</FUNCNAME>
     <SHORT_TEXT>Garanti Fatura işlemleri</SHORT_TEXT>
     <IMPORT>
      <RSIMP>
       <PARAMETER>IV_OPTYPE</PARAMETER>
       <REFERENCE>X</REFERENCE>
       <TYP>ZDBS_DE028</TYP>
      </RSIMP>
     </IMPORT>
     <CHANGING>
      <RSCHA>
       <PARAMETER>CS_FATURA</PARAMETER>
       <REFERENCE>X</REFERENCE>
       <TYP>ZDBS_S005</TYP>
      </RSCHA>
     </CHANGING>
     <DOCUMENTATION>
      <RSFDO>
       <PARAMETER>IV_OPTYPE</PARAMETER>
       <KIND>P</KIND>
       <STEXT>DBS: Fatura işlem tipi</STEXT>
      </RSFDO>
      <RSFDO>
       <PARAMETER>CS_FATURA</PARAMETER>
       <KIND>P</KIND>
       <STEXT>Fatura structure</STEXT>
      </RSFDO>
     </DOCUMENTATION>
    </item>
    <item>
     <FUNCNAME>ZDBS_FG005_GRN_001_V2</FUNCNAME>
     <SHORT_TEXT>Garanti Fatura işlemleri</SHORT_TEXT>
     <IMPORT>
      <RSIMP>
       <PARAMETER>IV_OPTYPE</PARAMETER>
       <REFERENCE>X</REFERENCE>
       <TYP>ZDBS_DE028</TYP>
      </RSIMP>
     </IMPORT>
     <CHANGING>
      <RSCHA>
       <PARAMETER>CS_FATURA</PARAMETER>
       <REFERENCE>X</REFERENCE>
       <TYP>ZDBS_S005</TYP>
      </RSCHA>
     </CHANGING>
     <DOCUMENTATION>
      <RSFDO>
       <PARAMETER>IV_OPTYPE</PARAMETER>
       <KIND>P</KIND>
       <STEXT>DBS: Fatura işlem tipi</STEXT>
      </RSFDO>
      <RSFDO>
       <PARAMETER>CS_FATURA</PARAMETER>
       <KIND>P</KIND>
       <STEXT>Fatura structure</STEXT>
      </RSFDO>
     </DOCUMENTATION>
    </item>
    <item>
     <FUNCNAME>ZDBS_FG005_GRN_002</FUNCNAME>
     <SHORT_TEXT>Garanti limit işlemleri</SHORT_TEXT>
     <IMPORT>
      <RSIMP>
       <PARAMETER>IS_BANK</PARAMETER>
       <REFERENCE>X</REFERENCE>
       <TYP>ZDBS_S007</TYP>
      </RSIMP>
     </IMPORT>
     <CHANGING>
      <RSCHA>
       <PARAMETER>CT_LIMIT</PARAMETER>
       <REFERENCE>X</REFERENCE>
       <TYP>ZDBS_TT002</TYP>
      </RSCHA>
     </CHANGING>
     <DOCUMENTATION>
      <RSFDO>
       <PARAMETER>IS_BANK</PARAMETER>
       <KIND>P</KIND>
       <STEXT>Banka uyarlamaları key alanlar</STEXT>
      </RSFDO>
      <RSFDO>
       <PARAMETER>CT_LIMIT</PARAMETER>
       <KIND>P</KIND>
       <STEXT>Limit bilgileri</STEXT>
      </RSFDO>
     </DOCUMENTATION>
    </item>
    <item>
     <FUNCNAME>ZDBS_FG005_GRN_003</FUNCNAME>
     <SHORT_TEXT>Garanti tahsilat işlemleri</SHORT_TEXT>
     <IMPORT>
      <RSIMP>
       <PARAMETER>IS_BANK</PARAMETER>
       <REFERENCE>X</REFERENCE>
       <TYP>ZDBS_S007</TYP>
      </RSIMP>
     </IMPORT>
     <CHANGING>
      <RSCHA>
       <PARAMETER>CT_FATURA</PARAMETER>
       <REFERENCE>X</REFERENCE>
       <TYP>ZDBS_TT001</TYP>
      </RSCHA>
     </CHANGING>
     <DOCUMENTATION>
      <RSFDO>
       <PARAMETER>IS_BANK</PARAMETER>
       <KIND>P</KIND>
       <STEXT>Banka uyarlamaları key alanlar</STEXT>
      </RSFDO>
      <RSFDO>
       <PARAMETER>CT_FATURA</PARAMETER>
       <KIND>P</KIND>
       <STEXT>Fatura bilgileri</STEXT>
      </RSFDO>
     </DOCUMENTATION>
    </item>
    <item>
     <FUNCNAME>ZDBS_FG005_HLK_001</FUNCNAME>
     <SHORT_TEXT>Hakbank fatura işlemleri</SHORT_TEXT>
     <IMPORT>
      <RSIMP>
       <PARAMETER>IV_OPTYPE</PARAMETER>
       <REFERENCE>X</REFERENCE>
       <TYP>ZDBS_DE028</TYP>
      </RSIMP>
     </IMPORT>
     <CHANGING>
      <RSCHA>
       <PARAMETER>CS_FATURA</PARAMETER>
       <REFERENCE>X</REFERENCE>
       <TYP>ZDBS_S005</TYP>
      </RSCHA>
     </CHANGING>
     <DOCUMENTATION>
      <RSFDO>
       <PARAMETER>IV_OPTYPE</PARAMETER>
       <KIND>P</KIND>
       <STEXT>DBS: Fatura işlem tipi</STEXT>
      </RSFDO>
      <RSFDO>
       <PARAMETER>CS_FATURA</PARAMETER>
       <KIND>P</KIND>
       <STEXT>Fatura structure</STEXT>
      </RSFDO>
     </DOCUMENTATION>
    </item>
    <item>
     <FUNCNAME>ZDBS_FG005_HLK_002</FUNCNAME>
     <SHORT_TEXT>Halkbank fatura değiştir</SHORT_TEXT>
     <IMPORT>
      <RSIMP>
       <PARAMETER>IV_OPTYPE</PARAMETER>
       <REFERENCE>X</REFERENCE>
       <TYP>ZDBS_DE028</TYP>
      </RSIMP>
     </IMPORT>
     <CHANGING>
      <RSCHA>
       <PARAMETER>CS_FATURA</PARAMETER>
       <REFERENCE>X</REFERENCE>
       <TYP>ZDBS_S005</TYP>
      </RSCHA>
     </CHANGING>
     <DOCUMENTATION>
      <RSFDO>
       <PARAMETER>IV_OPTYPE</PARAMETER>
       <KIND>P</KIND>
       <STEXT>DBS: Fatura işlem tipi</STEXT>
      </RSFDO>
      <RSFDO>
       <PARAMETER>CS_FATURA</PARAMETER>
       <KIND>P</KIND>
       <STEXT>Fatura structure</STEXT>
      </RSFDO>
     </DOCUMENTATION>
    </item>
    <item>
     <FUNCNAME>ZDBS_FG005_HLK_003</FUNCNAME>
     <SHORT_TEXT>Halkbank fatura İptal</SHORT_TEXT>
     <IMPORT>
      <RSIMP>
       <PARAMETER>IV_OPTYPE</PARAMETER>
       <REFERENCE>X</REFERENCE>
       <TYP>ZDBS_DE028</TYP>
      </RSIMP>
     </IMPORT>
     <CHANGING>
      <RSCHA>
       <PARAMETER>CS_FATURA</PARAMETER>
       <REFERENCE>X</REFERENCE>
       <TYP>ZDBS_S005</TYP>
      </RSCHA>
     </CHANGING>
     <DOCUMENTATION>
      <RSFDO>
       <PARAMETER>IV_OPTYPE</PARAMETER>
       <KIND>P</KIND>
       <STEXT>DBS: Fatura işlem tipi</STEXT>
      </RSFDO>
      <RSFDO>
       <PARAMETER>CS_FATURA</PARAMETER>
       <KIND>P</KIND>
       <STEXT>Fatura structure</STEXT>
      </RSFDO>
     </DOCUMENTATION>
    </item>
    <item>
     <FUNCNAME>ZDBS_FG005_HLK_004</FUNCNAME>
     <SHORT_TEXT>Halkbank Fatura Yükle</SHORT_TEXT>
     <IMPORT>
      <RSIMP>
       <PARAMETER>IV_OPTYPE</PARAMETER>
       <REFERENCE>X</REFERENCE>
       <TYP>ZDBS_DE028</TYP>
      </RSIMP>
     </IMPORT>
     <CHANGING>
      <RSCHA>
       <PARAMETER>CS_FATURA</PARAMETER>
       <REFERENCE>X</REFERENCE>
       <TYP>ZDBS_S005</TYP>
      </RSCHA>
     </CHANGING>
     <DOCUMENTATION>
      <RSFDO>
       <PARAMETER>IV_OPTYPE</PARAMETER>
       <KIND>P</KIND>
       <STEXT>DBS: Fatura işlem tipi</STEXT>
      </RSFDO>
      <RSFDO>
       <PARAMETER>CS_FATURA</PARAMETER>
       <KIND>P</KIND>
       <STEXT>Fatura structure</STEXT>
      </RSFDO>
     </DOCUMENTATION>
    </item>
    <item>
     <FUNCNAME>ZDBS_FG005_HLK_005</FUNCNAME>
     <SHORT_TEXT>Halkbank Limit Sorgulama</SHORT_TEXT>
     <IMPORT>
      <RSIMP>
       <PARAMETER>IS_BANK</PARAMETER>
       <REFERENCE>X</REFERENCE>
       <TYP>ZDBS_S007</TYP>
      </RSIMP>
     </IMPORT>
     <CHANGING>
      <RSCHA>
       <PARAMETER>CT_LIMIT</PARAMETER>
       <REFERENCE>X</REFERENCE>
       <TYP>ZDBS_TT002</TYP>
      </RSCHA>
     </CHANGING>
     <DOCUMENTATION>
      <RSFDO>
       <PARAMETER>IS_BANK</PARAMETER>
       <KIND>P</KIND>
       <STEXT>Banka uyarlamaları key alanlar</STEXT>
      </RSFDO>
      <RSFDO>
       <PARAMETER>CT_LIMIT</PARAMETER>
       <KIND>P</KIND>
       <STEXT>Limit bilgileri</STEXT>
      </RSFDO>
     </DOCUMENTATION>
    </item>
    <item>
     <FUNCNAME>ZDBS_FG005_HLK_006</FUNCNAME>
     <SHORT_TEXT>Halkbank Fatura sorgula</SHORT_TEXT>
     <IMPORT>
      <RSIMP>
       <PARAMETER>IS_BANK</PARAMETER>
       <REFERENCE>X</REFERENCE>
       <TYP>ZDBS_S007</TYP>
      </RSIMP>
     </IMPORT>
     <CHANGING>
      <RSCHA>
       <PARAMETER>CT_FATURA</PARAMETER>
       <REFERENCE>X</REFERENCE>
       <TYP>ZDBS_TT001</TYP>
      </RSCHA>
     </CHANGING>
     <DOCUMENTATION>
      <RSFDO>
       <PARAMETER>IS_BANK</PARAMETER>
       <KIND>P</KIND>
       <STEXT>Banka uyarlamaları key alanlar</STEXT>
      </RSFDO>
      <RSFDO>
       <PARAMETER>CT_FATURA</PARAMETER>
       <KIND>P</KIND>
       <STEXT>Fatura bilgileri</STEXT>
      </RSFDO>
     </DOCUMENTATION>
    </item>
    <item>
     <FUNCNAME>ZDBS_FG005_ISB_001</FUNCNAME>
     <SHORT_TEXT>İş bankası Fatura İşlemleri</SHORT_TEXT>
     <IMPORT>
      <RSIMP>
       <PARAMETER>IV_OPTYPE</PARAMETER>
       <REFERENCE>X</REFERENCE>
       <TYP>ZDBS_DE028</TYP>
      </RSIMP>
     </IMPORT>
     <CHANGING>
      <RSCHA>
       <PARAMETER>CS_FATURA</PARAMETER>
       <REFERENCE>X</REFERENCE>
       <TYP>ZDBS_S005</TYP>
      </RSCHA>
     </CHANGING>
     <DOCUMENTATION>
      <RSFDO>
       <PARAMETER>IV_OPTYPE</PARAMETER>
       <KIND>P</KIND>
       <STEXT>DBS: Fatura işlem tipi</STEXT>
      </RSFDO>
      <RSFDO>
       <PARAMETER>CS_FATURA</PARAMETER>
       <KIND>P</KIND>
       <STEXT>Fatura structure</STEXT>
      </RSFDO>
     </DOCUMENTATION>
    </item>
    <item>
     <FUNCNAME>ZDBS_FG005_ISB_002</FUNCNAME>
     <SHORT_TEXT>İş bankası fatura değiştir</SHORT_TEXT>
     <IMPORT>
      <RSIMP>
       <PARAMETER>IV_OPTYPE</PARAMETER>
       <REFERENCE>X</REFERENCE>
       <TYP>ZDBS_DE028</TYP>
      </RSIMP>
     </IMPORT>
     <CHANGING>
      <RSCHA>
       <PARAMETER>CS_FATURA</PARAMETER>
       <REFERENCE>X</REFERENCE>
       <TYP>ZDBS_S005</TYP>
      </RSCHA>
     </CHANGING>
     <DOCUMENTATION>
      <RSFDO>
       <PARAMETER>IV_OPTYPE</PARAMETER>
       <KIND>P</KIND>
       <STEXT>DBS: Fatura işlem tipi</STEXT>
      </RSFDO>
      <RSFDO>
       <PARAMETER>CS_FATURA</PARAMETER>
       <KIND>P</KIND>
       <STEXT>Fatura structure</STEXT>
      </RSFDO>
     </DOCUMENTATION>
    </item>
    <item>
     <FUNCNAME>ZDBS_FG005_ISB_003</FUNCNAME>
     <SHORT_TEXT>İş bankası fatura iptal</SHORT_TEXT>
     <IMPORT>
      <RSIMP>
       <PARAMETER>IV_OPTYPE</PARAMETER>
       <REFERENCE>X</REFERENCE>
       <TYP>ZDBS_DE028</TYP>
      </RSIMP>
     </IMPORT>
     <CHANGING>
      <RSCHA>
       <PARAMETER>CS_FATURA</PARAMETER>
       <REFERENCE>X</REFERENCE>
       <TYP>ZDBS_S005</TYP>
      </RSCHA>
     </CHANGING>
     <DOCUMENTATION>
      <RSFDO>
       <PARAMETER>IV_OPTYPE</PARAMETER>
       <KIND>P</KIND>
       <STEXT>DBS: Fatura işlem tipi</STEXT>
      </RSFDO>
      <RSFDO>
       <PARAMETER>CS_FATURA</PARAMETER>
       <KIND>P</KIND>
       <STEXT>Fatura structure</STEXT>
      </RSFDO>
     </DOCUMENTATION>
    </item>
    <item>
     <FUNCNAME>ZDBS_FG005_ISB_004</FUNCNAME>
     <SHORT_TEXT>İş bankası fatura gönderim</SHORT_TEXT>
     <IMPORT>
      <RSIMP>
       <PARAMETER>IV_OPTYPE</PARAMETER>
       <REFERENCE>X</REFERENCE>
       <TYP>ZDBS_DE028</TYP>
      </RSIMP>
     </IMPORT>
     <CHANGING>
      <RSCHA>
       <PARAMETER>CS_FATURA</PARAMETER>
       <REFERENCE>X</REFERENCE>
       <TYP>ZDBS_S005</TYP>
      </RSCHA>
     </CHANGING>
     <DOCUMENTATION>
      <RSFDO>
       <PARAMETER>IV_OPTYPE</PARAMETER>
       <KIND>P</KIND>
       <STEXT>DBS: Fatura işlem tipi</STEXT>
      </RSFDO>
      <RSFDO>
       <PARAMETER>CS_FATURA</PARAMETER>
       <KIND>P</KIND>
       <STEXT>Fatura structure</STEXT>
      </RSFDO>
     </DOCUMENTATION>
    </item>
    <item>
     <FUNCNAME>ZDBS_FG005_ISB_005</FUNCNAME>
     <SHORT_TEXT>İş bankası limit işlemleri</SHORT_TEXT>
     <IMPORT>
      <RSIMP>
       <PARAMETER>IS_BANK</PARAMETER>
       <REFERENCE>X</REFERENCE>
       <TYP>ZDBS_S007</TYP>
      </RSIMP>
     </IMPORT>
     <CHANGING>
      <RSCHA>
       <PARAMETER>CT_LIMIT</PARAMETER>
       <REFERENCE>X</REFERENCE>
       <TYP>ZDBS_TT002</TYP>
      </RSCHA>
     </CHANGING>
     <DOCUMENTATION>
      <RSFDO>
       <PARAMETER>IS_BANK</PARAMETER>
       <KIND>P</KIND>
       <STEXT>Banka uyarlamaları key alanlar</STEXT>
      </RSFDO>
      <RSFDO>
       <PARAMETER>CT_LIMIT</PARAMETER>
       <KIND>P</KIND>
       <STEXT>Limit bilgileri</STEXT>
      </RSFDO>
     </DOCUMENTATION>
    </item>
    <item>
     <FUNCNAME>ZDBS_FG005_ISB_006</FUNCNAME>
     <SHORT_TEXT>İş bankası tahsilat sorgu</SHORT_TEXT>
     <IMPORT>
      <RSIMP>
       <PARAMETER>IS_BANK</PARAMETER>
       <REFERENCE>X</REFERENCE>
       <TYP>ZDBS_S007</TYP>
      </RSIMP>
     </IMPORT>
     <CHANGING>
      <RSCHA>
       <PARAMETER>CT_FATURA</PARAMETER>
       <OPTIONAL>X</OPTIONAL>
       <REFERENCE>X</REFERENCE>
       <TYP>ZDBS_TT001</TYP>
      </RSCHA>
     </CHANGING>
     <DOCUMENTATION>
      <RSFDO>
       <PARAMETER>IS_BANK</PARAMETER>
       <KIND>P</KIND>
       <STEXT>Banka uyarlamaları key alanlar</STEXT>
      </RSFDO>
      <RSFDO>
       <PARAMETER>CT_FATURA</PARAMETER>
       <KIND>P</KIND>
       <STEXT>Fatura bilgileri</STEXT>
      </RSFDO>
     </DOCUMENTATION>
    </item>
    <item>
     <FUNCNAME>ZDBS_FG005_QNB_001</FUNCNAME>
     <SHORT_TEXT>QNB finansbank Fatura işlemler</SHORT_TEXT>
     <IMPORT>
      <RSIMP>
       <PARAMETER>IV_OPTYPE</PARAMETER>
       <REFERENCE>X</REFERENCE>
       <TYP>ZDBS_DE028</TYP>
      </RSIMP>
     </IMPORT>
     <CHANGING>
      <RSCHA>
       <PARAMETER>CS_FATURA</PARAMETER>
       <REFERENCE>X</REFERENCE>
       <TYP>ZDBS_S005</TYP>
      </RSCHA>
     </CHANGING>
     <DOCUMENTATION>
      <RSFDO>
       <PARAMETER>IV_OPTYPE</PARAMETER>
       <KIND>P</KIND>
       <STEXT>DBS: Fatura işlem tipi</STEXT>
      </RSFDO>
      <RSFDO>
       <PARAMETER>CS_FATURA</PARAMETER>
       <KIND>P</KIND>
       <STEXT>Fatura structure</STEXT>
      </RSFDO>
     </DOCUMENTATION>
    </item>
    <item>
     <FUNCNAME>ZDBS_FG005_QNB_002</FUNCNAME>
     <SHORT_TEXT>QNB finansbank fatura değiştir</SHORT_TEXT>
     <IMPORT>
      <RSIMP>
       <PARAMETER>IV_OPTYPE</PARAMETER>
       <REFERENCE>X</REFERENCE>
       <TYP>ZDBS_DE028</TYP>
      </RSIMP>
     </IMPORT>
     <CHANGING>
      <RSCHA>
       <PARAMETER>CS_FATURA</PARAMETER>
       <REFERENCE>X</REFERENCE>
       <TYP>ZDBS_S005</TYP>
      </RSCHA>
     </CHANGING>
     <DOCUMENTATION>
      <RSFDO>
       <PARAMETER>IV_OPTYPE</PARAMETER>
       <KIND>P</KIND>
       <STEXT>DBS: Fatura işlem tipi</STEXT>
      </RSFDO>
      <RSFDO>
       <PARAMETER>CS_FATURA</PARAMETER>
       <KIND>P</KIND>
       <STEXT>Fatura structure</STEXT>
      </RSFDO>
     </DOCUMENTATION>
    </item>
    <item>
     <FUNCNAME>ZDBS_FG005_QNB_003</FUNCNAME>
     <SHORT_TEXT>QNB finansbank fatura iptal</SHORT_TEXT>
     <IMPORT>
      <RSIMP>
       <PARAMETER>IV_OPTYPE</PARAMETER>
       <REFERENCE>X</REFERENCE>
       <TYP>ZDBS_DE028</TYP>
      </RSIMP>
     </IMPORT>
     <CHANGING>
      <RSCHA>
       <PARAMETER>CS_FATURA</PARAMETER>
       <REFERENCE>X</REFERENCE>
       <TYP>ZDBS_S005</TYP>
      </RSCHA>
     </CHANGING>
     <DOCUMENTATION>
      <RSFDO>
       <PARAMETER>IV_OPTYPE</PARAMETER>
       <KIND>P</KIND>
       <STEXT>DBS: Fatura işlem tipi</STEXT>
      </RSFDO>
      <RSFDO>
       <PARAMETER>CS_FATURA</PARAMETER>
       <KIND>P</KIND>
       <STEXT>Fatura structure</STEXT>
      </RSFDO>
     </DOCUMENTATION>
    </item>
    <item>
     <FUNCNAME>ZDBS_FG005_QNB_004</FUNCNAME>
     <SHORT_TEXT>QNB finansbank fatura gönderim</SHORT_TEXT>
     <IMPORT>
      <RSIMP>
       <PARAMETER>IV_OPTYPE</PARAMETER>
       <REFERENCE>X</REFERENCE>
       <TYP>ZDBS_DE028</TYP>
      </RSIMP>
     </IMPORT>
     <CHANGING>
      <RSCHA>
       <PARAMETER>CS_FATURA</PARAMETER>
       <REFERENCE>X</REFERENCE>
       <TYP>ZDBS_S005</TYP>
      </RSCHA>
     </CHANGING>
     <DOCUMENTATION>
      <RSFDO>
       <PARAMETER>IV_OPTYPE</PARAMETER>
       <KIND>P</KIND>
       <STEXT>DBS: Fatura işlem tipi</STEXT>
      </RSFDO>
      <RSFDO>
       <PARAMETER>CS_FATURA</PARAMETER>
       <KIND>P</KIND>
       <STEXT>Fatura structure</STEXT>
      </RSFDO>
     </DOCUMENTATION>
    </item>
    <item>
     <FUNCNAME>ZDBS_FG005_QNB_005</FUNCNAME>
     <SHORT_TEXT>QNB finansbank limit işlemleri</SHORT_TEXT>
     <IMPORT>
      <RSIMP>
       <PARAMETER>IS_BANK</PARAMETER>
       <REFERENCE>X</REFERENCE>
       <TYP>ZDBS_S007</TYP>
      </RSIMP>
     </IMPORT>
     <CHANGING>
      <RSCHA>
       <PARAMETER>CT_LIMIT</PARAMETER>
       <REFERENCE>X</REFERENCE>
       <TYP>ZDBS_TT002</TYP>
      </RSCHA>
     </CHANGING>
     <DOCUMENTATION>
      <RSFDO>
       <PARAMETER>IS_BANK</PARAMETER>
       <KIND>P</KIND>
       <STEXT>Banka uyarlamaları key alanlar</STEXT>
      </RSFDO>
      <RSFDO>
       <PARAMETER>CT_LIMIT</PARAMETER>
       <KIND>P</KIND>
       <STEXT>Limit bilgileri</STEXT>
      </RSFDO>
     </DOCUMENTATION>
    </item>
    <item>
     <FUNCNAME>ZDBS_FG005_QNB_006</FUNCNAME>
     <SHORT_TEXT>QNB finansbank tahsilat sorgu</SHORT_TEXT>
     <IMPORT>
      <RSIMP>
       <PARAMETER>IS_BANK</PARAMETER>
       <REFERENCE>X</REFERENCE>
       <TYP>ZDBS_S007</TYP>
      </RSIMP>
     </IMPORT>
     <CHANGING>
      <RSCHA>
       <PARAMETER>CT_FATURA</PARAMETER>
       <REFERENCE>X</REFERENCE>
       <TYP>ZDBS_TT001</TYP>
      </RSCHA>
     </CHANGING>
     <DOCUMENTATION>
      <RSFDO>
       <PARAMETER>IS_BANK</PARAMETER>
       <KIND>P</KIND>
       <STEXT>Banka uyarlamaları key alanlar</STEXT>
      </RSFDO>
      <RSFDO>
       <PARAMETER>CT_FATURA</PARAMETER>
       <KIND>P</KIND>
       <STEXT>Fatura bilgileri</STEXT>
      </RSFDO>
     </DOCUMENTATION>
    </item>
    <item>
     <FUNCNAME>ZDBS_FG005_SKB_001</FUNCNAME>
     <SHORT_TEXT>Şekerbank fatura işlemleri</SHORT_TEXT>
     <IMPORT>
      <RSIMP>
       <PARAMETER>IV_OPTYPE</PARAMETER>
       <REFERENCE>X</REFERENCE>
       <TYP>ZDBS_DE028</TYP>
      </RSIMP>
     </IMPORT>
     <CHANGING>
      <RSCHA>
       <PARAMETER>CS_FATURA</PARAMETER>
       <REFERENCE>X</REFERENCE>
       <TYP>ZDBS_S005</TYP>
      </RSCHA>
     </CHANGING>
     <DOCUMENTATION>
      <RSFDO>
       <PARAMETER>IV_OPTYPE</PARAMETER>
       <KIND>P</KIND>
       <STEXT>DBS: Fatura işlem tipi</STEXT>
      </RSFDO>
      <RSFDO>
       <PARAMETER>CS_FATURA</PARAMETER>
       <KIND>P</KIND>
       <STEXT>Fatura structure</STEXT>
      </RSFDO>
     </DOCUMENTATION>
    </item>
    <item>
     <FUNCNAME>ZDBS_FG005_SKB_002</FUNCNAME>
     <SHORT_TEXT>Şekerbank fatura yükleme</SHORT_TEXT>
     <IMPORT>
      <RSIMP>
       <PARAMETER>IV_OPTYPE</PARAMETER>
       <REFERENCE>X</REFERENCE>
       <TYP>ZDBS_DE028</TYP>
      </RSIMP>
     </IMPORT>
     <CHANGING>
      <RSCHA>
       <PARAMETER>CS_FATURA</PARAMETER>
       <REFERENCE>X</REFERENCE>
       <TYP>ZDBS_S005</TYP>
      </RSCHA>
     </CHANGING>
     <DOCUMENTATION>
      <RSFDO>
       <PARAMETER>IV_OPTYPE</PARAMETER>
       <KIND>P</KIND>
       <STEXT>DBS: Fatura işlem tipi</STEXT>
      </RSFDO>
      <RSFDO>
       <PARAMETER>CS_FATURA</PARAMETER>
       <KIND>P</KIND>
       <STEXT>Fatura structure</STEXT>
      </RSFDO>
     </DOCUMENTATION>
    </item>
    <item>
     <FUNCNAME>ZDBS_FG005_SKB_003</FUNCNAME>
     <SHORT_TEXT>Şekerbank fatura güncelle</SHORT_TEXT>
     <IMPORT>
      <RSIMP>
       <PARAMETER>IV_OPTYPE</PARAMETER>
       <REFERENCE>X</REFERENCE>
       <TYP>ZDBS_DE028</TYP>
      </RSIMP>
     </IMPORT>
     <CHANGING>
      <RSCHA>
       <PARAMETER>CS_FATURA</PARAMETER>
       <REFERENCE>X</REFERENCE>
       <TYP>ZDBS_S005</TYP>
      </RSCHA>
     </CHANGING>
     <DOCUMENTATION>
      <RSFDO>
       <PARAMETER>IV_OPTYPE</PARAMETER>
       <KIND>P</KIND>
       <STEXT>DBS: Fatura işlem tipi</STEXT>
      </RSFDO>
      <RSFDO>
       <PARAMETER>CS_FATURA</PARAMETER>
       <KIND>P</KIND>
       <STEXT>Fatura structure</STEXT>
      </RSFDO>
     </DOCUMENTATION>
    </item>
    <item>
     <FUNCNAME>ZDBS_FG005_SKB_004</FUNCNAME>
     <SHORT_TEXT>Şekerbank fatura iptal</SHORT_TEXT>
     <IMPORT>
      <RSIMP>
       <PARAMETER>IV_OPTYPE</PARAMETER>
       <REFERENCE>X</REFERENCE>
       <TYP>ZDBS_DE028</TYP>
      </RSIMP>
     </IMPORT>
     <CHANGING>
      <RSCHA>
       <PARAMETER>CS_FATURA</PARAMETER>
       <REFERENCE>X</REFERENCE>
       <TYP>ZDBS_S005</TYP>
      </RSCHA>
     </CHANGING>
     <DOCUMENTATION>
      <RSFDO>
       <PARAMETER>IV_OPTYPE</PARAMETER>
       <KIND>P</KIND>
       <STEXT>DBS: Fatura işlem tipi</STEXT>
      </RSFDO>
      <RSFDO>
       <PARAMETER>CS_FATURA</PARAMETER>
       <KIND>P</KIND>
       <STEXT>Fatura structure</STEXT>
      </RSFDO>
     </DOCUMENTATION>
    </item>
    <item>
     <FUNCNAME>ZDBS_FG005_SKB_005</FUNCNAME>
     <SHORT_TEXT>Şekerbank limit işlemleri</SHORT_TEXT>
     <IMPORT>
      <RSIMP>
       <PARAMETER>IS_BANK</PARAMETER>
       <REFERENCE>X</REFERENCE>
       <TYP>ZDBS_S007</TYP>
      </RSIMP>
     </IMPORT>
     <CHANGING>
      <RSCHA>
       <PARAMETER>CT_LIMIT</PARAMETER>
       <REFERENCE>X</REFERENCE>
       <TYP>ZDBS_TT002</TYP>
      </RSCHA>
     </CHANGING>
     <DOCUMENTATION>
      <RSFDO>
       <PARAMETER>IS_BANK</PARAMETER>
       <KIND>P</KIND>
       <STEXT>Banka uyarlamaları key alanlar</STEXT>
      </RSFDO>
      <RSFDO>
       <PARAMETER>CT_LIMIT</PARAMETER>
       <KIND>P</KIND>
       <STEXT>Limit bilgileri</STEXT>
      </RSFDO>
     </DOCUMENTATION>
    </item>
    <item>
     <FUNCNAME>ZDBS_FG005_SKB_006</FUNCNAME>
     <SHORT_TEXT>Şekerbank tahsilat sorgu</SHORT_TEXT>
     <IMPORT>
      <RSIMP>
       <PARAMETER>IS_BANK</PARAMETER>
       <REFERENCE>X</REFERENCE>
       <TYP>ZDBS_S007</TYP>
      </RSIMP>
     </IMPORT>
     <CHANGING>
      <RSCHA>
       <PARAMETER>CT_FATURA</PARAMETER>
       <REFERENCE>X</REFERENCE>
       <TYP>ZDBS_TT001</TYP>
      </RSCHA>
     </CHANGING>
     <DOCUMENTATION>
      <RSFDO>
       <PARAMETER>IS_BANK</PARAMETER>
       <KIND>P</KIND>
       <STEXT>Banka uyarlamaları key alanlar</STEXT>
      </RSFDO>
      <RSFDO>
       <PARAMETER>CT_FATURA</PARAMETER>
       <KIND>P</KIND>
       <STEXT>Fatura bilgileri</STEXT>
      </RSFDO>
     </DOCUMENTATION>
    </item>
    <item>
     <FUNCNAME>ZDBS_FG005_TEB_001</FUNCNAME>
     <SHORT_TEXT>TEB Fatura işlemleri</SHORT_TEXT>
     <IMPORT>
      <RSIMP>
       <PARAMETER>IV_OPTYPE</PARAMETER>
       <REFERENCE>X</REFERENCE>
       <TYP>ZDBS_DE028</TYP>
      </RSIMP>
     </IMPORT>
     <CHANGING>
      <RSCHA>
       <PARAMETER>CS_FATURA</PARAMETER>
       <REFERENCE>X</REFERENCE>
       <TYP>ZDBS_S005</TYP>
      </RSCHA>
     </CHANGING>
     <DOCUMENTATION>
      <RSFDO>
       <PARAMETER>IV_OPTYPE</PARAMETER>
       <KIND>P</KIND>
       <STEXT>DBS: Fatura işlem tipi</STEXT>
      </RSFDO>
      <RSFDO>
       <PARAMETER>CS_FATURA</PARAMETER>
       <KIND>P</KIND>
       <STEXT>Fatura structure</STEXT>
      </RSFDO>
     </DOCUMENTATION>
    </item>
    <item>
     <FUNCNAME>ZDBS_FG005_TEB_002</FUNCNAME>
     <SHORT_TEXT>TEB Fatura gönderim</SHORT_TEXT>
     <IMPORT>
      <RSIMP>
       <PARAMETER>IV_OPTYPE</PARAMETER>
       <REFERENCE>X</REFERENCE>
       <TYP>ZDBS_DE028</TYP>
      </RSIMP>
     </IMPORT>
     <CHANGING>
      <RSCHA>
       <PARAMETER>CS_FATURA</PARAMETER>
       <REFERENCE>X</REFERENCE>
       <TYP>ZDBS_S005</TYP>
      </RSCHA>
     </CHANGING>
     <DOCUMENTATION>
      <RSFDO>
       <PARAMETER>IV_OPTYPE</PARAMETER>
       <KIND>P</KIND>
       <STEXT>DBS: Fatura işlem tipi</STEXT>
      </RSFDO>
      <RSFDO>
       <PARAMETER>CS_FATURA</PARAMETER>
       <KIND>P</KIND>
       <STEXT>Fatura structure</STEXT>
      </RSFDO>
     </DOCUMENTATION>
    </item>
    <item>
     <FUNCNAME>ZDBS_FG005_TEB_003</FUNCNAME>
     <SHORT_TEXT>TEB Fatura güncelle</SHORT_TEXT>
     <IMPORT>
      <RSIMP>
       <PARAMETER>IV_OPTYPE</PARAMETER>
       <REFERENCE>X</REFERENCE>
       <TYP>ZDBS_DE028</TYP>
      </RSIMP>
     </IMPORT>
     <CHANGING>
      <RSCHA>
       <PARAMETER>CS_FATURA</PARAMETER>
       <REFERENCE>X</REFERENCE>
       <TYP>ZDBS_S005</TYP>
      </RSCHA>
     </CHANGING>
     <DOCUMENTATION>
      <RSFDO>
       <PARAMETER>IV_OPTYPE</PARAMETER>
       <KIND>P</KIND>
       <STEXT>DBS: Fatura işlem tipi</STEXT>
      </RSFDO>
      <RSFDO>
       <PARAMETER>CS_FATURA</PARAMETER>
       <KIND>P</KIND>
       <STEXT>Fatura structure</STEXT>
      </RSFDO>
     </DOCUMENTATION>
    </item>
    <item>
     <FUNCNAME>ZDBS_FG005_TEB_004</FUNCNAME>
     <SHORT_TEXT>TEB Fatura iptal</SHORT_TEXT>
     <IMPORT>
      <RSIMP>
       <PARAMETER>IV_OPTYPE</PARAMETER>
       <REFERENCE>X</REFERENCE>
       <TYP>ZDBS_DE028</TYP>
      </RSIMP>
     </IMPORT>
     <CHANGING>
      <RSCHA>
       <PARAMETER>CS_FATURA</PARAMETER>
       <REFERENCE>X</REFERENCE>
       <TYP>ZDBS_S005</TYP>
      </RSCHA>
     </CHANGING>
     <DOCUMENTATION>
      <RSFDO>
       <PARAMETER>IV_OPTYPE</PARAMETER>
       <KIND>P</KIND>
       <STEXT>DBS: Fatura işlem tipi</STEXT>
      </RSFDO>
      <RSFDO>
       <PARAMETER>CS_FATURA</PARAMETER>
       <KIND>P</KIND>
       <STEXT>Fatura structure</STEXT>
      </RSFDO>
     </DOCUMENTATION>
    </item>
    <item>
     <FUNCNAME>ZDBS_FG005_TEB_005</FUNCNAME>
     <SHORT_TEXT>TEB Limit sorgu</SHORT_TEXT>
     <IMPORT>
      <RSIMP>
       <PARAMETER>IS_BANK</PARAMETER>
       <REFERENCE>X</REFERENCE>
       <TYP>ZDBS_S007</TYP>
      </RSIMP>
     </IMPORT>
     <CHANGING>
      <RSCHA>
       <PARAMETER>CT_LIMIT</PARAMETER>
       <REFERENCE>X</REFERENCE>
       <TYP>ZDBS_TT002</TYP>
      </RSCHA>
     </CHANGING>
     <DOCUMENTATION>
      <RSFDO>
       <PARAMETER>IS_BANK</PARAMETER>
       <KIND>P</KIND>
       <STEXT>Banka uyarlamaları key alanlar</STEXT>
      </RSFDO>
      <RSFDO>
       <PARAMETER>CT_LIMIT</PARAMETER>
       <KIND>P</KIND>
       <STEXT>Limit bilgileri</STEXT>
      </RSFDO>
     </DOCUMENTATION>
    </item>
    <item>
     <FUNCNAME>ZDBS_FG005_TEB_006</FUNCNAME>
     <SHORT_TEXT>TEB Tahsilat sorgu</SHORT_TEXT>
     <IMPORT>
      <RSIMP>
       <PARAMETER>IS_BANK</PARAMETER>
       <REFERENCE>X</REFERENCE>
       <TYP>ZDBS_S007</TYP>
      </RSIMP>
     </IMPORT>
     <CHANGING>
      <RSCHA>
       <PARAMETER>CT_FATURA</PARAMETER>
       <REFERENCE>X</REFERENCE>
       <TYP>ZDBS_TT001</TYP>
      </RSCHA>
     </CHANGING>
     <DOCUMENTATION>
      <RSFDO>
       <PARAMETER>IS_BANK</PARAMETER>
       <KIND>P</KIND>
       <STEXT>Banka uyarlamaları key alanlar</STEXT>
      </RSFDO>
      <RSFDO>
       <PARAMETER>CT_FATURA</PARAMETER>
       <KIND>P</KIND>
       <STEXT>Fatura bilgileri</STEXT>
      </RSFDO>
     </DOCUMENTATION>
    </item>
    <item>
     <FUNCNAME>ZDBS_FG005_VKF_001</FUNCNAME>
     <SHORT_TEXT>Vakıfbank fatura işlemleri</SHORT_TEXT>
     <IMPORT>
      <RSIMP>
       <PARAMETER>IV_OPTYPE</PARAMETER>
       <REFERENCE>X</REFERENCE>
       <TYP>ZDBS_DE028</TYP>
      </RSIMP>
     </IMPORT>
     <CHANGING>
      <RSCHA>
       <PARAMETER>CS_FATURA</PARAMETER>
       <REFERENCE>X</REFERENCE>
       <TYP>ZDBS_S005</TYP>
      </RSCHA>
     </CHANGING>
     <DOCUMENTATION>
      <RSFDO>
       <PARAMETER>IV_OPTYPE</PARAMETER>
       <KIND>P</KIND>
       <STEXT>DBS: Fatura işlem tipi</STEXT>
      </RSFDO>
      <RSFDO>
       <PARAMETER>CS_FATURA</PARAMETER>
       <KIND>P</KIND>
       <STEXT>Fatura structure</STEXT>
      </RSFDO>
     </DOCUMENTATION>
    </item>
    <item>
     <FUNCNAME>ZDBS_FG005_VKF_002</FUNCNAME>
     <SHORT_TEXT>Vakıfbank fatura gönderim</SHORT_TEXT>
     <IMPORT>
      <RSIMP>
       <PARAMETER>IV_OPTYPE</PARAMETER>
       <REFERENCE>X</REFERENCE>
       <TYP>ZDBS_DE028</TYP>
      </RSIMP>
     </IMPORT>
     <CHANGING>
      <RSCHA>
       <PARAMETER>CS_FATURA</PARAMETER>
       <REFERENCE>X</REFERENCE>
       <TYP>ZDBS_S005</TYP>
      </RSCHA>
     </CHANGING>
     <DOCUMENTATION>
      <RSFDO>
       <PARAMETER>IV_OPTYPE</PARAMETER>
       <KIND>P</KIND>
       <STEXT>DBS: Fatura işlem tipi</STEXT>
      </RSFDO>
      <RSFDO>
       <PARAMETER>CS_FATURA</PARAMETER>
       <KIND>P</KIND>
       <STEXT>Fatura structure</STEXT>
      </RSFDO>
     </DOCUMENTATION>
    </item>
    <item>
     <FUNCNAME>ZDBS_FG005_VKF_003</FUNCNAME>
     <SHORT_TEXT>Vakıfbank fatura değiştir</SHORT_TEXT>
     <IMPORT>
      <RSIMP>
       <PARAMETER>IV_OPTYPE</PARAMETER>
       <REFERENCE>X</REFERENCE>
       <TYP>ZDBS_DE028</TYP>
      </RSIMP>
     </IMPORT>
     <CHANGING>
      <RSCHA>
       <PARAMETER>CS_FATURA</PARAMETER>
       <REFERENCE>X</REFERENCE>
       <TYP>ZDBS_S005</TYP>
      </RSCHA>
     </CHANGING>
     <DOCUMENTATION>
      <RSFDO>
       <PARAMETER>IV_OPTYPE</PARAMETER>
       <KIND>P</KIND>
       <STEXT>DBS: Fatura işlem tipi</STEXT>
      </RSFDO>
      <RSFDO>
       <PARAMETER>CS_FATURA</PARAMETER>
       <KIND>P</KIND>
       <STEXT>Fatura structure</STEXT>
      </RSFDO>
     </DOCUMENTATION>
    </item>
    <item>
     <FUNCNAME>ZDBS_FG005_VKF_004</FUNCNAME>
     <SHORT_TEXT>Vakıfbank fatura iptal</SHORT_TEXT>
     <IMPORT>
      <RSIMP>
       <PARAMETER>IV_OPTYPE</PARAMETER>
       <REFERENCE>X</REFERENCE>
       <TYP>ZDBS_DE028</TYP>
      </RSIMP>
     </IMPORT>
     <CHANGING>
      <RSCHA>
       <PARAMETER>CS_FATURA</PARAMETER>
       <REFERENCE>X</REFERENCE>
       <TYP>ZDBS_S005</TYP>
      </RSCHA>
     </CHANGING>
     <DOCUMENTATION>
      <RSFDO>
       <PARAMETER>IV_OPTYPE</PARAMETER>
       <KIND>P</KIND>
       <STEXT>DBS: Fatura işlem tipi</STEXT>
      </RSFDO>
      <RSFDO>
       <PARAMETER>CS_FATURA</PARAMETER>
       <KIND>P</KIND>
       <STEXT>Fatura structure</STEXT>
      </RSFDO>
     </DOCUMENTATION>
    </item>
    <item>
     <FUNCNAME>ZDBS_FG005_VKF_005</FUNCNAME>
     <SHORT_TEXT>Vakıfbank fatura gönderim</SHORT_TEXT>
     <IMPORT>
      <RSIMP>
       <PARAMETER>IS_BANK</PARAMETER>
       <REFERENCE>X</REFERENCE>
       <TYP>ZDBS_S007</TYP>
      </RSIMP>
     </IMPORT>
     <CHANGING>
      <RSCHA>
       <PARAMETER>CT_LIMIT</PARAMETER>
       <REFERENCE>X</REFERENCE>
       <TYP>ZDBS_TT002</TYP>
      </RSCHA>
     </CHANGING>
     <DOCUMENTATION>
      <RSFDO>
       <PARAMETER>IS_BANK</PARAMETER>
       <KIND>P</KIND>
       <STEXT>Banka uyarlamaları key alanlar</STEXT>
      </RSFDO>
      <RSFDO>
       <PARAMETER>CT_LIMIT</PARAMETER>
       <KIND>P</KIND>
       <STEXT>Limit bilgileri</STEXT>
      </RSFDO>
     </DOCUMENTATION>
    </item>
    <item>
     <FUNCNAME>ZDBS_FG005_VKF_006</FUNCNAME>
     <SHORT_TEXT>Vakıfbank tahsilat işlemleri</SHORT_TEXT>
     <IMPORT>
      <RSIMP>
       <PARAMETER>IS_BANK</PARAMETER>
       <REFERENCE>X</REFERENCE>
       <TYP>ZDBS_S007</TYP>
      </RSIMP>
     </IMPORT>
     <CHANGING>
      <RSCHA>
       <PARAMETER>CT_FATURA</PARAMETER>
       <REFERENCE>X</REFERENCE>
       <TYP>ZDBS_TT001</TYP>
      </RSCHA>
     </CHANGING>
     <DOCUMENTATION>
      <RSFDO>
       <PARAMETER>IS_BANK</PARAMETER>
       <KIND>P</KIND>
       <STEXT>Banka uyarlamaları key alanlar</STEXT>
      </RSFDO>
      <RSFDO>
       <PARAMETER>CT_FATURA</PARAMETER>
       <KIND>P</KIND>
       <STEXT>Fatura bilgileri</STEXT>
      </RSFDO>
     </DOCUMENTATION>
    </item>
    <item>
     <FUNCNAME>ZDBS_FG005_YKB_001</FUNCNAME>
     <SHORT_TEXT>Yapıkredi fatura işlemleri</SHORT_TEXT>
     <IMPORT>
      <RSIMP>
       <PARAMETER>IV_OPTYPE</PARAMETER>
       <REFERENCE>X</REFERENCE>
       <TYP>ZDBS_DE028</TYP>
      </RSIMP>
     </IMPORT>
     <CHANGING>
      <RSCHA>
       <PARAMETER>CS_FATURA</PARAMETER>
       <REFERENCE>X</REFERENCE>
       <TYP>ZDBS_S005</TYP>
      </RSCHA>
     </CHANGING>
     <DOCUMENTATION>
      <RSFDO>
       <PARAMETER>IV_OPTYPE</PARAMETER>
       <KIND>P</KIND>
       <STEXT>DBS: Fatura işlem tipi</STEXT>
      </RSFDO>
      <RSFDO>
       <PARAMETER>CS_FATURA</PARAMETER>
       <KIND>P</KIND>
       <STEXT>Fatura structure</STEXT>
      </RSFDO>
     </DOCUMENTATION>
    </item>
    <item>
     <FUNCNAME>ZDBS_FG005_YKB_002</FUNCNAME>
     <SHORT_TEXT>Yapıkredi fatura yükleme</SHORT_TEXT>
     <IMPORT>
      <RSIMP>
       <PARAMETER>IV_OPTYPE</PARAMETER>
       <REFERENCE>X</REFERENCE>
       <TYP>ZDBS_DE028</TYP>
      </RSIMP>
     </IMPORT>
     <CHANGING>
      <RSCHA>
       <PARAMETER>CS_FATURA</PARAMETER>
       <REFERENCE>X</REFERENCE>
       <TYP>ZDBS_S005</TYP>
      </RSCHA>
     </CHANGING>
     <DOCUMENTATION>
      <RSFDO>
       <PARAMETER>IV_OPTYPE</PARAMETER>
       <KIND>P</KIND>
       <STEXT>DBS: Fatura işlem tipi</STEXT>
      </RSFDO>
      <RSFDO>
       <PARAMETER>CS_FATURA</PARAMETER>
       <KIND>P</KIND>
       <STEXT>Fatura structure</STEXT>
      </RSFDO>
     </DOCUMENTATION>
    </item>
    <item>
     <FUNCNAME>ZDBS_FG005_YKB_003</FUNCNAME>
     <SHORT_TEXT>Yapıkredi fatura güncelle</SHORT_TEXT>
     <IMPORT>
      <RSIMP>
       <PARAMETER>IV_OPTYPE</PARAMETER>
       <REFERENCE>X</REFERENCE>
       <TYP>ZDBS_DE028</TYP>
      </RSIMP>
     </IMPORT>
     <CHANGING>
      <RSCHA>
       <PARAMETER>CS_FATURA</PARAMETER>
       <REFERENCE>X</REFERENCE>
       <TYP>ZDBS_S005</TYP>
      </RSCHA>
     </CHANGING>
     <DOCUMENTATION>
      <RSFDO>
       <PARAMETER>IV_OPTYPE</PARAMETER>
       <KIND>P</KIND>
       <STEXT>DBS: Fatura işlem tipi</STEXT>
      </RSFDO>
      <RSFDO>
       <PARAMETER>CS_FATURA</PARAMETER>
       <KIND>P</KIND>
       <STEXT>Fatura structure</STEXT>
      </RSFDO>
     </DOCUMENTATION>
    </item>
    <item>
     <FUNCNAME>ZDBS_FG005_YKB_004</FUNCNAME>
     <SHORT_TEXT>Yapıkredi fatura iptal</SHORT_TEXT>
     <IMPORT>
      <RSIMP>
       <PARAMETER>IV_OPTYPE</PARAMETER>
       <REFERENCE>X</REFERENCE>
       <TYP>ZDBS_DE028</TYP>
      </RSIMP>
     </IMPORT>
     <CHANGING>
      <RSCHA>
       <PARAMETER>CS_FATURA</PARAMETER>
       <REFERENCE>X</REFERENCE>
       <TYP>ZDBS_S005</TYP>
      </RSCHA>
     </CHANGING>
     <DOCUMENTATION>
      <RSFDO>
       <PARAMETER>IV_OPTYPE</PARAMETER>
       <KIND>P</KIND>
       <STEXT>DBS: Fatura işlem tipi</STEXT>
      </RSFDO>
      <RSFDO>
       <PARAMETER>CS_FATURA</PARAMETER>
       <KIND>P</KIND>
       <STEXT>Fatura structure</STEXT>
      </RSFDO>
     </DOCUMENTATION>
    </item>
    <item>
     <FUNCNAME>ZDBS_FG005_YKB_005</FUNCNAME>
     <SHORT_TEXT>Yapıkredi limit işlemleri</SHORT_TEXT>
     <IMPORT>
      <RSIMP>
       <PARAMETER>IS_BANK</PARAMETER>
       <REFERENCE>X</REFERENCE>
       <TYP>ZDBS_S007</TYP>
      </RSIMP>
     </IMPORT>
     <CHANGING>
      <RSCHA>
       <PARAMETER>CT_LIMIT</PARAMETER>
       <REFERENCE>X</REFERENCE>
       <TYP>ZDBS_TT002</TYP>
      </RSCHA>
     </CHANGING>
     <DOCUMENTATION>
      <RSFDO>
       <PARAMETER>IS_BANK</PARAMETER>
       <KIND>P</KIND>
       <STEXT>Banka uyarlamaları key alanlar</STEXT>
      </RSFDO>
      <RSFDO>
       <PARAMETER>CT_LIMIT</PARAMETER>
       <KIND>P</KIND>
       <STEXT>Limit bilgileri</STEXT>
      </RSFDO>
     </DOCUMENTATION>
    </item>
    <item>
     <FUNCNAME>ZDBS_FG005_YKB_006</FUNCNAME>
     <SHORT_TEXT>Yapıkredi tahsilat sorgu</SHORT_TEXT>
     <IMPORT>
      <RSIMP>
       <PARAMETER>IS_BANK</PARAMETER>
       <REFERENCE>X</REFERENCE>
       <TYP>ZDBS_S007</TYP>
      </RSIMP>
     </IMPORT>
     <CHANGING>
      <RSCHA>
       <PARAMETER>CT_FATURA</PARAMETER>
       <REFERENCE>X</REFERENCE>
       <TYP>ZDBS_TT001</TYP>
      </RSCHA>
     </CHANGING>
     <DOCUMENTATION>
      <RSFDO>
       <PARAMETER>IS_BANK</PARAMETER>
       <KIND>P</KIND>
       <STEXT>Banka uyarlamaları key alanlar</STEXT>
      </RSFDO>
      <RSFDO>
       <PARAMETER>CT_FATURA</PARAMETER>
       <KIND>P</KIND>
       <STEXT>Fatura bilgileri</STEXT>
      </RSFDO>
     </DOCUMENTATION>
    </item>
    <item>
     <FUNCNAME>ZDBS_FG005_ZIR_001</FUNCNAME>
     <SHORT_TEXT>Ziraat fatura işlemleri</SHORT_TEXT>
     <IMPORT>
      <RSIMP>
       <PARAMETER>IV_OPTYPE</PARAMETER>
       <REFERENCE>X</REFERENCE>
       <TYP>ZDBS_DE028</TYP>
      </RSIMP>
     </IMPORT>
     <CHANGING>
      <RSCHA>
       <PARAMETER>CS_FATURA</PARAMETER>
       <REFERENCE>X</REFERENCE>
       <TYP>ZDBS_S005</TYP>
      </RSCHA>
     </CHANGING>
     <DOCUMENTATION>
      <RSFDO>
       <PARAMETER>IV_OPTYPE</PARAMETER>
       <KIND>P</KIND>
       <STEXT>DBS: Fatura işlem tipi</STEXT>
      </RSFDO>
      <RSFDO>
       <PARAMETER>CS_FATURA</PARAMETER>
       <KIND>P</KIND>
       <STEXT>Fatura structure</STEXT>
      </RSFDO>
     </DOCUMENTATION>
    </item>
    <item>
     <FUNCNAME>ZDBS_FG005_ZIR_002</FUNCNAME>
     <SHORT_TEXT>Ziraat fatura işlemleri</SHORT_TEXT>
     <IMPORT>
      <RSIMP>
       <PARAMETER>IS_BANK</PARAMETER>
       <REFERENCE>X</REFERENCE>
       <TYP>ZDBS_S007</TYP>
      </RSIMP>
     </IMPORT>
     <CHANGING>
      <RSCHA>
       <PARAMETER>CT_LIMIT</PARAMETER>
       <REFERENCE>X</REFERENCE>
       <TYP>ZDBS_TT002</TYP>
      </RSCHA>
     </CHANGING>
     <DOCUMENTATION>
      <RSFDO>
       <PARAMETER>IS_BANK</PARAMETER>
       <KIND>P</KIND>
       <STEXT>DBS: Fatura işlem tipi</STEXT>
      </RSFDO>
      <RSFDO>
       <PARAMETER>CT_LIMIT</PARAMETER>
       <KIND>P</KIND>
       <STEXT>Fatura structure</STEXT>
      </RSFDO>
     </DOCUMENTATION>
    </item>
    <item>
     <FUNCNAME>ZDBS_FG005_ZIR_003</FUNCNAME>
     <SHORT_TEXT>Ziraat tahsilat işlemleri</SHORT_TEXT>
     <IMPORT>
      <RSIMP>
       <PARAMETER>IS_BANK</PARAMETER>
       <REFERENCE>X</REFERENCE>
       <TYP>ZDBS_S007</TYP>
      </RSIMP>
     </IMPORT>
     <CHANGING>
      <RSCHA>
       <PARAMETER>CT_FATURA</PARAMETER>
       <REFERENCE>X</REFERENCE>
       <TYP>ZDBS_TT001</TYP>
      </RSCHA>
     </CHANGING>
     <DOCUMENTATION>
      <RSFDO>
       <PARAMETER>IS_BANK</PARAMETER>
       <KIND>P</KIND>
       <STEXT>Banka uyarlamaları key alanlar</STEXT>
      </RSFDO>
      <RSFDO>
       <PARAMETER>CT_FATURA</PARAMETER>
       <KIND>P</KIND>
       <STEXT>Fatura bilgileri</STEXT>
      </RSFDO>
     </DOCUMENTATION>
    </item>
   </FUNCTIONS>
  </asx:values>
 </asx:abap>
</abapGit>
