﻿<?xml version="1.0" encoding="utf-8"?>
<abapGit version="v1.0.0" serializer="LCL_OBJECT_DTEL" serializer_version="v1.0.0">
 <asx:abap xmlns:asx="http://www.sap.com/abapxml" version="1.0">
  <asx:values>
   <DD04V>
    <ROLLNAME>ZDBS_DE022</ROLLNAME>
    <DDLANGUAGE>T</DDLANGUAGE>
    <DOMNAME>CHAR10</DOMNAME>
    <HEADLEN>55</HEADLEN>
    <SCRLEN1>10</SCRLEN1>
    <SCRLEN2>20</SCRLEN2>
    <SCRLEN3>40</SCRLEN3>
    <DDTEXT>Banka dönüş kodu</DDTEXT>
    <REPTEXT>Banka dönüş kodu</REPTEXT>
    <SCRTEXT_S>Banka dönü</SCRTEXT_S>
    <SCRTEXT_M>Banka dönüş kodu</SCRTEXT_M>
    <SCRTEXT_L>Banka dönüş kodu</SCRTEXT_L>
    <DTELMASTER>T</DTELMASTER>
    <REFKIND>D</REFKIND>
   </DD04V>
  </asx:values>
 </asx:abap>
</abapGit>
