﻿<?xml version="1.0" encoding="utf-8"?>
<abapGit version="v1.0.0" serializer="LCL_OBJECT_MSAG" serializer_version="v1.0.0">
 <asx:abap xmlns:asx="http://www.sap.com/abapxml" version="1.0">
  <asx:values>
   <T100A>
    <ARBGB>ZDBS</ARBGB>
    <MASTERLANG>T</MASTERLANG>
    <STEXT>DBS Genel</STEXT>
   </T100A>
   <T100>
    <T100>
     <SPRSL>T</SPRSL>
     <ARBGB>ZDBS</ARBGB>
     <MSGNR>000</MSGNR>
     <TEXT>&amp; &amp; &amp; &amp;</TEXT>
    </T100>
    <T100>
     <SPRSL>T</SPRSL>
     <ARBGB>ZDBS</ARBGB>
     <MSGNR>001</MSGNR>
     <TEXT>&amp; şirket kodu &amp; banka uyarlamaları eksik!</TEXT>
    </T100>
    <T100>
     <SPRSL>T</SPRSL>
     <ARBGB>ZDBS</ARBGB>
     <MSGNR>002</MSGNR>
     <TEXT>Fatura eşleme bakımı eksik</TEXT>
    </T100>
    <T100>
     <SPRSL>T</SPRSL>
     <ARBGB>ZDBS</ARBGB>
     <MSGNR>003</MSGNR>
     <TEXT>Limit eşleme bakımı eksik</TEXT>
    </T100>
    <T100>
     <SPRSL>T</SPRSL>
     <ARBGB>ZDBS</ARBGB>
     <MSGNR>004</MSGNR>
     <TEXT>Müşteri bakım tablosunda bulunamadı!</TEXT>
    </T100>
    <T100>
     <SPRSL>T</SPRSL>
     <ARBGB>ZDBS</ARBGB>
     <MSGNR>005</MSGNR>
     <TEXT>&amp; şirketi &amp; bankası fonksiyon bakımları eksik!</TEXT>
    </T100>
    <T100>
     <SPRSL>T</SPRSL>
     <ARBGB>ZDBS</ARBGB>
     <MSGNR>006</MSGNR>
     <TEXT>Limit bilgisi bulunamadı!</TEXT>
    </T100>
    <T100>
     <SPRSL>T</SPRSL>
     <ARBGB>ZDBS</ARBGB>
     <MSGNR>007</MSGNR>
     <TEXT>&amp; bankası için numara alanı bakımı zorunlu!</TEXT>
    </T100>
    <T100>
     <SPRSL>T</SPRSL>
     <ARBGB>ZDBS</ARBGB>
     <MSGNR>008</MSGNR>
     <TEXT>&amp; güncelleme işlemi bulunmamakta, faturayı iptal edip yeniden gönderin.</TEXT>
    </T100>
    <T100>
     <SPRSL>T</SPRSL>
     <ARBGB>ZDBS</ARBGB>
     <MSGNR>009</MSGNR>
     <TEXT>&amp; banka uyarlamaları eksik!</TEXT>
    </T100>
    <T100>
     <SPRSL>T</SPRSL>
     <ARBGB>ZDBS</ARBGB>
     <MSGNR>010</MSGNR>
     <TEXT>&amp; şirket kodu &amp; banka için hesap uyarlamaları eksik(ZDBS_T013)</TEXT>
    </T100>
    <T100>
     <SPRSL>T</SPRSL>
     <ARBGB>ZDBS</ARBGB>
     <MSGNR>011</MSGNR>
     <TEXT>&amp; şirket kodu için yetkiniz bulunmamakta!</TEXT>
    </T100>
    <T100>
     <SPRSL>T</SPRSL>
     <ARBGB>ZDBS</ARBGB>
     <MSGNR>012</MSGNR>
     <TEXT>DBS Belgesidir, ters kaydı alınamaz!</TEXT>
    </T100>
    <T100>
     <SPRSL>T</SPRSL>
     <ARBGB>ZDBS</ARBGB>
     <MSGNR>013</MSGNR>
     <TEXT>DBS Belgesinde referans değişikliği yapılamaz!</TEXT>
    </T100>
    <T100>
     <SPRSL>T</SPRSL>
     <ARBGB>ZDBS</ARBGB>
     <MSGNR>014</MSGNR>
     <TEXT>DBS Belgesinde net vade tarihi değiştirilemez!</TEXT>
    </T100>
    <T100>
     <SPRSL>T</SPRSL>
     <ARBGB>ZDBS</ARBGB>
     <MSGNR>015</MSGNR>
     <TEXT>DBS Belgesinde Banka bilgisi değiştirilemez!</TEXT>
    </T100>
    <T100>
     <SPRSL>T</SPRSL>
     <ARBGB>ZDBS</ARBGB>
     <MSGNR>016</MSGNR>
     <TEXT>DBS Belgesinde Ödeme biçimi değiştirilemez!</TEXT>
    </T100>
    <T100>
     <SPRSL>T</SPRSL>
     <ARBGB>ZDBS</ARBGB>
     <MSGNR>017</MSGNR>
     <TEXT>&amp; güncelleme işlemi bulunmamakta, faturayı iptal edip yeniden gönderin.</TEXT>
    </T100>
    <T100>
     <SPRSL>T</SPRSL>
     <ARBGB>ZDBS</ARBGB>
     <MSGNR>018</MSGNR>
     <TEXT>&amp; bankası için numara alanı bakımı zorunlu!</TEXT>
    </T100>
   </T100>
  </asx:values>
 </asx:abap>
</abapGit>
