﻿<?xml version="1.0" encoding="utf-8"?>
<abapGit version="v1.0.0" serializer="LCL_OBJECT_CLAS" serializer_version="v1.0.0">
 <asx:abap xmlns:asx="http://www.sap.com/abapxml" version="1.0">
  <asx:values>
   <VSEOCLASS>
    <CLSNAME>ZDBS_AKBCO_SERVICE_SOAP</CLSNAME>
    <LANGU>T</LANGU>
    <DESCRIPT>Proxy Class (generated)</DESCRIPT>
    <STATE>1</STATE>
    <CLSCCINCL>X</CLSCCINCL>
    <FIXPT>X</FIXPT>
    <UNICODE>X</UNICODE>
    <RSTAT>P</RSTAT>
    <CLSPROXY>X</CLSPROXY>
   </VSEOCLASS>
   <DESCRIPTIONS>
    <SEOCOMPOTX>
     <CLSNAME>ZDBS_AKBCO_SERVICE_SOAP</CLSNAME>
     <CMPNAME>BEKLEYEN_FATURALAR</CMPNAME>
     <LANGU>T</LANGU>
     <DESCRIPT>Bir bayiye ait bekleyen (hiç tahsil edilmemiş) faturaları dö</DESCRIPT>
    </SEOCOMPOTX>
    <SEOCOMPOTX>
     <CLSNAME>ZDBS_AKBCO_SERVICE_SOAP</CLSNAME>
     <CMPNAME>FATURA_SORGULA</CMPNAME>
     <LANGU>T</LANGU>
     <DESCRIPT>Fatura No ile sorgulama yapar ve fatura bilgilerini döndürür</DESCRIPT>
    </SEOCOMPOTX>
    <SEOCOMPOTX>
     <CLSNAME>ZDBS_AKBCO_SERVICE_SOAP</CLSNAME>
     <CMPNAME>GUNLUK_TAHSILAT_SORGULA</CMPNAME>
     <LANGU>T</LANGU>
     <DESCRIPT>Bir bayinin, bir tarihteki kısmi ya da tamamı tahsil edilmiş</DESCRIPT>
    </SEOCOMPOTX>
    <SEOCOMPOTX>
     <CLSNAME>ZDBS_AKBCO_SERVICE_SOAP</CLSNAME>
     <CMPNAME>LIMIT_SORGU</CMPNAME>
     <LANGU>T</LANGU>
     <DESCRIPT>DBS sistemindeki bayilerin limit bilgilerini verir</DESCRIPT>
    </SEOCOMPOTX>
    <SEOCOMPOTX>
     <CLSNAME>ZDBS_AKBCO_SERVICE_SOAP</CLSNAME>
     <CMPNAME>PESIN_FATURA_YUKLE</CMPNAME>
     <LANGU>T</LANGU>
     <DESCRIPT>Bugün vadeli fatura yükleme (her mesajda tek fatura alır)</DESCRIPT>
    </SEOCOMPOTX>
    <SEOCOMPOTX>
     <CLSNAME>ZDBS_AKBCO_SERVICE_SOAP</CLSNAME>
     <CMPNAME>VADELI_FATURA_YUKLE</CMPNAME>
     <LANGU>T</LANGU>
     <DESCRIPT>İleri vadeli fatura yükleme (her mesajda tek fatura alır)</DESCRIPT>
    </SEOCOMPOTX>
   </DESCRIPTIONS>
  </asx:values>
 </asx:abap>
</abapGit>
