﻿<?xml version="1.0" encoding="utf-8"?>
<abapGit version="v1.0.0" serializer="LCL_OBJECT_CLAS" serializer_version="v1.0.0">
 <asx:abap xmlns:asx="http://www.sap.com/abapxml" version="1.0">
  <asx:values>
   <VSEOCLASS>
    <CLSNAME>ZDBS_YKBCO_ONLINE_DBSSOAP</CLSNAME>
    <LANGU>T</LANGU>
    <DESCRIPT>Proxy Class (generated)</DESCRIPT>
    <STATE>1</STATE>
    <CLSCCINCL>X</CLSCCINCL>
    <FIXPT>X</FIXPT>
    <UNICODE>X</UNICODE>
    <RSTAT>P</RSTAT>
    <CLSPROXY>X</CLSPROXY>
   </VSEOCLASS>
   <DESCRIPTIONS>
    <SEOCOMPOTX>
     <CLSNAME>ZDBS_YKBCO_ONLINE_DBSSOAP</CLSNAME>
     <CMPNAME>FATURA_BILGISI</CMPNAME>
     <LANGU>T</LANGU>
     <DESCRIPT>Fatura Bilgi</DESCRIPT>
    </SEOCOMPOTX>
    <SEOCOMPOTX>
     <CLSNAME>ZDBS_YKBCO_ONLINE_DBSSOAP</CLSNAME>
     <CMPNAME>FATURA_GUNCELLEME</CMPNAME>
     <LANGU>T</LANGU>
     <DESCRIPT>Fatura Guncelleme</DESCRIPT>
    </SEOCOMPOTX>
    <SEOCOMPOTX>
     <CLSNAME>ZDBS_YKBCO_ONLINE_DBSSOAP</CLSNAME>
     <CMPNAME>FATURA_SORGU</CMPNAME>
     <LANGU>T</LANGU>
     <DESCRIPT>Fatura Sorgu</DESCRIPT>
    </SEOCOMPOTX>
    <SEOCOMPOTX>
     <CLSNAME>ZDBS_YKBCO_ONLINE_DBSSOAP</CLSNAME>
     <CMPNAME>GENEL_LIMIT_SORGU</CMPNAME>
     <LANGU>T</LANGU>
     <DESCRIPT>Genel Limit Sorgu</DESCRIPT>
    </SEOCOMPOTX>
    <SEOCOMPOTX>
     <CLSNAME>ZDBS_YKBCO_ONLINE_DBSSOAP</CLSNAME>
     <CMPNAME>LIMIT_SORGU</CMPNAME>
     <LANGU>T</LANGU>
     <DESCRIPT>Limit Sorgu</DESCRIPT>
    </SEOCOMPOTX>
    <SEOCOMPOTX>
     <CLSNAME>ZDBS_YKBCO_ONLINE_DBSSOAP</CLSNAME>
     <CMPNAME>PESIN_IPTAL</CMPNAME>
     <LANGU>T</LANGU>
     <DESCRIPT>Pesin Fatura Iptal</DESCRIPT>
    </SEOCOMPOTX>
    <SEOCOMPOTX>
     <CLSNAME>ZDBS_YKBCO_ONLINE_DBSSOAP</CLSNAME>
     <CMPNAME>PESIN_ODEME</CMPNAME>
     <LANGU>T</LANGU>
     <DESCRIPT>Pesin Fatura Odeme</DESCRIPT>
    </SEOCOMPOTX>
    <SEOCOMPOTX>
     <CLSNAME>ZDBS_YKBCO_ONLINE_DBSSOAP</CLSNAME>
     <CMPNAME>TAKSIT_IPTAL</CMPNAME>
     <LANGU>T</LANGU>
     <DESCRIPT>Taksitli Fatura Iptal</DESCRIPT>
    </SEOCOMPOTX>
    <SEOCOMPOTX>
     <CLSNAME>ZDBS_YKBCO_ONLINE_DBSSOAP</CLSNAME>
     <CMPNAME>TAKSIT_YARAT</CMPNAME>
     <LANGU>T</LANGU>
     <DESCRIPT>Taksitli Fatura Kaydi</DESCRIPT>
    </SEOCOMPOTX>
   </DESCRIPTIONS>
  </asx:values>
 </asx:abap>
</abapGit>
