﻿<?xml version="1.0" encoding="utf-8"?>
<abapGit version="v1.0.0" serializer="LCL_OBJECT_CLAS" serializer_version="v1.0.0">
 <asx:abap xmlns:asx="http://www.sap.com/abapxml" version="1.0">
  <asx:values>
   <VSEOCLASS>
    <CLSNAME>ZDBS_SEKCO_SEKERBANK_NAKIT_YON</CLSNAME>
    <LANGU>T</LANGU>
    <DESCRIPT>Proxy Class (generated)</DESCRIPT>
    <STATE>1</STATE>
    <CLSCCINCL>X</CLSCCINCL>
    <FIXPT>X</FIXPT>
    <UNICODE>X</UNICODE>
    <RSTAT>P</RSTAT>
    <CLSPROXY>X</CLSPROXY>
   </VSEOCLASS>
   <DESCRIPTIONS>
    <SEOCOMPOTX>
     <CLSNAME>ZDBS_SEKCO_SEKERBANK_NAKIT_YON</CLSNAME>
     <CMPNAME>DBS_DELETE_INVOICE</CMPNAME>
     <LANGU>T</LANGU>
     <DESCRIPT>DBS fatura bilgilerinin silinmesini sağlar</DESCRIPT>
    </SEOCOMPOTX>
    <SEOCOMPOTX>
     <CLSNAME>ZDBS_SEKCO_SEKERBANK_NAKIT_YON</CLSNAME>
     <CMPNAME>DBS_GET_INVOICES_BY_DATE</CMPNAME>
     <LANGU>T</LANGU>
     <DESCRIPT>DBS Ana firmasına ait tüm bayilerin belli bir tarih aralığın</DESCRIPT>
    </SEOCOMPOTX>
    <SEOCOMPOTX>
     <CLSNAME>ZDBS_SEKCO_SEKERBANK_NAKIT_YON</CLSNAME>
     <CMPNAME>DBS_GET_RETAIL_LIST</CMPNAME>
     <LANGU>T</LANGU>
     <DESCRIPT>DBS Ana firmasına ait tüm bayilerin listesini döner.</DESCRIPT>
    </SEOCOMPOTX>
    <SEOCOMPOTX>
     <CLSNAME>ZDBS_SEKCO_SEKERBANK_NAKIT_YON</CLSNAME>
     <CMPNAME>DBS_INSERT_INVOICE</CMPNAME>
     <LANGU>T</LANGU>
     <DESCRIPT>DBS fatura girişi sağlar</DESCRIPT>
    </SEOCOMPOTX>
    <SEOCOMPOTX>
     <CLSNAME>ZDBS_SEKCO_SEKERBANK_NAKIT_YON</CLSNAME>
     <CMPNAME>DBS_UPDATE_INVOICE</CMPNAME>
     <LANGU>T</LANGU>
     <DESCRIPT>DBS fatura bilgilerinin güncellenmesini sağlar</DESCRIPT>
    </SEOCOMPOTX>
    <SEOCOMPOTX>
     <CLSNAME>ZDBS_SEKCO_SEKERBANK_NAKIT_YON</CLSNAME>
     <CMPNAME>GET_TRANSACTIONS_BY_TRANSACTIO</CMPNAME>
     <LANGU>T</LANGU>
     <DESCRIPT>Firmanın tanımlı hesaplarının belirli bir aralıkta hesap har</DESCRIPT>
    </SEOCOMPOTX>
    <SEOCOMPOTX>
     <CLSNAME>ZDBS_SEKCO_SEKERBANK_NAKIT_YON</CLSNAME>
     <CMPNAME>KKB_CONTROL_IBANFROM_KKB</CMPNAME>
     <LANGU>T</LANGU>
     <DESCRIPT>KKB üzerinden IBANın doğruluğunu kontrol eder.</DESCRIPT>
    </SEOCOMPOTX>
    <SEOCOMPOTX>
     <CLSNAME>ZDBS_SEKCO_SEKERBANK_NAKIT_YON</CLSNAME>
     <CMPNAME>KKB_IBANTEYIT_FROM_KKB</CMPNAME>
     <LANGU>T</LANGU>
     <DESCRIPT>KKB üzerinden IBAN numarası bilinen kişinin kimlik teyidine</DESCRIPT>
    </SEOCOMPOTX>
    <SEOCOMPOTX>
     <CLSNAME>ZDBS_SEKCO_SEKERBANK_NAKIT_YON</CLSNAME>
     <CMPNAME>TO_GET_RESULT_OF_FILE</CMPNAME>
     <LANGU>T</LANGU>
     <DESCRIPT>Toplu Ödeme dosyanın içindeki kayıtların akibetini sorgular.</DESCRIPT>
    </SEOCOMPOTX>
    <SEOCOMPOTX>
     <CLSNAME>ZDBS_SEKCO_SEKERBANK_NAKIT_YON</CLSNAME>
     <CMPNAME>TO_SEND_RECORDS</CMPNAME>
     <LANGU>T</LANGU>
     <DESCRIPT>Toplu Ödeme kayıtlarını gönderir.Servis, kriter olarak giril</DESCRIPT>
    </SEOCOMPOTX>
    <SEOCOMPOTX>
     <CLSNAME>ZDBS_SEKCO_SEKERBANK_NAKIT_YON</CLSNAME>
     <CMPNAME>TO_SEND_RECORDS_AND_TRANSFER_I</CMPNAME>
     <LANGU>T</LANGU>
     <DESCRIPT>Toplu Ödeme kayıtlarını gönderir.Servis, kriter olarak giril</DESCRIPT>
    </SEOCOMPOTX>
    <SEOCOMPOTX>
     <CLSNAME>ZDBS_SEKCO_SEKERBANK_NAKIT_YON</CLSNAME>
     <CMPNAME>TO_SEND_RECORDS_FOR_VALIDATE</CMPNAME>
     <LANGU>T</LANGU>
     <DESCRIPT>Bu servis, toplu ödeme servisine yapılan isteği kayıt işlemi</DESCRIPT>
    </SEOCOMPOTX>
   </DESCRIPTIONS>
  </asx:values>
 </asx:abap>
</abapGit>
