﻿<?xml version="1.0" encoding="utf-8"?>
<abapGit version="v1.0.0" serializer="LCL_OBJECT_DTEL" serializer_version="v1.0.0">
 <asx:abap xmlns:asx="http://www.sap.com/abapxml" version="1.0">
  <asx:values>
   <DD04V>
    <ROLLNAME>ZDBS_DE019</ROLLNAME>
    <DDLANGUAGE>T</DDLANGUAGE>
    <DOMNAME>ZDBS_DM004</DOMNAME>
    <HEADLEN>50</HEADLEN>
    <SCRLEN1>10</SCRLEN1>
    <SCRLEN2>20</SCRLEN2>
    <SCRLEN3>40</SCRLEN3>
    <DDTEXT>Sabit değer</DDTEXT>
    <REPTEXT>Sabit değer</REPTEXT>
    <SCRTEXT_S>Sabit değe</SCRTEXT_S>
    <SCRTEXT_M>Sabit değer</SCRTEXT_M>
    <SCRTEXT_L>Sabit değer</SCRTEXT_L>
    <DTELMASTER>T</DTELMASTER>
    <REFKIND>D</REFKIND>
   </DD04V>
  </asx:values>
 </asx:abap>
</abapGit>
