﻿<?xml version="1.0" encoding="utf-8"?>
<abapGit version="v1.0.0" serializer="LCL_OBJECT_FUGR" serializer_version="v1.0.0">
 <asx:abap xmlns:asx="http://www.sap.com/abapxml" version="1.0">
  <asx:values>
   <AREAT>DBS mapping FG</AREAT>
   <INCLUDES>
    <SOBJ_NAME>LZDBS_FG001TOP</SOBJ_NAME>
    <SOBJ_NAME>SAPLZDBS_FG001</SOBJ_NAME>
   </INCLUDES>
   <FUNCTIONS>
    <item>
     <FUNCNAME>ZDBS_FG001_001</FUNCNAME>
     <SHORT_TEXT>Fatura gönderim map</SHORT_TEXT>
     <IMPORT>
      <RSIMP>
       <PARAMETER>IV_HBKID</PARAMETER>
       <OPTIONAL>X</OPTIONAL>
       <REFERENCE>X</REFERENCE>
       <TYP>HBKID</TYP>
      </RSIMP>
      <RSIMP>
       <PARAMETER>IV_BUKRS</PARAMETER>
       <OPTIONAL>X</OPTIONAL>
       <REFERENCE>X</REFERENCE>
       <TYP>BUKRS</TYP>
      </RSIMP>
      <RSIMP>
       <PARAMETER>IV_DBSTY</PARAMETER>
       <OPTIONAL>X</OPTIONAL>
       <REFERENCE>X</REFERENCE>
       <TYP>ZDBS_DE010</TYP>
      </RSIMP>
      <RSIMP>
       <PARAMETER>IS_FATURA</PARAMETER>
       <REFERENCE>X</REFERENCE>
       <TYP>ZDBS_S005</TYP>
      </RSIMP>
     </IMPORT>
     <CHANGING>
      <RSCHA>
       <PARAMETER>CS_DATA</PARAMETER>
       <OPTIONAL>X</OPTIONAL>
       <REFERENCE>X</REFERENCE>
       <TYP>ANY</TYP>
      </RSCHA>
     </CHANGING>
     <DOCUMENTATION>
      <RSFDO>
       <PARAMETER>IV_HBKID</PARAMETER>
       <KIND>P</KIND>
       <STEXT>Ana banka için kısa anahtar</STEXT>
      </RSFDO>
      <RSFDO>
       <PARAMETER>IV_BUKRS</PARAMETER>
       <KIND>P</KIND>
       <STEXT>Şirket kodu</STEXT>
      </RSFDO>
      <RSFDO>
       <PARAMETER>IV_DBSTY</PARAMETER>
       <KIND>P</KIND>
       <STEXT>DBS Tip(Peşin/Vadeli)</STEXT>
      </RSFDO>
      <RSFDO>
       <PARAMETER>IS_FATURA</PARAMETER>
       <KIND>P</KIND>
       <STEXT>Fatura structure</STEXT>
      </RSFDO>
      <RSFDO>
       <PARAMETER>CS_DATA</PARAMETER>
       <KIND>P</KIND>
      </RSFDO>
     </DOCUMENTATION>
    </item>
    <item>
     <FUNCNAME>ZDBS_FG001_002</FUNCNAME>
     <SHORT_TEXT>Limit mapping</SHORT_TEXT>
     <IMPORT>
      <RSIMP>
       <PARAMETER>IV_HBKID</PARAMETER>
       <OPTIONAL>X</OPTIONAL>
       <REFERENCE>X</REFERENCE>
       <TYP>HBKID</TYP>
      </RSIMP>
      <RSIMP>
       <PARAMETER>IV_BUKRS</PARAMETER>
       <OPTIONAL>X</OPTIONAL>
       <REFERENCE>X</REFERENCE>
       <TYP>BUKRS</TYP>
      </RSIMP>
      <RSIMP>
       <PARAMETER>IV_DBSTY</PARAMETER>
       <OPTIONAL>X</OPTIONAL>
       <REFERENCE>X</REFERENCE>
       <TYP>ZDBS_DE010</TYP>
      </RSIMP>
      <RSIMP>
       <PARAMETER>IV_STRUCTNAME</PARAMETER>
       <OPTIONAL>X</OPTIONAL>
       <REFERENCE>X</REFERENCE>
       <TYP>TABNAME</TYP>
      </RSIMP>
      <RSIMP>
       <PARAMETER>IS_BANK</PARAMETER>
       <OPTIONAL>X</OPTIONAL>
       <REFERENCE>X</REFERENCE>
       <TYP>ZDBS_S007</TYP>
      </RSIMP>
      <RSIMP>
       <PARAMETER>IS_DATA</PARAMETER>
       <OPTIONAL>X</OPTIONAL>
       <REFERENCE>X</REFERENCE>
       <TYP>ANY</TYP>
      </RSIMP>
     </IMPORT>
     <CHANGING>
      <RSCHA>
       <PARAMETER>CS_LIMIT</PARAMETER>
       <REFERENCE>X</REFERENCE>
       <TYP>ZDBS_S006</TYP>
      </RSCHA>
     </CHANGING>
     <DOCUMENTATION>
      <RSFDO>
       <PARAMETER>IV_HBKID</PARAMETER>
       <KIND>P</KIND>
       <STEXT>Ana banka için kısa anahtar</STEXT>
      </RSFDO>
      <RSFDO>
       <PARAMETER>IV_BUKRS</PARAMETER>
       <KIND>P</KIND>
       <STEXT>Şirket kodu</STEXT>
      </RSFDO>
      <RSFDO>
       <PARAMETER>IV_DBSTY</PARAMETER>
       <KIND>P</KIND>
       <STEXT>DBS Tip(Peşin/Vadeli)</STEXT>
      </RSFDO>
      <RSFDO>
       <PARAMETER>IV_STRUCTNAME</PARAMETER>
       <KIND>P</KIND>
       <STEXT>Tablo adı</STEXT>
      </RSFDO>
      <RSFDO>
       <PARAMETER>IS_BANK</PARAMETER>
       <KIND>P</KIND>
       <STEXT>Banka uyarlamaları key alanlar</STEXT>
      </RSFDO>
      <RSFDO>
       <PARAMETER>IS_DATA</PARAMETER>
       <KIND>P</KIND>
      </RSFDO>
      <RSFDO>
       <PARAMETER>CS_LIMIT</PARAMETER>
       <KIND>P</KIND>
       <STEXT>Limit structure</STEXT>
      </RSFDO>
     </DOCUMENTATION>
    </item>
    <item>
     <FUNCNAME>ZDBS_FG001_003</FUNCNAME>
     <SHORT_TEXT>Tahsilat mapping</SHORT_TEXT>
     <IMPORT>
      <RSIMP>
       <PARAMETER>IV_HBKID</PARAMETER>
       <OPTIONAL>X</OPTIONAL>
       <REFERENCE>X</REFERENCE>
       <TYP>HBKID</TYP>
      </RSIMP>
      <RSIMP>
       <PARAMETER>IV_BUKRS</PARAMETER>
       <OPTIONAL>X</OPTIONAL>
       <REFERENCE>X</REFERENCE>
       <TYP>BUKRS</TYP>
      </RSIMP>
      <RSIMP>
       <PARAMETER>IV_DBSTY</PARAMETER>
       <OPTIONAL>X</OPTIONAL>
       <REFERENCE>X</REFERENCE>
       <TYP>ZDBS_DE010</TYP>
      </RSIMP>
      <RSIMP>
       <PARAMETER>IV_STRUCTNAME</PARAMETER>
       <OPTIONAL>X</OPTIONAL>
       <REFERENCE>X</REFERENCE>
       <TYP>TABNAME</TYP>
      </RSIMP>
      <RSIMP>
       <PARAMETER>IS_DATA</PARAMETER>
       <OPTIONAL>X</OPTIONAL>
       <REFERENCE>X</REFERENCE>
       <TYP>ANY</TYP>
      </RSIMP>
     </IMPORT>
     <EXPORT>
      <RSEXP>
       <PARAMETER>CS_FATURA</PARAMETER>
       <REFERENCE>X</REFERENCE>
       <TYP>ZDBS_S005</TYP>
      </RSEXP>
     </EXPORT>
     <DOCUMENTATION>
      <RSFDO>
       <PARAMETER>IV_HBKID</PARAMETER>
       <KIND>P</KIND>
       <STEXT>Ana banka için kısa anahtar</STEXT>
      </RSFDO>
      <RSFDO>
       <PARAMETER>IV_BUKRS</PARAMETER>
       <KIND>P</KIND>
       <STEXT>Şirket kodu</STEXT>
      </RSFDO>
      <RSFDO>
       <PARAMETER>IV_DBSTY</PARAMETER>
       <KIND>P</KIND>
       <STEXT>DBS Tip(Peşin/Vadeli)</STEXT>
      </RSFDO>
      <RSFDO>
       <PARAMETER>IV_STRUCTNAME</PARAMETER>
       <KIND>P</KIND>
       <STEXT>Tablo adı</STEXT>
      </RSFDO>
      <RSFDO>
       <PARAMETER>IS_DATA</PARAMETER>
       <KIND>P</KIND>
      </RSFDO>
      <RSFDO>
       <PARAMETER>CS_FATURA</PARAMETER>
       <KIND>P</KIND>
       <STEXT>Fatura structure</STEXT>
      </RSFDO>
     </DOCUMENTATION>
    </item>
   </FUNCTIONS>
  </asx:values>
 </asx:abap>
</abapGit>
