﻿<?xml version="1.0" encoding="utf-8"?>
<abapGit version="v1.0.0" serializer="LCL_OBJECT_FUGR" serializer_version="v1.0.0">
 <asx:abap xmlns:asx="http://www.sap.com/abapxml" version="1.0">
  <asx:values>
   <AREAT>Genişletilmiş tablo bakımı (üretilmiş)</AREAT>
   <INCLUDES>
    <SOBJ_NAME>LZDBS_T001F00</SOBJ_NAME>
    <SOBJ_NAME>LZDBS_T001I00</SOBJ_NAME>
    <SOBJ_NAME>LZDBS_T001TOP</SOBJ_NAME>
    <SOBJ_NAME>LZDBS_T001T00</SOBJ_NAME>
    <SOBJ_NAME>SAPLZDBS_T001</SOBJ_NAME>
   </INCLUDES>
   <FUNCTIONS>
    <item>
     <FUNCNAME>TABLEFRAME_ZDBS_T001</FUNCNAME>
     <SHORT_TEXT>Genişletilmiş tablo bakımı: Üst düzey</SHORT_TEXT>
     <IMPORT>
      <RSIMP>
       <PARAMETER>VIEW_ACTION</PARAMETER>
       <DEFAULT>&apos;S&apos;</DEFAULT>
      </RSIMP>
      <RSIMP>
       <PARAMETER>VIEW_NAME</PARAMETER>
       <DBFIELD>DD02V-TABNAME</DBFIELD>
      </RSIMP>
      <RSIMP>
       <PARAMETER>CORR_NUMBER</PARAMETER>
       <DBFIELD>E070-TRKORR</DBFIELD>
       <DEFAULT>&apos; &apos;</DEFAULT>
      </RSIMP>
     </IMPORT>
     <TABLES>
      <RSTBL>
       <PARAMETER>DBA_SELLIST</PARAMETER>
       <DBSTRUCT>VIMSELLIST</DBSTRUCT>
      </RSTBL>
      <RSTBL>
       <PARAMETER>DPL_SELLIST</PARAMETER>
       <DBSTRUCT>VIMSELLIST</DBSTRUCT>
      </RSTBL>
      <RSTBL>
       <PARAMETER>EXCL_CUA_FUNCT</PARAMETER>
       <DBSTRUCT>VIMEXCLFUN</DBSTRUCT>
      </RSTBL>
      <RSTBL>
       <PARAMETER>X_HEADER</PARAMETER>
       <DBSTRUCT>VIMDESC</DBSTRUCT>
      </RSTBL>
      <RSTBL>
       <PARAMETER>X_NAMTAB</PARAMETER>
       <DBSTRUCT>VIMNAMTAB</DBSTRUCT>
      </RSTBL>
     </TABLES>
     <EXCEPTION>
      <RSEXC>
       <EXCEPTION>MISSING_CORR_NUMBER</EXCEPTION>
      </RSEXC>
     </EXCEPTION>
     <DOCUMENTATION>
      <RSFDO>
       <PARAMETER>VIEW_ACTION</PARAMETER>
       <KIND>P</KIND>
       <STEXT>Aktion mit Tabelle: anz./änd./transp. (S/U/T)</STEXT>
      </RSFDO>
      <RSFDO>
       <PARAMETER>VIEW_NAME</PARAMETER>
       <KIND>P</KIND>
       <STEXT>Name der Tabelle</STEXT>
      </RSFDO>
      <RSFDO>
       <PARAMETER>CORR_NUMBER</PARAMETER>
       <KIND>P</KIND>
       <STEXT>Korrekturnummer für durchgeführte Änderungen</STEXT>
      </RSFDO>
      <RSFDO>
       <PARAMETER>DBA_SELLIST</PARAMETER>
       <KIND>P</KIND>
       <STEXT>Selektionsbedingungen für den DB-Zugriff</STEXT>
      </RSFDO>
      <RSFDO>
       <PARAMETER>DPL_SELLIST</PARAMETER>
       <KIND>P</KIND>
       <STEXT>Selektionsbedingungen für die Anzeige</STEXT>
      </RSFDO>
      <RSFDO>
       <PARAMETER>EXCL_CUA_FUNCT</PARAMETER>
       <KIND>P</KIND>
       <STEXT>Tabelle mit dynam. zu deaktivierenden CUA-Funkt.</STEXT>
      </RSFDO>
      <RSFDO>
       <PARAMETER>X_HEADER</PARAMETER>
       <KIND>P</KIND>
       <STEXT>Kontrollblocktabelle für die Tabelle</STEXT>
      </RSFDO>
      <RSFDO>
       <PARAMETER>X_NAMTAB</PARAMETER>
       <KIND>P</KIND>
       <STEXT>Kontrollblocktabelle für die Tabellen-Felder</STEXT>
      </RSFDO>
      <RSFDO>
       <PARAMETER>MISSING_CORR_NUMBER</PARAMETER>
       <KIND>X</KIND>
       <STEXT>Korrekturnummer fehlt</STEXT>
      </RSFDO>
     </DOCUMENTATION>
    </item>
    <item>
     <FUNCNAME>TABLEPROC_ZDBS_T001</FUNCNAME>
     <GLOBAL_FLAG>X</GLOBAL_FLAG>
     <SHORT_TEXT>Genişletilmiş tablo bakımı: Alt düzey</SHORT_TEXT>
     <IMPORT>
      <RSIMP>
       <PARAMETER>FCODE</PARAMETER>
       <DEFAULT>&apos;RDED&apos;</DEFAULT>
      </RSIMP>
      <RSIMP>
       <PARAMETER>VIEW_ACTION</PARAMETER>
       <DEFAULT>&apos;S&apos;</DEFAULT>
      </RSIMP>
      <RSIMP>
       <PARAMETER>VIEW_NAME</PARAMETER>
       <DBFIELD>DD02V-TABNAME</DBFIELD>
      </RSIMP>
      <RSIMP>
       <PARAMETER>CORR_NUMBER</PARAMETER>
       <DBFIELD>E070-TRKORR</DBFIELD>
       <DEFAULT>&apos; &apos;</DEFAULT>
      </RSIMP>
     </IMPORT>
     <EXPORT>
      <RSEXP>
       <PARAMETER>LAST_ACT_ENTRY</PARAMETER>
      </RSEXP>
      <RSEXP>
       <PARAMETER>UCOMM</PARAMETER>
      </RSEXP>
      <RSEXP>
       <PARAMETER>UPDATE_REQUIRED</PARAMETER>
      </RSEXP>
     </EXPORT>
     <TABLES>
      <RSTBL>
       <PARAMETER>CORR_KEYTAB</PARAMETER>
       <DBSTRUCT>E071K</DBSTRUCT>
      </RSTBL>
      <RSTBL>
       <PARAMETER>DBA_SELLIST</PARAMETER>
       <DBSTRUCT>VIMSELLIST</DBSTRUCT>
      </RSTBL>
      <RSTBL>
       <PARAMETER>DPL_SELLIST</PARAMETER>
       <DBSTRUCT>VIMSELLIST</DBSTRUCT>
      </RSTBL>
      <RSTBL>
       <PARAMETER>EXCL_CUA_FUNCT</PARAMETER>
       <DBSTRUCT>VIMEXCLFUN</DBSTRUCT>
      </RSTBL>
      <RSTBL>
       <PARAMETER>EXTRACT</PARAMETER>
      </RSTBL>
      <RSTBL>
       <PARAMETER>TOTAL</PARAMETER>
      </RSTBL>
      <RSTBL>
       <PARAMETER>X_HEADER</PARAMETER>
       <DBSTRUCT>VIMDESC</DBSTRUCT>
      </RSTBL>
      <RSTBL>
       <PARAMETER>X_NAMTAB</PARAMETER>
       <DBSTRUCT>VIMNAMTAB</DBSTRUCT>
      </RSTBL>
     </TABLES>
     <EXCEPTION>
      <RSEXC>
       <EXCEPTION>MISSING_CORR_NUMBER</EXCEPTION>
      </RSEXC>
      <RSEXC>
       <EXCEPTION>SAVING_CORRECTION_FAILED</EXCEPTION>
      </RSEXC>
     </EXCEPTION>
     <DOCUMENTATION>
      <RSFDO>
       <PARAMETER>FCODE</PARAMETER>
       <KIND>P</KIND>
       <STEXT>gewünschte Funktion des Bausteins</STEXT>
      </RSFDO>
      <RSFDO>
       <PARAMETER>VIEW_ACTION</PARAMETER>
       <KIND>P</KIND>
       <STEXT>Aktion mit Tabelle: anz./änd./transp. (S/U/T)</STEXT>
      </RSFDO>
      <RSFDO>
       <PARAMETER>VIEW_NAME</PARAMETER>
       <KIND>P</KIND>
       <STEXT>Name der Tabelle</STEXT>
      </RSFDO>
      <RSFDO>
       <PARAMETER>CORR_NUMBER</PARAMETER>
       <KIND>P</KIND>
       <STEXT>Korrekturnummer für durchgeführte Änderungen</STEXT>
      </RSFDO>
      <RSFDO>
       <PARAMETER>LAST_ACT_ENTRY</PARAMETER>
       <KIND>P</KIND>
       <STEXT>Index der Cursorposition in der Anzeigetabelle</STEXT>
      </RSFDO>
      <RSFDO>
       <PARAMETER>UCOMM</PARAMETER>
       <KIND>P</KIND>
       <STEXT>letztes User-command innerhalb der Viewpflege</STEXT>
      </RSFDO>
      <RSFDO>
       <PARAMETER>UPDATE_REQUIRED</PARAMETER>
       <KIND>P</KIND>
       <STEXT>Flag: Einträge verändert, Sichern erforderlich</STEXT>
      </RSFDO>
      <RSFDO>
       <PARAMETER>CORR_KEYTAB</PARAMETER>
       <KIND>P</KIND>
       <STEXT>Tabelle mit den Keys der zu transport. Einträge</STEXT>
      </RSFDO>
      <RSFDO>
       <PARAMETER>DBA_SELLIST</PARAMETER>
       <KIND>P</KIND>
       <STEXT>Selektionsbedingungen für den DB-Zugriff</STEXT>
      </RSFDO>
      <RSFDO>
       <PARAMETER>DPL_SELLIST</PARAMETER>
       <KIND>P</KIND>
       <STEXT>Selektionsbedingungen für die Anzeige</STEXT>
      </RSFDO>
      <RSFDO>
       <PARAMETER>EXCL_CUA_FUNCT</PARAMETER>
       <KIND>P</KIND>
       <STEXT>Tab. der nicht zu aktivierenden CUA-Funktionen</STEXT>
      </RSFDO>
      <RSFDO>
       <PARAMETER>EXTRACT</PARAMETER>
       <KIND>P</KIND>
       <STEXT>Tab. der gerade sichtbaren Daten (Anzeigetabelle</STEXT>
      </RSFDO>
      <RSFDO>
       <PARAMETER>TOTAL</PARAMETER>
       <KIND>P</KIND>
       <STEXT>Tabelle, mit allen von der DB gelesenen Daten</STEXT>
      </RSFDO>
      <RSFDO>
       <PARAMETER>X_HEADER</PARAMETER>
       <KIND>P</KIND>
       <STEXT>Kontrollblocktabelle für die Tabelle</STEXT>
      </RSFDO>
      <RSFDO>
       <PARAMETER>X_NAMTAB</PARAMETER>
       <KIND>P</KIND>
       <STEXT>Kontrollblocktabelle für die Tabellen-Felder</STEXT>
      </RSFDO>
      <RSFDO>
       <PARAMETER>MISSING_CORR_NUMBER</PARAMETER>
       <KIND>X</KIND>
       <STEXT>Korrekturnummer fehlt</STEXT>
      </RSFDO>
      <RSFDO>
       <PARAMETER>SAVING_CORRECTION_FAILED</PARAMETER>
       <KIND>X</KIND>
       <STEXT>Fehler beim Sichern der Korrektureinträge</STEXT>
      </RSFDO>
     </DOCUMENTATION>
    </item>
   </FUNCTIONS>
   <DYNPROS>
    <item>
     <HEADER>
      <PROGRAM>SAPLZDBS_T001</PROGRAM>
      <SCREEN>0001</SCREEN>
      <LANGUAGE>T</LANGUAGE>
      <DESCRIPT>Görünüm bakımı: Genel bakış ekranı ZDBS_T001</DESCRIPT>
      <TYPE>N</TYPE>
      <NEXTSCREEN>0001</NEXTSCREEN>
      <LINES>061</LINES>
      <COLUMNS>218</COLUMNS>
     </HEADER>
     <CONTAINERS>
      <RPY_DYCATT>
       <TYPE>SCREEN</TYPE>
       <NAME>SCREEN</NAME>
      </RPY_DYCATT>
      <RPY_DYCATT>
       <TYPE>TABLE_CTRL</TYPE>
       <NAME>TCTRL_ZDBS_T001</NAME>
       <ELEMENT_OF>SCREEN</ELEMENT_OF>
       <LINE>001</LINE>
       <COLUMN>001</COLUMN>
       <LENGTH>216</LENGTH>
       <HEIGHT>059</HEIGHT>
       <C_RESIZE_V>X</C_RESIZE_V>
       <C_RESIZE_H>X</C_RESIZE_H>
       <C_SCROLL_V>X</C_SCROLL_V>
       <C_SCROLL_H>X</C_SCROLL_H>
       <TC_TABTYPE>ENTRY</TC_TABTYPE>
       <TC_SEPAR_V>X</TC_SEPAR_V>
       <TC_SEPAR_H>X</TC_SEPAR_H>
       <TC_TITLE>X</TC_TITLE>
       <TC_HEADER>X</TC_HEADER>
       <TC_CONFIG>X</TC_CONFIG>
       <TC_SEL_LNS>MULTIPLE</TC_SEL_LNS>
       <TC_SEL_CLS>NONE</TC_SEL_CLS>
       <TC_LSEL_CL>X</TC_LSEL_CL>
       <TC_FIXCOL>005</TC_FIXCOL>
      </RPY_DYCATT>
     </CONTAINERS>
     <FIELDS>
      <RPY_DYFATC>
       <CONT_TYPE>SCREEN</CONT_TYPE>
       <CONT_NAME>SCREEN</CONT_NAME>
       <TYPE>PUSH_TMPL</TYPE>
       <NAME>VIM_POSI_PUSH</NAME>
       <TEXT>____________________</TEXT>
       <LINE>061</LINE>
       <COLUMN>019</COLUMN>
       <LENGTH>020</LENGTH>
       <VISLENGTH>020</VISLENGTH>
       <HEIGHT>001</HEIGHT>
       <PUSH_FCODE>POSI</PUSH_FCODE>
       <FORMAT>CHAR</FORMAT>
       <OUTPUT_FLD>X</OUTPUT_FLD>
       <REQU_ENTRY>N</REQU_ENTRY>
      </RPY_DYFATC>
      <RPY_DYFATC>
       <CONT_TYPE>SCREEN</CONT_TYPE>
       <CONT_NAME>SCREEN</CONT_NAME>
       <TYPE>TEMPLATE</TYPE>
       <NAME>VIM_POSITION_INFO</NAME>
       <TEXT>______________________________</TEXT>
       <LINE>061</LINE>
       <COLUMN>040</COLUMN>
       <LENGTH>030</LENGTH>
       <VISLENGTH>030</VISLENGTH>
       <HEIGHT>001</HEIGHT>
       <FORMAT>CHAR</FORMAT>
       <UP_LOWER>X</UP_LOWER>
       <OUTPUT_FLD>X</OUTPUT_FLD>
       <OUTPUTONLY>X</OUTPUTONLY>
       <REQU_ENTRY>N</REQU_ENTRY>
       <_--32_DIMENS>X</_--32_DIMENS>
      </RPY_DYFATC>
      <RPY_DYFATC>
       <CONT_TYPE>SCREEN</CONT_TYPE>
       <CONT_NAME>SCREEN</CONT_NAME>
       <TYPE>OKCODE</TYPE>
       <NAME>OK_CODE</NAME>
       <TEXT>____________________</TEXT>
       <LENGTH>020</LENGTH>
       <VISLENGTH>020</VISLENGTH>
       <HEIGHT>001</HEIGHT>
       <FORMAT>CHAR</FORMAT>
       <INPUT_FLD>X</INPUT_FLD>
      </RPY_DYFATC>
      <RPY_DYFATC>
       <CONT_TYPE>TABLE_CTRL</CONT_TYPE>
       <CONT_NAME>TCTRL_ZDBS_T001</CONT_NAME>
       <TYPE>TEMPLATE</TYPE>
       <NAME>VIM_FRAME_FIELD</NAME>
       <TEXT>____________________________________________________________</TEXT>
       <LINE>001</LINE>
       <LENGTH>060</LENGTH>
       <VISLENGTH>060</VISLENGTH>
       <HEIGHT>001</HEIGHT>
       <FORMAT>CHAR</FORMAT>
       <UP_LOWER>X</UP_LOWER>
       <OUTPUT_FLD>X</OUTPUT_FLD>
       <REQU_ENTRY>N</REQU_ENTRY>
       <TC_TITLE>X</TC_TITLE>
      </RPY_DYFATC>
      <RPY_DYFATC>
       <CONT_TYPE>TABLE_CTRL</CONT_TYPE>
       <CONT_NAME>TCTRL_ZDBS_T001</CONT_NAME>
       <TYPE>TEXT</TYPE>
       <NAME>*ZDBS_T001-BUKRS</NAME>
       <TEXT>ŞK______________________________________</TEXT>
       <LINE>001</LINE>
       <COLUMN>001</COLUMN>
       <LENGTH>040</LENGTH>
       <VISLENGTH>004</VISLENGTH>
       <HEIGHT>001</HEIGHT>
       <FORMAT>CHAR</FORMAT>
       <FROM_DICT>X</FROM_DICT>
       <MODIFIC>4</MODIFIC>
       <REQU_ENTRY>N</REQU_ENTRY>
       <TC_HEADING>X</TC_HEADING>
      </RPY_DYFATC>
      <RPY_DYFATC>
       <CONT_TYPE>TABLE_CTRL</CONT_TYPE>
       <CONT_NAME>TCTRL_ZDBS_T001</CONT_NAME>
       <TYPE>TEXT</TYPE>
       <NAME>*ZDBS_T001-HBKID</NAME>
       <TEXT>Ana_bnk.________________________________</TEXT>
       <LINE>001</LINE>
       <COLUMN>002</COLUMN>
       <LENGTH>040</LENGTH>
       <VISLENGTH>008</VISLENGTH>
       <HEIGHT>001</HEIGHT>
       <FORMAT>CHAR</FORMAT>
       <FROM_DICT>X</FROM_DICT>
       <MODIFIC>4</MODIFIC>
       <REQU_ENTRY>N</REQU_ENTRY>
       <TC_HEADING>X</TC_HEADING>
      </RPY_DYFATC>
      <RPY_DYFATC>
       <CONT_TYPE>TABLE_CTRL</CONT_TYPE>
       <CONT_NAME>TCTRL_ZDBS_T001</CONT_NAME>
       <TYPE>TEXT</TYPE>
       <NAME>*ZDBS_T001-BELNR</NAME>
       <TEXT>Belge_numarası__________________________</TEXT>
       <LINE>001</LINE>
       <COLUMN>003</COLUMN>
       <LENGTH>040</LENGTH>
       <VISLENGTH>015</VISLENGTH>
       <HEIGHT>001</HEIGHT>
       <FORMAT>CHAR</FORMAT>
       <FROM_DICT>X</FROM_DICT>
       <MODIFIC>2</MODIFIC>
       <REQU_ENTRY>N</REQU_ENTRY>
       <TC_HEADING>X</TC_HEADING>
      </RPY_DYFATC>
      <RPY_DYFATC>
       <CONT_TYPE>TABLE_CTRL</CONT_TYPE>
       <CONT_NAME>TCTRL_ZDBS_T001</CONT_NAME>
       <TYPE>TEXT</TYPE>
       <NAME>*ZDBS_T001-GJAHR</NAME>
       <TEXT>Yıl_____________________________________</TEXT>
       <LINE>001</LINE>
       <COLUMN>004</COLUMN>
       <LENGTH>040</LENGTH>
       <VISLENGTH>004</VISLENGTH>
       <HEIGHT>001</HEIGHT>
       <FORMAT>CHAR</FORMAT>
       <FROM_DICT>X</FROM_DICT>
       <MODIFIC>4</MODIFIC>
       <REQU_ENTRY>N</REQU_ENTRY>
       <TC_HEADING>X</TC_HEADING>
      </RPY_DYFATC>
      <RPY_DYFATC>
       <CONT_TYPE>TABLE_CTRL</CONT_TYPE>
       <CONT_NAME>TCTRL_ZDBS_T001</CONT_NAME>
       <TYPE>TEXT</TYPE>
       <NAME>*ZDBS_T001-BUZEI</NAME>
       <TEXT>Klm_____________________________________</TEXT>
       <LINE>001</LINE>
       <COLUMN>005</COLUMN>
       <LENGTH>040</LENGTH>
       <VISLENGTH>003</VISLENGTH>
       <HEIGHT>001</HEIGHT>
       <FORMAT>CHAR</FORMAT>
       <FROM_DICT>X</FROM_DICT>
       <MODIFIC>4</MODIFIC>
       <REQU_ENTRY>N</REQU_ENTRY>
       <TC_HEADING>X</TC_HEADING>
      </RPY_DYFATC>
      <RPY_DYFATC>
       <CONT_TYPE>TABLE_CTRL</CONT_TYPE>
       <CONT_NAME>TCTRL_ZDBS_T001</CONT_NAME>
       <TYPE>TEXT</TYPE>
       <NAME>*ZDBS_T001-INVNO</NAME>
       <TEXT>Fatura_numarası(DBS)____________________</TEXT>
       <LINE>001</LINE>
       <COLUMN>006</COLUMN>
       <LENGTH>040</LENGTH>
       <VISLENGTH>020</VISLENGTH>
       <HEIGHT>001</HEIGHT>
       <FORMAT>CHAR</FORMAT>
       <FROM_DICT>X</FROM_DICT>
       <MODIFIC>V</MODIFIC>
       <REQU_ENTRY>N</REQU_ENTRY>
       <TC_HEADING>X</TC_HEADING>
      </RPY_DYFATC>
      <RPY_DYFATC>
       <CONT_TYPE>TABLE_CTRL</CONT_TYPE>
       <CONT_NAME>TCTRL_ZDBS_T001</CONT_NAME>
       <TYPE>TEXT</TYPE>
       <NAME>*ZDBS_T001-DBSTY</NAME>
       <TEXT>Tip_(P/V)_______________________________</TEXT>
       <LINE>001</LINE>
       <COLUMN>007</COLUMN>
       <LENGTH>040</LENGTH>
       <VISLENGTH>030</VISLENGTH>
       <HEIGHT>001</HEIGHT>
       <FORMAT>CHAR</FORMAT>
       <FROM_DICT>X</FROM_DICT>
       <MODIFIC>1</MODIFIC>
       <REQU_ENTRY>N</REQU_ENTRY>
       <TC_HEADING>X</TC_HEADING>
      </RPY_DYFATC>
      <RPY_DYFATC>
       <CONT_TYPE>TABLE_CTRL</CONT_TYPE>
       <CONT_NAME>TCTRL_ZDBS_T001</CONT_NAME>
       <TYPE>TEXT</TYPE>
       <NAME>*ZDBS_T001-KUNNR</NAME>
       <TEXT>Müşteri_________________________________</TEXT>
       <LINE>001</LINE>
       <COLUMN>008</COLUMN>
       <LENGTH>040</LENGTH>
       <VISLENGTH>015</VISLENGTH>
       <HEIGHT>001</HEIGHT>
       <FORMAT>CHAR</FORMAT>
       <FROM_DICT>X</FROM_DICT>
       <MODIFIC>2</MODIFIC>
       <REQU_ENTRY>N</REQU_ENTRY>
       <TC_HEADING>X</TC_HEADING>
      </RPY_DYFATC>
      <RPY_DYFATC>
       <CONT_TYPE>TABLE_CTRL</CONT_TYPE>
       <CONT_NAME>TCTRL_ZDBS_T001</CONT_NAME>
       <TYPE>TEXT</TYPE>
       <NAME>*ZDBS_T001-NAME1</NAME>
       <TEXT>Ad_1____________________________________</TEXT>
       <LINE>001</LINE>
       <COLUMN>009</COLUMN>
       <LENGTH>040</LENGTH>
       <VISLENGTH>030</VISLENGTH>
       <HEIGHT>001</HEIGHT>
       <FORMAT>CHAR</FORMAT>
       <FROM_DICT>X</FROM_DICT>
       <MODIFIC>V</MODIFIC>
       <REQU_ENTRY>N</REQU_ENTRY>
       <TC_HEADING>X</TC_HEADING>
      </RPY_DYFATC>
      <RPY_DYFATC>
       <CONT_TYPE>TABLE_CTRL</CONT_TYPE>
       <CONT_NAME>TCTRL_ZDBS_T001</CONT_NAME>
       <TYPE>TEXT</TYPE>
       <NAME>*ZDBS_T001-BANKA_MUS</NAME>
       <TEXT>Banka_müşteri_kodu______________________</TEXT>
       <LINE>001</LINE>
       <COLUMN>010</COLUMN>
       <LENGTH>040</LENGTH>
       <VISLENGTH>020</VISLENGTH>
       <HEIGHT>001</HEIGHT>
       <FORMAT>CHAR</FORMAT>
       <FROM_DICT>X</FROM_DICT>
       <MODIFIC>V</MODIFIC>
       <REQU_ENTRY>N</REQU_ENTRY>
       <TC_HEADING>X</TC_HEADING>
      </RPY_DYFATC>
      <RPY_DYFATC>
       <CONT_TYPE>TABLE_CTRL</CONT_TYPE>
       <CONT_NAME>TCTRL_ZDBS_T001</CONT_NAME>
       <TYPE>TEXT</TYPE>
       <NAME>*ZDBS_T001-HKTID</NAME>
       <TEXT>Hesap_tn________________________________</TEXT>
       <LINE>001</LINE>
       <COLUMN>011</COLUMN>
       <LENGTH>040</LENGTH>
       <VISLENGTH>009</VISLENGTH>
       <HEIGHT>001</HEIGHT>
       <FORMAT>CHAR</FORMAT>
       <FROM_DICT>X</FROM_DICT>
       <MODIFIC>4</MODIFIC>
       <REQU_ENTRY>N</REQU_ENTRY>
       <TC_HEADING>X</TC_HEADING>
      </RPY_DYFATC>
      <RPY_DYFATC>
       <CONT_TYPE>TABLE_CTRL</CONT_TYPE>
       <CONT_NAME>TCTRL_ZDBS_T001</CONT_NAME>
       <TYPE>TEXT</TYPE>
       <NAME>*ZDBS_T001-XBLNR</NAME>
       <TEXT>Referans________________________________</TEXT>
       <LINE>001</LINE>
       <COLUMN>012</COLUMN>
       <LENGTH>040</LENGTH>
       <VISLENGTH>016</VISLENGTH>
       <HEIGHT>001</HEIGHT>
       <FORMAT>CHAR</FORMAT>
       <FROM_DICT>X</FROM_DICT>
       <MODIFIC>V</MODIFIC>
       <REQU_ENTRY>N</REQU_ENTRY>
       <TC_HEADING>X</TC_HEADING>
      </RPY_DYFATC>
      <RPY_DYFATC>
       <CONT_TYPE>TABLE_CTRL</CONT_TYPE>
       <CONT_NAME>TCTRL_ZDBS_T001</CONT_NAME>
       <TYPE>TEXT</TYPE>
       <NAME>*ZDBS_T001-BUDAT</NAME>
       <TEXT>Kayıt_tarihi____________________________</TEXT>
       <LINE>001</LINE>
       <COLUMN>013</COLUMN>
       <LENGTH>040</LENGTH>
       <VISLENGTH>015</VISLENGTH>
       <HEIGHT>001</HEIGHT>
       <FORMAT>CHAR</FORMAT>
       <FROM_DICT>X</FROM_DICT>
       <MODIFIC>2</MODIFIC>
       <REQU_ENTRY>N</REQU_ENTRY>
       <TC_HEADING>X</TC_HEADING>
      </RPY_DYFATC>
      <RPY_DYFATC>
       <CONT_TYPE>TABLE_CTRL</CONT_TYPE>
       <CONT_NAME>TCTRL_ZDBS_T001</CONT_NAME>
       <TYPE>TEXT</TYPE>
       <NAME>*ZDBS_T001-BLDAT</NAME>
       <TEXT>Belge_tarihi____________________________</TEXT>
       <LINE>001</LINE>
       <COLUMN>014</COLUMN>
       <LENGTH>040</LENGTH>
       <VISLENGTH>015</VISLENGTH>
       <HEIGHT>001</HEIGHT>
       <FORMAT>CHAR</FORMAT>
       <FROM_DICT>X</FROM_DICT>
       <MODIFIC>2</MODIFIC>
       <REQU_ENTRY>N</REQU_ENTRY>
       <TC_HEADING>X</TC_HEADING>
      </RPY_DYFATC>
      <RPY_DYFATC>
       <CONT_TYPE>TABLE_CTRL</CONT_TYPE>
       <CONT_NAME>TCTRL_ZDBS_T001</CONT_NAME>
       <TYPE>TEXT</TYPE>
       <NAME>*ZDBS_T001-NETDT</NAME>
       <TEXT>Vade_tarihi_____________________________</TEXT>
       <LINE>001</LINE>
       <COLUMN>015</COLUMN>
       <LENGTH>040</LENGTH>
       <VISLENGTH>015</VISLENGTH>
       <HEIGHT>001</HEIGHT>
       <FORMAT>CHAR</FORMAT>
       <FROM_DICT>X</FROM_DICT>
       <MODIFIC>2</MODIFIC>
       <REQU_ENTRY>N</REQU_ENTRY>
       <TC_HEADING>X</TC_HEADING>
      </RPY_DYFATC>
      <RPY_DYFATC>
       <CONT_TYPE>TABLE_CTRL</CONT_TYPE>
       <CONT_NAME>TCTRL_ZDBS_T001</CONT_NAME>
       <TYPE>TEXT</TYPE>
       <NAME>*ZDBS_T001-OLD_NETDT</NAME>
       <TEXT>Eski_Vade_______________________________</TEXT>
       <LINE>001</LINE>
       <COLUMN>016</COLUMN>
       <LENGTH>040</LENGTH>
       <VISLENGTH>010</VISLENGTH>
       <HEIGHT>001</HEIGHT>
       <FORMAT>CHAR</FORMAT>
       <FROM_DICT>X</FROM_DICT>
       <MODIFIC>1</MODIFIC>
       <REQU_ENTRY>N</REQU_ENTRY>
       <TC_HEADING>X</TC_HEADING>
      </RPY_DYFATC>
      <RPY_DYFATC>
       <CONT_TYPE>TABLE_CTRL</CONT_TYPE>
       <CONT_NAME>TCTRL_ZDBS_T001</CONT_NAME>
       <TYPE>TEXT</TYPE>
       <NAME>*ZDBS_T001-XREF1</NAME>
       <TEXT>Referans_anahtar_1______________________</TEXT>
       <LINE>001</LINE>
       <COLUMN>017</COLUMN>
       <LENGTH>040</LENGTH>
       <VISLENGTH>012</VISLENGTH>
       <HEIGHT>001</HEIGHT>
       <FORMAT>CHAR</FORMAT>
       <FROM_DICT>X</FROM_DICT>
       <MODIFIC>V</MODIFIC>
       <REQU_ENTRY>N</REQU_ENTRY>
       <TC_HEADING>X</TC_HEADING>
      </RPY_DYFATC>
      <RPY_DYFATC>
       <CONT_TYPE>TABLE_CTRL</CONT_TYPE>
       <CONT_NAME>TCTRL_ZDBS_T001</CONT_NAME>
       <TYPE>TEXT</TYPE>
       <NAME>*ZDBS_T001-DMBTR</NAME>
       <TEXT>Tutar_(UPB)_____________________________</TEXT>
       <LINE>001</LINE>
       <COLUMN>018</COLUMN>
       <LENGTH>040</LENGTH>
       <VISLENGTH>016</VISLENGTH>
       <HEIGHT>001</HEIGHT>
       <FORMAT>CHAR</FORMAT>
       <FROM_DICT>X</FROM_DICT>
       <MODIFIC>V</MODIFIC>
       <REQU_ENTRY>N</REQU_ENTRY>
       <TC_HEADING>X</TC_HEADING>
      </RPY_DYFATC>
      <RPY_DYFATC>
       <CONT_TYPE>TABLE_CTRL</CONT_TYPE>
       <CONT_NAME>TCTRL_ZDBS_T001</CONT_NAME>
       <TYPE>TEXT</TYPE>
       <NAME>*ZDBS_T001-WRBTR</NAME>
       <TEXT>Tutar___________________________________</TEXT>
       <LINE>001</LINE>
       <COLUMN>019</COLUMN>
       <LENGTH>040</LENGTH>
       <VISLENGTH>016</VISLENGTH>
       <HEIGHT>001</HEIGHT>
       <FORMAT>CHAR</FORMAT>
       <FROM_DICT>X</FROM_DICT>
       <MODIFIC>V</MODIFIC>
       <REQU_ENTRY>N</REQU_ENTRY>
       <TC_HEADING>X</TC_HEADING>
      </RPY_DYFATC>
      <RPY_DYFATC>
       <CONT_TYPE>TABLE_CTRL</CONT_TYPE>
       <CONT_NAME>TCTRL_ZDBS_T001</CONT_NAME>
       <TYPE>TEXT</TYPE>
       <NAME>*ZDBS_T001-WAERS</NAME>
       <TEXT>PB______________________________________</TEXT>
       <LINE>001</LINE>
       <COLUMN>020</COLUMN>
       <LENGTH>040</LENGTH>
       <VISLENGTH>005</VISLENGTH>
       <HEIGHT>001</HEIGHT>
       <FORMAT>CHAR</FORMAT>
       <FROM_DICT>X</FROM_DICT>
       <MODIFIC>4</MODIFIC>
       <REQU_ENTRY>N</REQU_ENTRY>
       <TC_HEADING>X</TC_HEADING>
      </RPY_DYFATC>
      <RPY_DYFATC>
       <CONT_TYPE>TABLE_CTRL</CONT_TYPE>
       <CONT_NAME>TCTRL_ZDBS_T001</CONT_NAME>
       <TYPE>TEXT</TYPE>
       <NAME>*ZDBS_T001-DMBTR_DBS</NAME>
       <TEXT>Gönderilen_fatura_tutarı________________</TEXT>
       <LINE>001</LINE>
       <COLUMN>021</COLUMN>
       <LENGTH>040</LENGTH>
       <VISLENGTH>016</VISLENGTH>
       <HEIGHT>001</HEIGHT>
       <FORMAT>CHAR</FORMAT>
       <FROM_DICT>X</FROM_DICT>
       <MODIFIC>V</MODIFIC>
       <REQU_ENTRY>N</REQU_ENTRY>
       <TC_HEADING>X</TC_HEADING>
      </RPY_DYFATC>
      <RPY_DYFATC>
       <CONT_TYPE>TABLE_CTRL</CONT_TYPE>
       <CONT_NAME>TCTRL_ZDBS_T001</CONT_NAME>
       <TYPE>TEXT</TYPE>
       <NAME>*ZDBS_T001-DMBTR_TAH</NAME>
       <TEXT>Tahsilat_tutarı_________________________</TEXT>
       <LINE>001</LINE>
       <COLUMN>022</COLUMN>
       <LENGTH>040</LENGTH>
       <VISLENGTH>016</VISLENGTH>
       <HEIGHT>001</HEIGHT>
       <FORMAT>CHAR</FORMAT>
       <FROM_DICT>X</FROM_DICT>
       <MODIFIC>V</MODIFIC>
       <REQU_ENTRY>N</REQU_ENTRY>
       <TC_HEADING>X</TC_HEADING>
      </RPY_DYFATC>
      <RPY_DYFATC>
       <CONT_TYPE>TABLE_CTRL</CONT_TYPE>
       <CONT_NAME>TCTRL_ZDBS_T001</CONT_NAME>
       <TYPE>TEXT</TYPE>
       <NAME>*ZDBS_T001-BUDAT_TAH</NAME>
       <TEXT>Tahsilat_T______________________________</TEXT>
       <LINE>001</LINE>
       <COLUMN>023</COLUMN>
       <LENGTH>040</LENGTH>
       <VISLENGTH>010</VISLENGTH>
       <HEIGHT>001</HEIGHT>
       <FORMAT>CHAR</FORMAT>
       <FROM_DICT>X</FROM_DICT>
       <MODIFIC>1</MODIFIC>
       <REQU_ENTRY>N</REQU_ENTRY>
       <TC_HEADING>X</TC_HEADING>
      </RPY_DYFATC>
      <RPY_DYFATC>
       <CONT_TYPE>TABLE_CTRL</CONT_TYPE>
       <CONT_NAME>TCTRL_ZDBS_T001</CONT_NAME>
       <TYPE>TEXT</TYPE>
       <NAME>*ZDBS_T001-DBSST</NAME>
       <TEXT>DBS_Statu_______________________________</TEXT>
       <LINE>001</LINE>
       <COLUMN>024</COLUMN>
       <LENGTH>040</LENGTH>
       <VISLENGTH>030</VISLENGTH>
       <HEIGHT>001</HEIGHT>
       <FORMAT>CHAR</FORMAT>
       <FROM_DICT>X</FROM_DICT>
       <MODIFIC>1</MODIFIC>
       <REQU_ENTRY>N</REQU_ENTRY>
       <TC_HEADING>X</TC_HEADING>
      </RPY_DYFATC>
      <RPY_DYFATC>
       <CONT_TYPE>TABLE_CTRL</CONT_TYPE>
       <CONT_NAME>TCTRL_ZDBS_T001</CONT_NAME>
       <TYPE>TEXT</TYPE>
       <NAME>*ZDBS_T001-BELNR_T</NAME>
       <TEXT>Tahsilat_b______________________________</TEXT>
       <LINE>001</LINE>
       <COLUMN>025</COLUMN>
       <LENGTH>040</LENGTH>
       <VISLENGTH>010</VISLENGTH>
       <HEIGHT>001</HEIGHT>
       <FORMAT>CHAR</FORMAT>
       <FROM_DICT>X</FROM_DICT>
       <MODIFIC>1</MODIFIC>
       <REQU_ENTRY>N</REQU_ENTRY>
       <TC_HEADING>X</TC_HEADING>
      </RPY_DYFATC>
      <RPY_DYFATC>
       <CONT_TYPE>TABLE_CTRL</CONT_TYPE>
       <CONT_NAME>TCTRL_ZDBS_T001</CONT_NAME>
       <TYPE>TEXT</TYPE>
       <NAME>*ZDBS_T001-GJAHR_T</NAME>
       <TEXT>Tahsilat_m______________________________</TEXT>
       <LINE>001</LINE>
       <COLUMN>026</COLUMN>
       <LENGTH>040</LENGTH>
       <VISLENGTH>010</VISLENGTH>
       <HEIGHT>001</HEIGHT>
       <FORMAT>CHAR</FORMAT>
       <FROM_DICT>X</FROM_DICT>
       <MODIFIC>1</MODIFIC>
       <REQU_ENTRY>N</REQU_ENTRY>
       <TC_HEADING>X</TC_HEADING>
      </RPY_DYFATC>
      <RPY_DYFATC>
       <CONT_TYPE>TABLE_CTRL</CONT_TYPE>
       <CONT_NAME>TCTRL_ZDBS_T001</CONT_NAME>
       <TYPE>TEXT</TYPE>
       <NAME>*ZDBS_T001-BELNR_P</NAME>
       <TEXT>Dnk.Belge_______________________________</TEXT>
       <LINE>001</LINE>
       <COLUMN>027</COLUMN>
       <LENGTH>040</LENGTH>
       <VISLENGTH>010</VISLENGTH>
       <HEIGHT>001</HEIGHT>
       <FORMAT>CHAR</FORMAT>
       <FROM_DICT>X</FROM_DICT>
       <MODIFIC>1</MODIFIC>
       <REQU_ENTRY>N</REQU_ENTRY>
       <TC_HEADING>X</TC_HEADING>
      </RPY_DYFATC>
      <RPY_DYFATC>
       <CONT_TYPE>TABLE_CTRL</CONT_TYPE>
       <CONT_NAME>TCTRL_ZDBS_T001</CONT_NAME>
       <TYPE>TEXT</TYPE>
       <NAME>*ZDBS_T001-GJAHR_P</NAME>
       <TEXT>Dnk.Mali.Y______________________________</TEXT>
       <LINE>001</LINE>
       <COLUMN>028</COLUMN>
       <LENGTH>040</LENGTH>
       <VISLENGTH>010</VISLENGTH>
       <HEIGHT>001</HEIGHT>
       <FORMAT>CHAR</FORMAT>
       <FROM_DICT>X</FROM_DICT>
       <MODIFIC>1</MODIFIC>
       <REQU_ENTRY>N</REQU_ENTRY>
       <TC_HEADING>X</TC_HEADING>
      </RPY_DYFATC>
      <RPY_DYFATC>
       <CONT_TYPE>TABLE_CTRL</CONT_TYPE>
       <CONT_NAME>TCTRL_ZDBS_T001</CONT_NAME>
       <TYPE>TEXT</TYPE>
       <NAME>*ZDBS_T001-ERNAM</NAME>
       <TEXT>Yaratıldı_______________________________</TEXT>
       <LINE>001</LINE>
       <COLUMN>029</COLUMN>
       <LENGTH>040</LENGTH>
       <VISLENGTH>012</VISLENGTH>
       <HEIGHT>001</HEIGHT>
       <FORMAT>CHAR</FORMAT>
       <FROM_DICT>X</FROM_DICT>
       <MODIFIC>V</MODIFIC>
       <REQU_ENTRY>N</REQU_ENTRY>
       <TC_HEADING>X</TC_HEADING>
      </RPY_DYFATC>
      <RPY_DYFATC>
       <CONT_TYPE>TABLE_CTRL</CONT_TYPE>
       <CONT_NAME>TCTRL_ZDBS_T001</CONT_NAME>
       <TYPE>TEXT</TYPE>
       <NAME>*ZDBS_T001-ERDAT</NAME>
       <TEXT>Yaratma_tarihi__________________________</TEXT>
       <LINE>001</LINE>
       <COLUMN>030</COLUMN>
       <LENGTH>040</LENGTH>
       <VISLENGTH>010</VISLENGTH>
       <HEIGHT>001</HEIGHT>
       <FORMAT>CHAR</FORMAT>
       <FROM_DICT>X</FROM_DICT>
       <MODIFIC>V</MODIFIC>
       <REQU_ENTRY>N</REQU_ENTRY>
       <TC_HEADING>X</TC_HEADING>
      </RPY_DYFATC>
      <RPY_DYFATC>
       <CONT_TYPE>TABLE_CTRL</CONT_TYPE>
       <CONT_NAME>TCTRL_ZDBS_T001</CONT_NAME>
       <TYPE>TEXT</TYPE>
       <NAME>*ZDBS_T001-ERZET</NAME>
       <TEXT>Saat____________________________________</TEXT>
       <LINE>001</LINE>
       <COLUMN>031</COLUMN>
       <LENGTH>040</LENGTH>
       <VISLENGTH>015</VISLENGTH>
       <HEIGHT>001</HEIGHT>
       <FORMAT>CHAR</FORMAT>
       <FROM_DICT>X</FROM_DICT>
       <MODIFIC>2</MODIFIC>
       <REQU_ENTRY>N</REQU_ENTRY>
       <TC_HEADING>X</TC_HEADING>
      </RPY_DYFATC>
      <RPY_DYFATC>
       <CONT_TYPE>TABLE_CTRL</CONT_TYPE>
       <CONT_NAME>TCTRL_ZDBS_T001</CONT_NAME>
       <TYPE>TEXT</TYPE>
       <NAME>*ZDBS_T001-MTYPE</NAME>
       <TEXT>İletiTp_________________________________</TEXT>
       <LINE>001</LINE>
       <COLUMN>032</COLUMN>
       <LENGTH>040</LENGTH>
       <VISLENGTH>007</VISLENGTH>
       <HEIGHT>001</HEIGHT>
       <FORMAT>CHAR</FORMAT>
       <FROM_DICT>X</FROM_DICT>
       <MODIFIC>4</MODIFIC>
       <REQU_ENTRY>N</REQU_ENTRY>
       <TC_HEADING>X</TC_HEADING>
      </RPY_DYFATC>
      <RPY_DYFATC>
       <CONT_TYPE>TABLE_CTRL</CONT_TYPE>
       <CONT_NAME>TCTRL_ZDBS_T001</CONT_NAME>
       <TYPE>TEXT</TYPE>
       <NAME>*ZDBS_T001-MESSAGE</NAME>
       <TEXT>İleti_metni_____________________________</TEXT>
       <LINE>001</LINE>
       <COLUMN>033</COLUMN>
       <LENGTH>040</LENGTH>
       <VISLENGTH>220</VISLENGTH>
       <HEIGHT>001</HEIGHT>
       <FORMAT>CHAR</FORMAT>
       <FROM_DICT>X</FROM_DICT>
       <MODIFIC>V</MODIFIC>
       <REQU_ENTRY>N</REQU_ENTRY>
       <TC_HEADING>X</TC_HEADING>
      </RPY_DYFATC>
      <RPY_DYFATC>
       <CONT_TYPE>TABLE_CTRL</CONT_TYPE>
       <CONT_NAME>TCTRL_ZDBS_T001</CONT_NAME>
       <TYPE>TEXT</TYPE>
       <NAME>*ZDBS_T001-RETCD</NAME>
       <TEXT>Banka_dönü______________________________</TEXT>
       <LINE>001</LINE>
       <COLUMN>034</COLUMN>
       <LENGTH>040</LENGTH>
       <VISLENGTH>010</VISLENGTH>
       <HEIGHT>001</HEIGHT>
       <FORMAT>CHAR</FORMAT>
       <FROM_DICT>X</FROM_DICT>
       <MODIFIC>1</MODIFIC>
       <REQU_ENTRY>N</REQU_ENTRY>
       <TC_HEADING>X</TC_HEADING>
      </RPY_DYFATC>
      <RPY_DYFATC>
       <CONT_TYPE>TABLE_CTRL</CONT_TYPE>
       <CONT_NAME>TCTRL_ZDBS_T001</CONT_NAME>
       <TYPE>TEXT</TYPE>
       <NAME>*ZDBS_T001-RETXT</NAME>
       <TEXT>Açıklama________________________________</TEXT>
       <LINE>001</LINE>
       <COLUMN>035</COLUMN>
       <LENGTH>040</LENGTH>
       <VISLENGTH>200</VISLENGTH>
       <HEIGHT>001</HEIGHT>
       <FORMAT>CHAR</FORMAT>
       <FROM_DICT>X</FROM_DICT>
       <MODIFIC>V</MODIFIC>
       <REQU_ENTRY>N</REQU_ENTRY>
       <TC_HEADING>X</TC_HEADING>
      </RPY_DYFATC>
      <RPY_DYFATC>
       <CONT_TYPE>TABLE_CTRL</CONT_TYPE>
       <CONT_NAME>TCTRL_ZDBS_T001</CONT_NAME>
       <TYPE>TEXT</TYPE>
       <NAME>*ZDBS_T001-DUMMY</NAME>
       <TEXT>+_______________________________________</TEXT>
       <LINE>001</LINE>
       <COLUMN>036</COLUMN>
       <LENGTH>040</LENGTH>
       <VISLENGTH>001</VISLENGTH>
       <HEIGHT>001</HEIGHT>
       <FORMAT>CHAR</FORMAT>
       <REQU_ENTRY>N</REQU_ENTRY>
       <TC_HEADING>X</TC_HEADING>
      </RPY_DYFATC>
      <RPY_DYFATC>
       <CONT_TYPE>TABLE_CTRL</CONT_TYPE>
       <CONT_NAME>TCTRL_ZDBS_T001</CONT_NAME>
       <TYPE>TEXT</TYPE>
       <NAME>*ZDBS_T001-TEB_ODEME_KOD</NAME>
       <TEXT>TEB_Ödeme_kodu__________________________</TEXT>
       <LINE>001</LINE>
       <COLUMN>037</COLUMN>
       <LENGTH>040</LENGTH>
       <VISLENGTH>050</VISLENGTH>
       <HEIGHT>001</HEIGHT>
       <FORMAT>CHAR</FORMAT>
       <FROM_DICT>X</FROM_DICT>
       <MODIFIC>V</MODIFIC>
       <REQU_ENTRY>N</REQU_ENTRY>
       <TC_HEADING>X</TC_HEADING>
      </RPY_DYFATC>
      <RPY_DYFATC>
       <CONT_TYPE>TABLE_CTRL</CONT_TYPE>
       <CONT_NAME>TCTRL_ZDBS_T001</CONT_NAME>
       <TYPE>TEXT</TYPE>
       <NAME>*ZDBS_T001-GRN_BATCH_ID</NAME>
       <TEXT>Garanti_BatchID_________________________</TEXT>
       <LINE>001</LINE>
       <COLUMN>038</COLUMN>
       <LENGTH>040</LENGTH>
       <VISLENGTH>013</VISLENGTH>
       <HEIGHT>001</HEIGHT>
       <FORMAT>CHAR</FORMAT>
       <FROM_DICT>X</FROM_DICT>
       <MODIFIC>V</MODIFIC>
       <REQU_ENTRY>N</REQU_ENTRY>
       <TC_HEADING>X</TC_HEADING>
      </RPY_DYFATC>
      <RPY_DYFATC>
       <CONT_TYPE>TABLE_CTRL</CONT_TYPE>
       <CONT_NAME>TCTRL_ZDBS_T001</CONT_NAME>
       <TYPE>CHECK</TYPE>
       <NAME>VIM_MARKED</NAME>
       <LINE>001</LINE>
       <LENGTH>001</LENGTH>
       <VISLENGTH>001</VISLENGTH>
       <HEIGHT>001</HEIGHT>
       <FORMAT>CHAR</FORMAT>
       <INPUT_FLD>X</INPUT_FLD>
       <OUTPUT_FLD>X</OUTPUT_FLD>
       <TC_SELCOL>X</TC_SELCOL>
      </RPY_DYFATC>
      <RPY_DYFATC>
       <CONT_TYPE>TABLE_CTRL</CONT_TYPE>
       <CONT_NAME>TCTRL_ZDBS_T001</CONT_NAME>
       <TYPE>TEMPLATE</TYPE>
       <NAME>ZDBS_T001-BUKRS</NAME>
       <TEXT>____</TEXT>
       <LINE>001</LINE>
       <COLUMN>001</COLUMN>
       <LENGTH>004</LENGTH>
       <VISLENGTH>004</VISLENGTH>
       <HEIGHT>001</HEIGHT>
       <GROUP1>KEY</GROUP1>
       <FORMAT>CHAR</FORMAT>
       <FROM_DICT>X</FROM_DICT>
       <MODIFIC>X</MODIFIC>
       <PARAM_ID>BUK</PARAM_ID>
       <OUTPUT_FLD>X</OUTPUT_FLD>
       <REQU_ENTRY>N</REQU_ENTRY>
      </RPY_DYFATC>
      <RPY_DYFATC>
       <CONT_TYPE>TABLE_CTRL</CONT_TYPE>
       <CONT_NAME>TCTRL_ZDBS_T001</CONT_NAME>
       <TYPE>TEMPLATE</TYPE>
       <NAME>ZDBS_T001-HBKID</NAME>
       <TEXT>_____</TEXT>
       <LINE>001</LINE>
       <COLUMN>002</COLUMN>
       <LENGTH>005</LENGTH>
       <VISLENGTH>008</VISLENGTH>
       <HEIGHT>001</HEIGHT>
       <GROUP1>KEY</GROUP1>
       <FORMAT>CHAR</FORMAT>
       <FROM_DICT>X</FROM_DICT>
       <MODIFIC>X</MODIFIC>
       <OUTPUT_FLD>X</OUTPUT_FLD>
       <REQU_ENTRY>N</REQU_ENTRY>
      </RPY_DYFATC>
      <RPY_DYFATC>
       <CONT_TYPE>TABLE_CTRL</CONT_TYPE>
       <CONT_NAME>TCTRL_ZDBS_T001</CONT_NAME>
       <TYPE>TEMPLATE</TYPE>
       <NAME>ZDBS_T001-BELNR</NAME>
       <TEXT>__________</TEXT>
       <LINE>001</LINE>
       <COLUMN>003</COLUMN>
       <LENGTH>010</LENGTH>
       <VISLENGTH>015</VISLENGTH>
       <HEIGHT>001</HEIGHT>
       <GROUP1>KEY</GROUP1>
       <FORMAT>CHAR</FORMAT>
       <FROM_DICT>X</FROM_DICT>
       <MODIFIC>X</MODIFIC>
       <CONV_EXIT>ALPHA</CONV_EXIT>
       <PARAM_ID>BLN</PARAM_ID>
       <OUTPUT_FLD>X</OUTPUT_FLD>
       <REQU_ENTRY>N</REQU_ENTRY>
      </RPY_DYFATC>
      <RPY_DYFATC>
       <CONT_TYPE>TABLE_CTRL</CONT_TYPE>
       <CONT_NAME>TCTRL_ZDBS_T001</CONT_NAME>
       <TYPE>TEMPLATE</TYPE>
       <NAME>ZDBS_T001-GJAHR</NAME>
       <TEXT>____</TEXT>
       <LINE>001</LINE>
       <COLUMN>004</COLUMN>
       <LENGTH>004</LENGTH>
       <VISLENGTH>004</VISLENGTH>
       <HEIGHT>001</HEIGHT>
       <GROUP1>KEY</GROUP1>
       <FORMAT>NUMC</FORMAT>
       <FROM_DICT>X</FROM_DICT>
       <MODIFIC>X</MODIFIC>
       <CONV_EXIT>GJAHR</CONV_EXIT>
       <PARAM_ID>GJR</PARAM_ID>
       <OUTPUT_FLD>X</OUTPUT_FLD>
       <REQU_ENTRY>N</REQU_ENTRY>
      </RPY_DYFATC>
      <RPY_DYFATC>
       <CONT_TYPE>TABLE_CTRL</CONT_TYPE>
       <CONT_NAME>TCTRL_ZDBS_T001</CONT_NAME>
       <TYPE>TEMPLATE</TYPE>
       <NAME>ZDBS_T001-BUZEI</NAME>
       <TEXT>___</TEXT>
       <LINE>001</LINE>
       <COLUMN>005</COLUMN>
       <LENGTH>003</LENGTH>
       <VISLENGTH>003</VISLENGTH>
       <HEIGHT>001</HEIGHT>
       <GROUP1>KEY</GROUP1>
       <FORMAT>NUMC</FORMAT>
       <FROM_DICT>X</FROM_DICT>
       <MODIFIC>X</MODIFIC>
       <PARAM_ID>BUZ</PARAM_ID>
       <OUTPUT_FLD>X</OUTPUT_FLD>
       <REQU_ENTRY>N</REQU_ENTRY>
      </RPY_DYFATC>
      <RPY_DYFATC>
       <CONT_TYPE>TABLE_CTRL</CONT_TYPE>
       <CONT_NAME>TCTRL_ZDBS_T001</CONT_NAME>
       <TYPE>TEMPLATE</TYPE>
       <NAME>ZDBS_T001-INVNO</NAME>
       <TEXT>____________________</TEXT>
       <LINE>001</LINE>
       <COLUMN>006</COLUMN>
       <LENGTH>020</LENGTH>
       <VISLENGTH>020</VISLENGTH>
       <HEIGHT>001</HEIGHT>
       <FORMAT>CHAR</FORMAT>
       <FROM_DICT>X</FROM_DICT>
       <MODIFIC>X</MODIFIC>
       <INPUT_FLD>X</INPUT_FLD>
       <OUTPUT_FLD>X</OUTPUT_FLD>
      </RPY_DYFATC>
      <RPY_DYFATC>
       <CONT_TYPE>TABLE_CTRL</CONT_TYPE>
       <CONT_NAME>TCTRL_ZDBS_T001</CONT_NAME>
       <TYPE>TEMPLATE</TYPE>
       <NAME>ZDBS_T001-DBSTY</NAME>
       <TEXT>_</TEXT>
       <DROPDOWN>L</DROPDOWN>
       <LINE>001</LINE>
       <COLUMN>007</COLUMN>
       <LENGTH>001</LENGTH>
       <VISLENGTH>030</VISLENGTH>
       <HEIGHT>001</HEIGHT>
       <FORMAT>CHAR</FORMAT>
       <FROM_DICT>X</FROM_DICT>
       <MODIFIC>X</MODIFIC>
       <INPUT_FLD>X</INPUT_FLD>
       <OUTPUT_FLD>X</OUTPUT_FLD>
       <DICT_I_VAL>X</DICT_I_VAL>
      </RPY_DYFATC>
      <RPY_DYFATC>
       <CONT_TYPE>TABLE_CTRL</CONT_TYPE>
       <CONT_NAME>TCTRL_ZDBS_T001</CONT_NAME>
       <TYPE>TEMPLATE</TYPE>
       <NAME>ZDBS_T001-KUNNR</NAME>
       <TEXT>__________</TEXT>
       <LINE>001</LINE>
       <COLUMN>008</COLUMN>
       <LENGTH>010</LENGTH>
       <VISLENGTH>015</VISLENGTH>
       <HEIGHT>001</HEIGHT>
       <FORMAT>CHAR</FORMAT>
       <FROM_DICT>X</FROM_DICT>
       <MODIFIC>X</MODIFIC>
       <CONV_EXIT>ALPHA</CONV_EXIT>
       <PARAM_ID>KUN</PARAM_ID>
       <INPUT_FLD>X</INPUT_FLD>
       <OUTPUT_FLD>X</OUTPUT_FLD>
      </RPY_DYFATC>
      <RPY_DYFATC>
       <CONT_TYPE>TABLE_CTRL</CONT_TYPE>
       <CONT_NAME>TCTRL_ZDBS_T001</CONT_NAME>
       <TYPE>TEMPLATE</TYPE>
       <NAME>ZDBS_T001-NAME1</NAME>
       <TEXT>______________________________</TEXT>
       <LINE>001</LINE>
       <COLUMN>009</COLUMN>
       <LENGTH>030</LENGTH>
       <VISLENGTH>030</VISLENGTH>
       <HEIGHT>001</HEIGHT>
       <FORMAT>CHAR</FORMAT>
       <FROM_DICT>X</FROM_DICT>
       <MODIFIC>X</MODIFIC>
       <UP_LOWER>X</UP_LOWER>
       <INPUT_FLD>X</INPUT_FLD>
       <OUTPUT_FLD>X</OUTPUT_FLD>
      </RPY_DYFATC>
      <RPY_DYFATC>
       <CONT_TYPE>TABLE_CTRL</CONT_TYPE>
       <CONT_NAME>TCTRL_ZDBS_T001</CONT_NAME>
       <TYPE>TEMPLATE</TYPE>
       <NAME>ZDBS_T001-BANKA_MUS</NAME>
       <TEXT>____________________</TEXT>
       <LINE>001</LINE>
       <COLUMN>010</COLUMN>
       <LENGTH>020</LENGTH>
       <VISLENGTH>020</VISLENGTH>
       <HEIGHT>001</HEIGHT>
       <FORMAT>CHAR</FORMAT>
       <FROM_DICT>X</FROM_DICT>
       <MODIFIC>X</MODIFIC>
       <INPUT_FLD>X</INPUT_FLD>
       <OUTPUT_FLD>X</OUTPUT_FLD>
      </RPY_DYFATC>
      <RPY_DYFATC>
       <CONT_TYPE>TABLE_CTRL</CONT_TYPE>
       <CONT_NAME>TCTRL_ZDBS_T001</CONT_NAME>
       <TYPE>TEMPLATE</TYPE>
       <NAME>ZDBS_T001-HKTID</NAME>
       <TEXT>_____</TEXT>
       <LINE>001</LINE>
       <COLUMN>011</COLUMN>
       <LENGTH>005</LENGTH>
       <VISLENGTH>009</VISLENGTH>
       <HEIGHT>001</HEIGHT>
       <FORMAT>CHAR</FORMAT>
       <FROM_DICT>X</FROM_DICT>
       <MODIFIC>X</MODIFIC>
       <INPUT_FLD>X</INPUT_FLD>
       <OUTPUT_FLD>X</OUTPUT_FLD>
      </RPY_DYFATC>
      <RPY_DYFATC>
       <CONT_TYPE>TABLE_CTRL</CONT_TYPE>
       <CONT_NAME>TCTRL_ZDBS_T001</CONT_NAME>
       <TYPE>TEMPLATE</TYPE>
       <NAME>ZDBS_T001-XBLNR</NAME>
       <TEXT>________________</TEXT>
       <LINE>001</LINE>
       <COLUMN>012</COLUMN>
       <LENGTH>016</LENGTH>
       <VISLENGTH>016</VISLENGTH>
       <HEIGHT>001</HEIGHT>
       <FORMAT>CHAR</FORMAT>
       <FROM_DICT>X</FROM_DICT>
       <MODIFIC>X</MODIFIC>
       <INPUT_FLD>X</INPUT_FLD>
       <OUTPUT_FLD>X</OUTPUT_FLD>
      </RPY_DYFATC>
      <RPY_DYFATC>
       <CONT_TYPE>TABLE_CTRL</CONT_TYPE>
       <CONT_NAME>TCTRL_ZDBS_T001</CONT_NAME>
       <TYPE>TEMPLATE</TYPE>
       <NAME>ZDBS_T001-BUDAT</NAME>
       <TEXT>__________</TEXT>
       <LINE>001</LINE>
       <COLUMN>013</COLUMN>
       <LENGTH>010</LENGTH>
       <VISLENGTH>015</VISLENGTH>
       <HEIGHT>001</HEIGHT>
       <FORMAT>DATS</FORMAT>
       <FROM_DICT>X</FROM_DICT>
       <MODIFIC>X</MODIFIC>
       <INPUT_FLD>X</INPUT_FLD>
       <OUTPUT_FLD>X</OUTPUT_FLD>
      </RPY_DYFATC>
      <RPY_DYFATC>
       <CONT_TYPE>TABLE_CTRL</CONT_TYPE>
       <CONT_NAME>TCTRL_ZDBS_T001</CONT_NAME>
       <TYPE>TEMPLATE</TYPE>
       <NAME>ZDBS_T001-BLDAT</NAME>
       <TEXT>__________</TEXT>
       <LINE>001</LINE>
       <COLUMN>014</COLUMN>
       <LENGTH>010</LENGTH>
       <VISLENGTH>015</VISLENGTH>
       <HEIGHT>001</HEIGHT>
       <FORMAT>DATS</FORMAT>
       <FROM_DICT>X</FROM_DICT>
       <MODIFIC>X</MODIFIC>
       <INPUT_FLD>X</INPUT_FLD>
       <OUTPUT_FLD>X</OUTPUT_FLD>
      </RPY_DYFATC>
      <RPY_DYFATC>
       <CONT_TYPE>TABLE_CTRL</CONT_TYPE>
       <CONT_NAME>TCTRL_ZDBS_T001</CONT_NAME>
       <TYPE>TEMPLATE</TYPE>
       <NAME>ZDBS_T001-NETDT</NAME>
       <TEXT>__________</TEXT>
       <LINE>001</LINE>
       <COLUMN>015</COLUMN>
       <LENGTH>010</LENGTH>
       <VISLENGTH>015</VISLENGTH>
       <HEIGHT>001</HEIGHT>
       <FORMAT>DATS</FORMAT>
       <FROM_DICT>X</FROM_DICT>
       <MODIFIC>X</MODIFIC>
       <INPUT_FLD>X</INPUT_FLD>
       <OUTPUT_FLD>X</OUTPUT_FLD>
      </RPY_DYFATC>
      <RPY_DYFATC>
       <CONT_TYPE>TABLE_CTRL</CONT_TYPE>
       <CONT_NAME>TCTRL_ZDBS_T001</CONT_NAME>
       <TYPE>TEMPLATE</TYPE>
       <NAME>ZDBS_T001-OLD_NETDT</NAME>
       <TEXT>__________</TEXT>
       <LINE>001</LINE>
       <COLUMN>016</COLUMN>
       <LENGTH>010</LENGTH>
       <VISLENGTH>010</VISLENGTH>
       <HEIGHT>001</HEIGHT>
       <FORMAT>DATS</FORMAT>
       <FROM_DICT>X</FROM_DICT>
       <MODIFIC>X</MODIFIC>
       <INPUT_FLD>X</INPUT_FLD>
       <OUTPUT_FLD>X</OUTPUT_FLD>
      </RPY_DYFATC>
      <RPY_DYFATC>
       <CONT_TYPE>TABLE_CTRL</CONT_TYPE>
       <CONT_NAME>TCTRL_ZDBS_T001</CONT_NAME>
       <TYPE>TEMPLATE</TYPE>
       <NAME>ZDBS_T001-XREF1</NAME>
       <TEXT>____________</TEXT>
       <LINE>001</LINE>
       <COLUMN>017</COLUMN>
       <LENGTH>012</LENGTH>
       <VISLENGTH>012</VISLENGTH>
       <HEIGHT>001</HEIGHT>
       <FORMAT>CHAR</FORMAT>
       <FROM_DICT>X</FROM_DICT>
       <MODIFIC>X</MODIFIC>
       <INPUT_FLD>X</INPUT_FLD>
       <OUTPUT_FLD>X</OUTPUT_FLD>
      </RPY_DYFATC>
      <RPY_DYFATC>
       <CONT_TYPE>TABLE_CTRL</CONT_TYPE>
       <CONT_NAME>TCTRL_ZDBS_T001</CONT_NAME>
       <TYPE>TEMPLATE</TYPE>
       <NAME>ZDBS_T001-DMBTR</NAME>
       <TEXT>________________</TEXT>
       <LINE>001</LINE>
       <COLUMN>018</COLUMN>
       <LENGTH>016</LENGTH>
       <VISLENGTH>016</VISLENGTH>
       <HEIGHT>001</HEIGHT>
       <FORMAT>CURR</FORMAT>
       <FROM_DICT>X</FROM_DICT>
       <MODIFIC>X</MODIFIC>
       <INPUT_FLD>X</INPUT_FLD>
       <OUTPUT_FLD>X</OUTPUT_FLD>
       <REF_FIELD>ZDBS_T001-WAERS</REF_FIELD>
      </RPY_DYFATC>
      <RPY_DYFATC>
       <CONT_TYPE>TABLE_CTRL</CONT_TYPE>
       <CONT_NAME>TCTRL_ZDBS_T001</CONT_NAME>
       <TYPE>TEMPLATE</TYPE>
       <NAME>ZDBS_T001-WRBTR</NAME>
       <TEXT>________________</TEXT>
       <LINE>001</LINE>
       <COLUMN>019</COLUMN>
       <LENGTH>016</LENGTH>
       <VISLENGTH>016</VISLENGTH>
       <HEIGHT>001</HEIGHT>
       <FORMAT>CURR</FORMAT>
       <FROM_DICT>X</FROM_DICT>
       <MODIFIC>X</MODIFIC>
       <INPUT_FLD>X</INPUT_FLD>
       <OUTPUT_FLD>X</OUTPUT_FLD>
       <REF_FIELD>ZDBS_T001-WAERS</REF_FIELD>
      </RPY_DYFATC>
      <RPY_DYFATC>
       <CONT_TYPE>TABLE_CTRL</CONT_TYPE>
       <CONT_NAME>TCTRL_ZDBS_T001</CONT_NAME>
       <TYPE>TEMPLATE</TYPE>
       <NAME>ZDBS_T001-WAERS</NAME>
       <TEXT>_____</TEXT>
       <LINE>001</LINE>
       <COLUMN>020</COLUMN>
       <LENGTH>005</LENGTH>
       <VISLENGTH>005</VISLENGTH>
       <HEIGHT>001</HEIGHT>
       <FORMAT>CUKY</FORMAT>
       <FROM_DICT>X</FROM_DICT>
       <MODIFIC>X</MODIFIC>
       <PARAM_ID>FWS</PARAM_ID>
       <INPUT_FLD>X</INPUT_FLD>
       <OUTPUT_FLD>X</OUTPUT_FLD>
      </RPY_DYFATC>
      <RPY_DYFATC>
       <CONT_TYPE>TABLE_CTRL</CONT_TYPE>
       <CONT_NAME>TCTRL_ZDBS_T001</CONT_NAME>
       <TYPE>TEMPLATE</TYPE>
       <NAME>ZDBS_T001-DMBTR_DBS</NAME>
       <TEXT>________________</TEXT>
       <LINE>001</LINE>
       <COLUMN>021</COLUMN>
       <LENGTH>016</LENGTH>
       <VISLENGTH>016</VISLENGTH>
       <HEIGHT>001</HEIGHT>
       <FORMAT>CURR</FORMAT>
       <FROM_DICT>X</FROM_DICT>
       <MODIFIC>X</MODIFIC>
       <INPUT_FLD>X</INPUT_FLD>
       <OUTPUT_FLD>X</OUTPUT_FLD>
       <REF_FIELD>ZDBS_T001-WAERS</REF_FIELD>
      </RPY_DYFATC>
      <RPY_DYFATC>
       <CONT_TYPE>TABLE_CTRL</CONT_TYPE>
       <CONT_NAME>TCTRL_ZDBS_T001</CONT_NAME>
       <TYPE>TEMPLATE</TYPE>
       <NAME>ZDBS_T001-DMBTR_TAH</NAME>
       <TEXT>________________</TEXT>
       <LINE>001</LINE>
       <COLUMN>022</COLUMN>
       <LENGTH>016</LENGTH>
       <VISLENGTH>016</VISLENGTH>
       <HEIGHT>001</HEIGHT>
       <FORMAT>CURR</FORMAT>
       <FROM_DICT>X</FROM_DICT>
       <MODIFIC>X</MODIFIC>
       <INPUT_FLD>X</INPUT_FLD>
       <OUTPUT_FLD>X</OUTPUT_FLD>
       <REF_FIELD>ZDBS_T001-WAERS</REF_FIELD>
      </RPY_DYFATC>
      <RPY_DYFATC>
       <CONT_TYPE>TABLE_CTRL</CONT_TYPE>
       <CONT_NAME>TCTRL_ZDBS_T001</CONT_NAME>
       <TYPE>TEMPLATE</TYPE>
       <NAME>ZDBS_T001-BUDAT_TAH</NAME>
       <TEXT>__________</TEXT>
       <LINE>001</LINE>
       <COLUMN>023</COLUMN>
       <LENGTH>010</LENGTH>
       <VISLENGTH>010</VISLENGTH>
       <HEIGHT>001</HEIGHT>
       <FORMAT>DATS</FORMAT>
       <FROM_DICT>X</FROM_DICT>
       <MODIFIC>X</MODIFIC>
       <INPUT_FLD>X</INPUT_FLD>
       <OUTPUT_FLD>X</OUTPUT_FLD>
      </RPY_DYFATC>
      <RPY_DYFATC>
       <CONT_TYPE>TABLE_CTRL</CONT_TYPE>
       <CONT_NAME>TCTRL_ZDBS_T001</CONT_NAME>
       <TYPE>TEMPLATE</TYPE>
       <NAME>ZDBS_T001-DBSST</NAME>
       <TEXT>__</TEXT>
       <DROPDOWN>L</DROPDOWN>
       <LINE>001</LINE>
       <COLUMN>024</COLUMN>
       <LENGTH>002</LENGTH>
       <VISLENGTH>030</VISLENGTH>
       <HEIGHT>001</HEIGHT>
       <FORMAT>CHAR</FORMAT>
       <FROM_DICT>X</FROM_DICT>
       <MODIFIC>X</MODIFIC>
       <INPUT_FLD>X</INPUT_FLD>
       <OUTPUT_FLD>X</OUTPUT_FLD>
       <DICT_I_VAL>X</DICT_I_VAL>
      </RPY_DYFATC>
      <RPY_DYFATC>
       <CONT_TYPE>TABLE_CTRL</CONT_TYPE>
       <CONT_NAME>TCTRL_ZDBS_T001</CONT_NAME>
       <TYPE>TEMPLATE</TYPE>
       <NAME>ZDBS_T001-BELNR_T</NAME>
       <TEXT>__________</TEXT>
       <LINE>001</LINE>
       <COLUMN>025</COLUMN>
       <LENGTH>010</LENGTH>
       <VISLENGTH>010</VISLENGTH>
       <HEIGHT>001</HEIGHT>
       <FORMAT>CHAR</FORMAT>
       <FROM_DICT>X</FROM_DICT>
       <MODIFIC>X</MODIFIC>
       <CONV_EXIT>ALPHA</CONV_EXIT>
       <INPUT_FLD>X</INPUT_FLD>
       <OUTPUT_FLD>X</OUTPUT_FLD>
      </RPY_DYFATC>
      <RPY_DYFATC>
       <CONT_TYPE>TABLE_CTRL</CONT_TYPE>
       <CONT_NAME>TCTRL_ZDBS_T001</CONT_NAME>
       <TYPE>TEMPLATE</TYPE>
       <NAME>ZDBS_T001-GJAHR_T</NAME>
       <TEXT>____</TEXT>
       <LINE>001</LINE>
       <COLUMN>026</COLUMN>
       <LENGTH>004</LENGTH>
       <VISLENGTH>010</VISLENGTH>
       <HEIGHT>001</HEIGHT>
       <FORMAT>NUMC</FORMAT>
       <FROM_DICT>X</FROM_DICT>
       <MODIFIC>X</MODIFIC>
       <CONV_EXIT>GJAHR</CONV_EXIT>
       <INPUT_FLD>X</INPUT_FLD>
       <OUTPUT_FLD>X</OUTPUT_FLD>
      </RPY_DYFATC>
      <RPY_DYFATC>
       <CONT_TYPE>TABLE_CTRL</CONT_TYPE>
       <CONT_NAME>TCTRL_ZDBS_T001</CONT_NAME>
       <TYPE>TEMPLATE</TYPE>
       <NAME>ZDBS_T001-BELNR_P</NAME>
       <TEXT>__________</TEXT>
       <LINE>001</LINE>
       <COLUMN>027</COLUMN>
       <LENGTH>010</LENGTH>
       <VISLENGTH>010</VISLENGTH>
       <HEIGHT>001</HEIGHT>
       <FORMAT>CHAR</FORMAT>
       <FROM_DICT>X</FROM_DICT>
       <MODIFIC>X</MODIFIC>
       <CONV_EXIT>ALPHA</CONV_EXIT>
       <INPUT_FLD>X</INPUT_FLD>
       <OUTPUT_FLD>X</OUTPUT_FLD>
      </RPY_DYFATC>
      <RPY_DYFATC>
       <CONT_TYPE>TABLE_CTRL</CONT_TYPE>
       <CONT_NAME>TCTRL_ZDBS_T001</CONT_NAME>
       <TYPE>TEMPLATE</TYPE>
       <NAME>ZDBS_T001-GJAHR_P</NAME>
       <TEXT>____</TEXT>
       <LINE>001</LINE>
       <COLUMN>028</COLUMN>
       <LENGTH>004</LENGTH>
       <VISLENGTH>010</VISLENGTH>
       <HEIGHT>001</HEIGHT>
       <FORMAT>NUMC</FORMAT>
       <FROM_DICT>X</FROM_DICT>
       <MODIFIC>X</MODIFIC>
       <CONV_EXIT>GJAHR</CONV_EXIT>
       <INPUT_FLD>X</INPUT_FLD>
       <OUTPUT_FLD>X</OUTPUT_FLD>
      </RPY_DYFATC>
      <RPY_DYFATC>
       <CONT_TYPE>TABLE_CTRL</CONT_TYPE>
       <CONT_NAME>TCTRL_ZDBS_T001</CONT_NAME>
       <TYPE>TEMPLATE</TYPE>
       <NAME>ZDBS_T001-ERNAM</NAME>
       <TEXT>____________</TEXT>
       <LINE>001</LINE>
       <COLUMN>029</COLUMN>
       <LENGTH>012</LENGTH>
       <VISLENGTH>012</VISLENGTH>
       <HEIGHT>001</HEIGHT>
       <FORMAT>CHAR</FORMAT>
       <FROM_DICT>X</FROM_DICT>
       <MODIFIC>X</MODIFIC>
       <INPUT_FLD>X</INPUT_FLD>
       <OUTPUT_FLD>X</OUTPUT_FLD>
      </RPY_DYFATC>
      <RPY_DYFATC>
       <CONT_TYPE>TABLE_CTRL</CONT_TYPE>
       <CONT_NAME>TCTRL_ZDBS_T001</CONT_NAME>
       <TYPE>TEMPLATE</TYPE>
       <NAME>ZDBS_T001-ERDAT</NAME>
       <TEXT>__________</TEXT>
       <LINE>001</LINE>
       <COLUMN>030</COLUMN>
       <LENGTH>010</LENGTH>
       <VISLENGTH>010</VISLENGTH>
       <HEIGHT>001</HEIGHT>
       <FORMAT>DATS</FORMAT>
       <FROM_DICT>X</FROM_DICT>
       <MODIFIC>X</MODIFIC>
       <INPUT_FLD>X</INPUT_FLD>
       <OUTPUT_FLD>X</OUTPUT_FLD>
      </RPY_DYFATC>
      <RPY_DYFATC>
       <CONT_TYPE>TABLE_CTRL</CONT_TYPE>
       <CONT_NAME>TCTRL_ZDBS_T001</CONT_NAME>
       <TYPE>TEMPLATE</TYPE>
       <NAME>ZDBS_T001-ERZET</NAME>
       <TEXT>________</TEXT>
       <LINE>001</LINE>
       <COLUMN>031</COLUMN>
       <LENGTH>008</LENGTH>
       <VISLENGTH>015</VISLENGTH>
       <HEIGHT>001</HEIGHT>
       <FORMAT>TIMS</FORMAT>
       <FROM_DICT>X</FROM_DICT>
       <MODIFIC>X</MODIFIC>
       <INPUT_FLD>X</INPUT_FLD>
       <OUTPUT_FLD>X</OUTPUT_FLD>
      </RPY_DYFATC>
      <RPY_DYFATC>
       <CONT_TYPE>TABLE_CTRL</CONT_TYPE>
       <CONT_NAME>TCTRL_ZDBS_T001</CONT_NAME>
       <TYPE>TEMPLATE</TYPE>
       <NAME>ZDBS_T001-MTYPE</NAME>
       <TEXT>_</TEXT>
       <LINE>001</LINE>
       <COLUMN>032</COLUMN>
       <LENGTH>001</LENGTH>
       <VISLENGTH>007</VISLENGTH>
       <HEIGHT>001</HEIGHT>
       <FORMAT>CHAR</FORMAT>
       <FROM_DICT>X</FROM_DICT>
       <MODIFIC>X</MODIFIC>
       <INPUT_FLD>X</INPUT_FLD>
       <OUTPUT_FLD>X</OUTPUT_FLD>
      </RPY_DYFATC>
      <RPY_DYFATC>
       <CONT_TYPE>TABLE_CTRL</CONT_TYPE>
       <CONT_NAME>TCTRL_ZDBS_T001</CONT_NAME>
       <TYPE>TEMPLATE</TYPE>
       <NAME>ZDBS_T001-MESSAGE</NAME>
       <TEXT>____________________________________________________________________________________________________________________________________</TEXT>
       <LINE>001</LINE>
       <COLUMN>033</COLUMN>
       <LENGTH>220</LENGTH>
       <VISLENGTH>220</VISLENGTH>
       <HEIGHT>001</HEIGHT>
       <FORMAT>CHAR</FORMAT>
       <FROM_DICT>X</FROM_DICT>
       <MODIFIC>X</MODIFIC>
       <INPUT_FLD>X</INPUT_FLD>
       <OUTPUT_FLD>X</OUTPUT_FLD>
      </RPY_DYFATC>
      <RPY_DYFATC>
       <CONT_TYPE>TABLE_CTRL</CONT_TYPE>
       <CONT_NAME>TCTRL_ZDBS_T001</CONT_NAME>
       <TYPE>TEMPLATE</TYPE>
       <NAME>ZDBS_T001-RETCD</NAME>
       <TEXT>__________</TEXT>
       <LINE>001</LINE>
       <COLUMN>034</COLUMN>
       <LENGTH>010</LENGTH>
       <VISLENGTH>010</VISLENGTH>
       <HEIGHT>001</HEIGHT>
       <FORMAT>CHAR</FORMAT>
       <FROM_DICT>X</FROM_DICT>
       <MODIFIC>X</MODIFIC>
       <INPUT_FLD>X</INPUT_FLD>
       <OUTPUT_FLD>X</OUTPUT_FLD>
      </RPY_DYFATC>
      <RPY_DYFATC>
       <CONT_TYPE>TABLE_CTRL</CONT_TYPE>
       <CONT_NAME>TCTRL_ZDBS_T001</CONT_NAME>
       <TYPE>TEMPLATE</TYPE>
       <NAME>ZDBS_T001-RETXT</NAME>
       <TEXT>____________________________________________________________________________________________________________________________________</TEXT>
       <LINE>001</LINE>
       <COLUMN>035</COLUMN>
       <LENGTH>200</LENGTH>
       <VISLENGTH>200</VISLENGTH>
       <HEIGHT>001</HEIGHT>
       <FORMAT>CHAR</FORMAT>
       <FROM_DICT>X</FROM_DICT>
       <MODIFIC>X</MODIFIC>
       <UP_LOWER>X</UP_LOWER>
       <INPUT_FLD>X</INPUT_FLD>
       <OUTPUT_FLD>X</OUTPUT_FLD>
      </RPY_DYFATC>
      <RPY_DYFATC>
       <CONT_TYPE>TABLE_CTRL</CONT_TYPE>
       <CONT_NAME>TCTRL_ZDBS_T001</CONT_NAME>
       <TYPE>TEMPLATE</TYPE>
       <NAME>ZDBS_T001-DUMMY</NAME>
       <TEXT>_</TEXT>
       <LINE>001</LINE>
       <COLUMN>036</COLUMN>
       <LENGTH>001</LENGTH>
       <VISLENGTH>001</VISLENGTH>
       <HEIGHT>001</HEIGHT>
       <FORMAT>CHAR</FORMAT>
       <FROM_DICT>X</FROM_DICT>
       <MODIFIC>X</MODIFIC>
       <INPUT_FLD>X</INPUT_FLD>
       <OUTPUT_FLD>X</OUTPUT_FLD>
      </RPY_DYFATC>
      <RPY_DYFATC>
       <CONT_TYPE>TABLE_CTRL</CONT_TYPE>
       <CONT_NAME>TCTRL_ZDBS_T001</CONT_NAME>
       <TYPE>TEMPLATE</TYPE>
       <NAME>ZDBS_T001-TEB_ODEME_KOD</NAME>
       <TEXT>__________________________________________________</TEXT>
       <LINE>001</LINE>
       <COLUMN>037</COLUMN>
       <LENGTH>050</LENGTH>
       <VISLENGTH>050</VISLENGTH>
       <HEIGHT>001</HEIGHT>
       <FORMAT>CHAR</FORMAT>
       <FROM_DICT>X</FROM_DICT>
       <MODIFIC>X</MODIFIC>
       <UP_LOWER>X</UP_LOWER>
       <INPUT_FLD>X</INPUT_FLD>
       <OUTPUT_FLD>X</OUTPUT_FLD>
      </RPY_DYFATC>
      <RPY_DYFATC>
       <CONT_TYPE>TABLE_CTRL</CONT_TYPE>
       <CONT_NAME>TCTRL_ZDBS_T001</CONT_NAME>
       <TYPE>TEMPLATE</TYPE>
       <NAME>ZDBS_T001-GRN_BATCH_ID</NAME>
       <TEXT>_____________</TEXT>
       <LINE>001</LINE>
       <COLUMN>038</COLUMN>
       <LENGTH>013</LENGTH>
       <VISLENGTH>013</VISLENGTH>
       <HEIGHT>001</HEIGHT>
       <FORMAT>NUMC</FORMAT>
       <FROM_DICT>X</FROM_DICT>
       <MODIFIC>X</MODIFIC>
       <INPUT_FLD>X</INPUT_FLD>
       <OUTPUT_FLD>X</OUTPUT_FLD>
      </RPY_DYFATC>
     </FIELDS>
     <FLOW_LOGIC>
      <RPY_DYFLOW>
       <LINE>PROCESS BEFORE OUTPUT.</LINE>
      </RPY_DYFLOW>
      <RPY_DYFLOW>
       <LINE> MODULE LISTE_INITIALISIEREN.</LINE>
      </RPY_DYFLOW>
      <RPY_DYFLOW>
       <LINE> LOOP AT EXTRACT WITH CONTROL</LINE>
      </RPY_DYFLOW>
      <RPY_DYFLOW>
       <LINE>  TCTRL_ZDBS_T001 CURSOR NEXTLINE.</LINE>
      </RPY_DYFLOW>
      <RPY_DYFLOW>
       <LINE>   MODULE LISTE_SHOW_LISTE.</LINE>
      </RPY_DYFLOW>
      <RPY_DYFLOW>
       <LINE> ENDLOOP.</LINE>
      </RPY_DYFLOW>
      <RPY_DYFLOW>
       <LINE>*</LINE>
      </RPY_DYFLOW>
      <RPY_DYFLOW>
       <LINE>PROCESS AFTER INPUT.</LINE>
      </RPY_DYFLOW>
      <RPY_DYFLOW>
       <LINE> MODULE LISTE_EXIT_COMMAND AT EXIT-COMMAND.</LINE>
      </RPY_DYFLOW>
      <RPY_DYFLOW>
       <LINE> MODULE LISTE_BEFORE_LOOP.</LINE>
      </RPY_DYFLOW>
      <RPY_DYFLOW>
       <LINE> LOOP AT EXTRACT.</LINE>
      </RPY_DYFLOW>
      <RPY_DYFLOW>
       <LINE>   MODULE LISTE_INIT_WORKAREA.</LINE>
      </RPY_DYFLOW>
      <RPY_DYFLOW>
       <LINE>   CHAIN.</LINE>
      </RPY_DYFLOW>
      <RPY_DYFLOW>
       <LINE>    FIELD ZDBS_T001-BUKRS .</LINE>
      </RPY_DYFLOW>
      <RPY_DYFLOW>
       <LINE>    FIELD ZDBS_T001-HBKID .</LINE>
      </RPY_DYFLOW>
      <RPY_DYFLOW>
       <LINE>    FIELD ZDBS_T001-BELNR .</LINE>
      </RPY_DYFLOW>
      <RPY_DYFLOW>
       <LINE>    FIELD ZDBS_T001-GJAHR .</LINE>
      </RPY_DYFLOW>
      <RPY_DYFLOW>
       <LINE>    FIELD ZDBS_T001-BUZEI .</LINE>
      </RPY_DYFLOW>
      <RPY_DYFLOW>
       <LINE>    FIELD ZDBS_T001-INVNO .</LINE>
      </RPY_DYFLOW>
      <RPY_DYFLOW>
       <LINE>    FIELD ZDBS_T001-DBSTY .</LINE>
      </RPY_DYFLOW>
      <RPY_DYFLOW>
       <LINE>    FIELD ZDBS_T001-KUNNR .</LINE>
      </RPY_DYFLOW>
      <RPY_DYFLOW>
       <LINE>    FIELD ZDBS_T001-NAME1 .</LINE>
      </RPY_DYFLOW>
      <RPY_DYFLOW>
       <LINE>    FIELD ZDBS_T001-BANKA_MUS .</LINE>
      </RPY_DYFLOW>
      <RPY_DYFLOW>
       <LINE>    FIELD ZDBS_T001-HKTID .</LINE>
      </RPY_DYFLOW>
      <RPY_DYFLOW>
       <LINE>    FIELD ZDBS_T001-XBLNR .</LINE>
      </RPY_DYFLOW>
      <RPY_DYFLOW>
       <LINE>    FIELD ZDBS_T001-BUDAT .</LINE>
      </RPY_DYFLOW>
      <RPY_DYFLOW>
       <LINE>    FIELD ZDBS_T001-BLDAT .</LINE>
      </RPY_DYFLOW>
      <RPY_DYFLOW>
       <LINE>    FIELD ZDBS_T001-NETDT .</LINE>
      </RPY_DYFLOW>
      <RPY_DYFLOW>
       <LINE>    FIELD ZDBS_T001-OLD_NETDT .</LINE>
      </RPY_DYFLOW>
      <RPY_DYFLOW>
       <LINE>    FIELD ZDBS_T001-XREF1 .</LINE>
      </RPY_DYFLOW>
      <RPY_DYFLOW>
       <LINE>    FIELD ZDBS_T001-DMBTR .</LINE>
      </RPY_DYFLOW>
      <RPY_DYFLOW>
       <LINE>    FIELD ZDBS_T001-WRBTR .</LINE>
      </RPY_DYFLOW>
      <RPY_DYFLOW>
       <LINE>    FIELD ZDBS_T001-WAERS .</LINE>
      </RPY_DYFLOW>
      <RPY_DYFLOW>
       <LINE>    FIELD ZDBS_T001-DMBTR_DBS .</LINE>
      </RPY_DYFLOW>
      <RPY_DYFLOW>
       <LINE>    FIELD ZDBS_T001-DMBTR_TAH .</LINE>
      </RPY_DYFLOW>
      <RPY_DYFLOW>
       <LINE>    FIELD ZDBS_T001-BUDAT_TAH .</LINE>
      </RPY_DYFLOW>
      <RPY_DYFLOW>
       <LINE>    FIELD ZDBS_T001-DBSST .</LINE>
      </RPY_DYFLOW>
      <RPY_DYFLOW>
       <LINE>    FIELD ZDBS_T001-BELNR_T .</LINE>
      </RPY_DYFLOW>
      <RPY_DYFLOW>
       <LINE>    FIELD ZDBS_T001-GJAHR_T .</LINE>
      </RPY_DYFLOW>
      <RPY_DYFLOW>
       <LINE>    FIELD ZDBS_T001-BELNR_P .</LINE>
      </RPY_DYFLOW>
      <RPY_DYFLOW>
       <LINE>    FIELD ZDBS_T001-GJAHR_P .</LINE>
      </RPY_DYFLOW>
      <RPY_DYFLOW>
       <LINE>    FIELD ZDBS_T001-ERNAM .</LINE>
      </RPY_DYFLOW>
      <RPY_DYFLOW>
       <LINE>    FIELD ZDBS_T001-ERDAT .</LINE>
      </RPY_DYFLOW>
      <RPY_DYFLOW>
       <LINE>    FIELD ZDBS_T001-ERZET .</LINE>
      </RPY_DYFLOW>
      <RPY_DYFLOW>
       <LINE>    FIELD ZDBS_T001-MTYPE .</LINE>
      </RPY_DYFLOW>
      <RPY_DYFLOW>
       <LINE>    FIELD ZDBS_T001-MESSAGE .</LINE>
      </RPY_DYFLOW>
      <RPY_DYFLOW>
       <LINE>    FIELD ZDBS_T001-RETCD .</LINE>
      </RPY_DYFLOW>
      <RPY_DYFLOW>
       <LINE>    FIELD ZDBS_T001-RETXT .</LINE>
      </RPY_DYFLOW>
      <RPY_DYFLOW>
       <LINE>    FIELD ZDBS_T001-DUMMY .</LINE>
      </RPY_DYFLOW>
      <RPY_DYFLOW>
       <LINE>    FIELD ZDBS_T001-TEB_ODEME_KOD .</LINE>
      </RPY_DYFLOW>
      <RPY_DYFLOW>
       <LINE>    FIELD ZDBS_T001-GRN_BATCH_ID .</LINE>
      </RPY_DYFLOW>
      <RPY_DYFLOW>
       <LINE>    MODULE SET_UPDATE_FLAG ON CHAIN-REQUEST.</LINE>
      </RPY_DYFLOW>
      <RPY_DYFLOW>
       <LINE>   ENDCHAIN.</LINE>
      </RPY_DYFLOW>
      <RPY_DYFLOW>
       <LINE>   FIELD VIM_MARKED MODULE LISTE_MARK_CHECKBOX.</LINE>
      </RPY_DYFLOW>
      <RPY_DYFLOW>
       <LINE>   CHAIN.</LINE>
      </RPY_DYFLOW>
      <RPY_DYFLOW>
       <LINE>    FIELD ZDBS_T001-BUKRS .</LINE>
      </RPY_DYFLOW>
      <RPY_DYFLOW>
       <LINE>    FIELD ZDBS_T001-HBKID .</LINE>
      </RPY_DYFLOW>
      <RPY_DYFLOW>
       <LINE>    FIELD ZDBS_T001-BELNR .</LINE>
      </RPY_DYFLOW>
      <RPY_DYFLOW>
       <LINE>    FIELD ZDBS_T001-GJAHR .</LINE>
      </RPY_DYFLOW>
      <RPY_DYFLOW>
       <LINE>    FIELD ZDBS_T001-BUZEI .</LINE>
      </RPY_DYFLOW>
      <RPY_DYFLOW>
       <LINE>    MODULE LISTE_UPDATE_LISTE.</LINE>
      </RPY_DYFLOW>
      <RPY_DYFLOW>
       <LINE>   ENDCHAIN.</LINE>
      </RPY_DYFLOW>
      <RPY_DYFLOW>
       <LINE> ENDLOOP.</LINE>
      </RPY_DYFLOW>
      <RPY_DYFLOW>
       <LINE> MODULE LISTE_AFTER_LOOP.</LINE>
      </RPY_DYFLOW>
     </FLOW_LOGIC>
    </item>
   </DYNPROS>
  </asx:values>
 </asx:abap>
</abapGit>
