﻿<?xml version="1.0" encoding="utf-8"?>
<abapGit version="v1.0.0" serializer="LCL_OBJECT_DOMA" serializer_version="v1.0.0">
 <asx:abap xmlns:asx="http://www.sap.com/abapxml" version="1.0">
  <asx:values>
   <DD01V>
    <DOMNAME>ZDBS_DM002</DOMNAME>
    <DDLANGUAGE>T</DDLANGUAGE>
    <DATATYPE>CHAR</DATATYPE>
    <LENG>000002</LENG>
    <OUTPUTLEN>000002</OUTPUTLEN>
    <VALEXI>X</VALEXI>
    <DDTEXT>DBS Statu</DDTEXT>
   </DD01V>
   <DD07V_TAB>
    <DD07V>
     <DOMNAME>ZDBS_DM002</DOMNAME>
     <VALPOS>0001</VALPOS>
     <DDLANGUAGE>T</DDLANGUAGE>
     <DOMVALUE_L>01</DOMVALUE_L>
     <DDTEXT>Yeni</DDTEXT>
    </DD07V>
    <DD07V>
     <DOMNAME>ZDBS_DM002</DOMNAME>
     <VALPOS>0002</VALPOS>
     <DDLANGUAGE>T</DDLANGUAGE>
     <DOMVALUE_L>02</DOMVALUE_L>
     <DDTEXT>Gönderildi</DDTEXT>
    </DD07V>
    <DD07V>
     <DOMNAME>ZDBS_DM002</DOMNAME>
     <VALPOS>0003</VALPOS>
     <DDLANGUAGE>T</DDLANGUAGE>
     <DOMVALUE_L>03</DOMVALUE_L>
     <DDTEXT>Tahsil edildi</DDTEXT>
    </DD07V>
    <DD07V>
     <DOMNAME>ZDBS_DM002</DOMNAME>
     <VALPOS>0004</VALPOS>
     <DDLANGUAGE>T</DDLANGUAGE>
     <DOMVALUE_L>04</DOMVALUE_L>
     <DDTEXT>İptal edildi</DDTEXT>
    </DD07V>
    <DD07V>
     <DOMNAME>ZDBS_DM002</DOMNAME>
     <VALPOS>0005</VALPOS>
     <DDLANGUAGE>T</DDLANGUAGE>
     <DOMVALUE_L>05</DOMVALUE_L>
     <DDTEXT>Hatalı</DDTEXT>
    </DD07V>
    <DD07V>
     <DOMNAME>ZDBS_DM002</DOMNAME>
     <VALPOS>0006</VALPOS>
     <DDLANGUAGE>T</DDLANGUAGE>
     <DOMVALUE_L>06</DOMVALUE_L>
     <DDTEXT>Vade güncellendi</DDTEXT>
    </DD07V>
   </DD07V_TAB>
  </asx:values>
 </asx:abap>
</abapGit>
