﻿<?xml version="1.0" encoding="utf-8"?>
<abapGit version="v1.0.0" serializer="LCL_OBJECT_DTEL" serializer_version="v1.0.0">
 <asx:abap xmlns:asx="http://www.sap.com/abapxml" version="1.0">
  <asx:values>
   <DD04V>
    <ROLLNAME>ZDBS_DE005</ROLLNAME>
    <DDLANGUAGE>T</DDLANGUAGE>
    <DOMNAME>WERT7</DOMNAME>
    <HEADLEN>55</HEADLEN>
    <SCRLEN1>10</SCRLEN1>
    <SCRLEN2>20</SCRLEN2>
    <SCRLEN3>40</SCRLEN3>
    <DDTEXT>Kullanılabilir limit</DDTEXT>
    <REPTEXT>Kullanılabilir limit</REPTEXT>
    <SCRTEXT_S>Kul.limit</SCRTEXT_S>
    <SCRTEXT_M>Kullanılabilir limit</SCRTEXT_M>
    <SCRTEXT_L>Kullanılabilir limit</SCRTEXT_L>
    <DTELMASTER>T</DTELMASTER>
    <REFKIND>D</REFKIND>
   </DD04V>
  </asx:values>
 </asx:abap>
</abapGit>
